B|minecraft:air||0
B|minecraft:stone||1
B|minecraft:granite||1
B|minecraft:polished_granite||1
B|minecraft:diorite||1
B|minecraft:polished_diorite||1
B|minecraft:andesite||1
B|minecraft:polished_andesite||1
B|minecraft:grass_block|snowy=false,true|1
B|minecraft:dirt||1
B|minecraft:coarse_dirt||1
B|minecraft:podzol|snowy=false,true|1
B|minecraft:cobblestone||1
B|minecraft:oak_planks||1
B|minecraft:spruce_planks||1
B|minecraft:birch_planks||1
B|minecraft:jungle_planks||1
B|minecraft:acacia_planks||1
B|minecraft:cherry_planks||1
B|minecraft:dark_oak_planks||1
B|minecraft:pale_oak_wood|axis=x,y,z|1
B|minecraft:pale_oak_planks||1
B|minecraft:mangrove_planks||1
B|minecraft:bamboo_planks||1
B|minecraft:bamboo_mosaic||1
B|minecraft:oak_sapling|stage=0,1|0
B|minecraft:spruce_sapling|stage=0,1|0
B|minecraft:birch_sapling|stage=0,1|0
B|minecraft:jungle_sapling|stage=0,1|0
B|minecraft:acacia_sapling|stage=0,1|0
B|minecraft:cherry_sapling|stage=0,1|0
B|minecraft:dark_oak_sapling|stage=0,1|0
B|minecraft:pale_oak_sapling|stage=0,1|0
B|minecraft:mangrove_propagule|age=0,1,2,3,4;hanging=false,true;stage=0,1;waterlogged=false,true|0
B|minecraft:bedrock||1
B|minecraft:water|level=0,1,2,3,4,5,6,7,8,9,10,11,12,13,14,15|0
B|minecraft:lava|level=0,1,2,3,4,5,6,7,8,9,10,11,12,13,14,15|0
B|minecraft:sand||1
B|minecraft:suspicious_sand|dusted=0,1,2,3|1
B|minecraft:red_sand||1
B|minecraft:gravel||1
B|minecraft:suspicious_gravel|dusted=0,1,2,3|1
B|minecraft:gold_ore||1
B|minecraft:deepslate_gold_ore||1
B|minecraft:iron_ore||1
B|minecraft:deepslate_iron_ore||1
B|minecraft:coal_ore||1
B|minecraft:deepslate_coal_ore||1
B|minecraft:nether_gold_ore||1
B|minecraft:oak_log|axis=x,y,z|1
B|minecraft:spruce_log|axis=x,y,z|1
B|minecraft:birch_log|axis=x,y,z|1
B|minecraft:jungle_log|axis=x,y,z|1
B|minecraft:acacia_log|axis=x,y,z|1
B|minecraft:cherry_log|axis=x,y,z|1
B|minecraft:dark_oak_log|axis=x,y,z|1
B|minecraft:pale_oak_log|axis=x,y,z|1
B|minecraft:mangrove_log|axis=x,y,z|1
B|minecraft:mangrove_roots|waterlogged=false,true|1
B|minecraft:muddy_mangrove_roots|axis=x,y,z|1
B|minecraft:bamboo_block|axis=x,y,z|1
B|minecraft:stripped_spruce_log|axis=x,y,z|1
B|minecraft:stripped_birch_log|axis=x,y,z|1
B|minecraft:stripped_jungle_log|axis=x,y,z|1
B|minecraft:stripped_acacia_log|axis=x,y,z|1
B|minecraft:stripped_cherry_log|axis=x,y,z|1
B|minecraft:stripped_dark_oak_log|axis=x,y,z|1
B|minecraft:stripped_pale_oak_log|axis=x,y,z|1
B|minecraft:stripped_oak_log|axis=x,y,z|1
B|minecraft:stripped_mangrove_log|axis=x,y,z|1
B|minecraft:stripped_bamboo_block|axis=x,y,z|1
B|minecraft:oak_wood|axis=x,y,z|1
B|minecraft:spruce_wood|axis=x,y,z|1
B|minecraft:birch_wood|axis=x,y,z|1
B|minecraft:jungle_wood|axis=x,y,z|1
B|minecraft:acacia_wood|axis=x,y,z|1
B|minecraft:cherry_wood|axis=x,y,z|1
B|minecraft:dark_oak_wood|axis=x,y,z|1
B|minecraft:mangrove_wood|axis=x,y,z|1
B|minecraft:stripped_oak_wood|axis=x,y,z|1
B|minecraft:stripped_spruce_wood|axis=x,y,z|1
B|minecraft:stripped_birch_wood|axis=x,y,z|1
B|minecraft:stripped_jungle_wood|axis=x,y,z|1
B|minecraft:stripped_acacia_wood|axis=x,y,z|1
B|minecraft:stripped_cherry_wood|axis=x,y,z|1
B|minecraft:stripped_dark_oak_wood|axis=x,y,z|1
B|minecraft:stripped_pale_oak_wood|axis=x,y,z|1
B|minecraft:stripped_mangrove_wood|axis=x,y,z|1
B|minecraft:oak_leaves|distance=1,2,3,4,5,6,7;persistent=false,true;waterlogged=false,true|1
B|minecraft:spruce_leaves|distance=1,2,3,4,5,6,7;persistent=false,true;waterlogged=false,true|1
B|minecraft:birch_leaves|distance=1,2,3,4,5,6,7;persistent=false,true;waterlogged=false,true|1
B|minecraft:jungle_leaves|distance=1,2,3,4,5,6,7;persistent=false,true;waterlogged=false,true|1
B|minecraft:acacia_leaves|distance=1,2,3,4,5,6,7;persistent=false,true;waterlogged=false,true|1
B|minecraft:cherry_leaves|distance=1,2,3,4,5,6,7;persistent=false,true;waterlogged=false,true|1
B|minecraft:dark_oak_leaves|distance=1,2,3,4,5,6,7;persistent=false,true;waterlogged=false,true|1
B|minecraft:pale_oak_leaves|distance=1,2,3,4,5,6,7;persistent=false,true;waterlogged=false,true|1
B|minecraft:mangrove_leaves|distance=1,2,3,4,5,6,7;persistent=false,true;waterlogged=false,true|1
B|minecraft:azalea_leaves|distance=1,2,3,4,5,6,7;persistent=false,true;waterlogged=false,true|1
B|minecraft:flowering_azalea_leaves|distance=1,2,3,4,5,6,7;persistent=false,true;waterlogged=false,true|1
B|minecraft:sponge||1
B|minecraft:wet_sponge||1
B|minecraft:glass||1
B|minecraft:lapis_ore||1
B|minecraft:deepslate_lapis_ore||1
B|minecraft:lapis_block||1
B|minecraft:dispenser|facing=north,east,south,west,up,down;triggered=false,true|1
B|minecraft:sandstone||1
B|minecraft:chiseled_sandstone||1
B|minecraft:cut_sandstone||1
B|minecraft:note_block|instrument=harp,basedrum,snare,hat,bass,flute,bell,guitar,chime,xylophone,iron_xylophone,cow_bell,didgeridoo,bit,banjo,pling,zombie,skeleton,creeper,dragon,wither_skeleton,piglin,custom_head;note=0,1,2,3,4,5,6,7,8,9,10,11,12,13,14,15,16,17,18,19,20,21,22,23,24;powered=false,true|1
B|minecraft:white_bed|facing=north,south,west,east;occupied=false,true;part=head,foot|2,3,2,3,3,2,3,2,4,5,4,5,5,4,5,4
B|minecraft:orange_bed|facing=north,south,west,east;occupied=false,true;part=head,foot|2,3,2,3,3,2,3,2,4,5,4,5,5,4,5,4
B|minecraft:magenta_bed|facing=north,south,west,east;occupied=false,true;part=head,foot|2,3,2,3,3,2,3,2,4,5,4,5,5,4,5,4
B|minecraft:light_blue_bed|facing=north,south,west,east;occupied=false,true;part=head,foot|2,3,2,3,3,2,3,2,4,5,4,5,5,4,5,4
B|minecraft:yellow_bed|facing=north,south,west,east;occupied=false,true;part=head,foot|2,3,2,3,3,2,3,2,4,5,4,5,5,4,5,4
B|minecraft:lime_bed|facing=north,south,west,east;occupied=false,true;part=head,foot|2,3,2,3,3,2,3,2,4,5,4,5,5,4,5,4
B|minecraft:pink_bed|facing=north,south,west,east;occupied=false,true;part=head,foot|2,3,2,3,3,2,3,2,4,5,4,5,5,4,5,4
B|minecraft:gray_bed|facing=north,south,west,east;occupied=false,true;part=head,foot|2,3,2,3,3,2,3,2,4,5,4,5,5,4,5,4
B|minecraft:light_gray_bed|facing=north,south,west,east;occupied=false,true;part=head,foot|2,3,2,3,3,2,3,2,4,5,4,5,5,4,5,4
B|minecraft:cyan_bed|facing=north,south,west,east;occupied=false,true;part=head,foot|2,3,2,3,3,2,3,2,4,5,4,5,5,4,5,4
B|minecraft:purple_bed|facing=north,south,west,east;occupied=false,true;part=head,foot|2,3,2,3,3,2,3,2,4,5,4,5,5,4,5,4
B|minecraft:blue_bed|facing=north,south,west,east;occupied=false,true;part=head,foot|2,3,2,3,3,2,3,2,4,5,4,5,5,4,5,4
B|minecraft:brown_bed|facing=north,south,west,east;occupied=false,true;part=head,foot|2,3,2,3,3,2,3,2,4,5,4,5,5,4,5,4
B|minecraft:green_bed|facing=north,south,west,east;occupied=false,true;part=head,foot|2,3,2,3,3,2,3,2,4,5,4,5,5,4,5,4
B|minecraft:red_bed|facing=north,south,west,east;occupied=false,true;part=head,foot|2,3,2,3,3,2,3,2,4,5,4,5,5,4,5,4
B|minecraft:black_bed|facing=north,south,west,east;occupied=false,true;part=head,foot|2,3,2,3,3,2,3,2,4,5,4,5,5,4,5,4
B|minecraft:powered_rail|powered=false,true;shape=north_south,east_west,ascending_east,ascending_west,ascending_north,ascending_south;waterlogged=false,true|0
B|minecraft:detector_rail|powered=false,true;shape=north_south,east_west,ascending_east,ascending_west,ascending_north,ascending_south;waterlogged=false,true|0
B|minecraft:sticky_piston|extended=false,true;facing=north,east,south,west,up,down|6,7,8,9,10,11,1,1,1,1,1,1
B|minecraft:cobweb||0
B|minecraft:short_grass||0
B|minecraft:fern||0
B|minecraft:dead_bush||0
B|minecraft:bush||0
B|minecraft:short_dry_grass||0
B|minecraft:tall_dry_grass||0
B|minecraft:seagrass||0
B|minecraft:tall_seagrass|half=upper,lower|0
B|minecraft:piston|extended=false,true;facing=north,east,south,west,up,down|6,7,8,9,10,11,1,1,1,1,1,1
B|minecraft:piston_head|facing=north,east,south,west,up,down;short=false,true;type=normal,sticky|12,12,13,13,14,14,15,15,16,16,17,17,18,18,19,19,20,20,21,21,22,22,23,23
B|minecraft:white_wool||1
B|minecraft:orange_wool||1
B|minecraft:magenta_wool||1
B|minecraft:light_blue_wool||1
B|minecraft:yellow_wool||1
B|minecraft:lime_wool||1
B|minecraft:pink_wool||1
B|minecraft:gray_wool||1
B|minecraft:light_gray_wool||1
B|minecraft:cyan_wool||1
B|minecraft:purple_wool||1
B|minecraft:blue_wool||1
B|minecraft:brown_wool||1
B|minecraft:green_wool||1
B|minecraft:red_wool||1
B|minecraft:black_wool||1
B|minecraft:moving_piston|facing=north,east,south,west,up,down;type=normal,sticky|0
B|minecraft:dandelion||0
B|minecraft:torchflower||0
B|minecraft:poppy||0
B|minecraft:blue_orchid||0
B|minecraft:allium||0
B|minecraft:azure_bluet||0
B|minecraft:red_tulip||0
B|minecraft:orange_tulip||0
B|minecraft:white_tulip||0
B|minecraft:pink_tulip||0
B|minecraft:oxeye_daisy||0
B|minecraft:cornflower||0
B|minecraft:wither_rose||0
B|minecraft:lily_of_the_valley||0
B|minecraft:brown_mushroom||0
B|minecraft:red_mushroom||0
B|minecraft:gold_block||1
B|minecraft:iron_block||1
B|minecraft:bricks||1
B|minecraft:tnt|unstable=false,true|1
B|minecraft:bookshelf||1
B|minecraft:chiseled_bookshelf|facing=north,south,west,east;slot_0_occupied=false,true;slot_1_occupied=false,true;slot_2_occupied=false,true;slot_3_occupied=false,true;slot_4_occupied=false,true;slot_5_occupied=false,true|1
B|minecraft:acacia_shelf|facing=north,south,west,east;powered=false,true;side_chain=unconnected,right,center,left;waterlogged=false,true|24,24,24,24,24,24,24,24,24,24,24,24,24,24,24,24,25,25,25,25,25,25,25,25,25,25,25,25,25,25,25,25,26,26,26,26,26,26,26,26,26,26,26,26,26,26,26,26,27,27,27,27,27,27,27,27,27,27,27,27,27,27,27,27
B|minecraft:bamboo_shelf|facing=north,south,west,east;powered=false,true;side_chain=unconnected,right,center,left;waterlogged=false,true|24,24,24,24,24,24,24,24,24,24,24,24,24,24,24,24,25,25,25,25,25,25,25,25,25,25,25,25,25,25,25,25,26,26,26,26,26,26,26,26,26,26,26,26,26,26,26,26,27,27,27,27,27,27,27,27,27,27,27,27,27,27,27,27
B|minecraft:birch_shelf|facing=north,south,west,east;powered=false,true;side_chain=unconnected,right,center,left;waterlogged=false,true|24,24,24,24,24,24,24,24,24,24,24,24,24,24,24,24,25,25,25,25,25,25,25,25,25,25,25,25,25,25,25,25,26,26,26,26,26,26,26,26,26,26,26,26,26,26,26,26,27,27,27,27,27,27,27,27,27,27,27,27,27,27,27,27
B|minecraft:cherry_shelf|facing=north,south,west,east;powered=false,true;side_chain=unconnected,right,center,left;waterlogged=false,true|24,24,24,24,24,24,24,24,24,24,24,24,24,24,24,24,25,25,25,25,25,25,25,25,25,25,25,25,25,25,25,25,26,26,26,26,26,26,26,26,26,26,26,26,26,26,26,26,27,27,27,27,27,27,27,27,27,27,27,27,27,27,27,27
B|minecraft:crimson_shelf|facing=north,south,west,east;powered=false,true;side_chain=unconnected,right,center,left;waterlogged=false,true|24,24,24,24,24,24,24,24,24,24,24,24,24,24,24,24,25,25,25,25,25,25,25,25,25,25,25,25,25,25,25,25,26,26,26,26,26,26,26,26,26,26,26,26,26,26,26,26,27,27,27,27,27,27,27,27,27,27,27,27,27,27,27,27
B|minecraft:dark_oak_shelf|facing=north,south,west,east;powered=false,true;side_chain=unconnected,right,center,left;waterlogged=false,true|24,24,24,24,24,24,24,24,24,24,24,24,24,24,24,24,25,25,25,25,25,25,25,25,25,25,25,25,25,25,25,25,26,26,26,26,26,26,26,26,26,26,26,26,26,26,26,26,27,27,27,27,27,27,27,27,27,27,27,27,27,27,27,27
B|minecraft:jungle_shelf|facing=north,south,west,east;powered=false,true;side_chain=unconnected,right,center,left;waterlogged=false,true|24,24,24,24,24,24,24,24,24,24,24,24,24,24,24,24,25,25,25,25,25,25,25,25,25,25,25,25,25,25,25,25,26,26,26,26,26,26,26,26,26,26,26,26,26,26,26,26,27,27,27,27,27,27,27,27,27,27,27,27,27,27,27,27
B|minecraft:mangrove_shelf|facing=north,south,west,east;powered=false,true;side_chain=unconnected,right,center,left;waterlogged=false,true|24,24,24,24,24,24,24,24,24,24,24,24,24,24,24,24,25,25,25,25,25,25,25,25,25,25,25,25,25,25,25,25,26,26,26,26,26,26,26,26,26,26,26,26,26,26,26,26,27,27,27,27,27,27,27,27,27,27,27,27,27,27,27,27
B|minecraft:oak_shelf|facing=north,south,west,east;powered=false,true;side_chain=unconnected,right,center,left;waterlogged=false,true|24,24,24,24,24,24,24,24,24,24,24,24,24,24,24,24,25,25,25,25,25,25,25,25,25,25,25,25,25,25,25,25,26,26,26,26,26,26,26,26,26,26,26,26,26,26,26,26,27,27,27,27,27,27,27,27,27,27,27,27,27,27,27,27
B|minecraft:pale_oak_shelf|facing=north,south,west,east;powered=false,true;side_chain=unconnected,right,center,left;waterlogged=false,true|24,24,24,24,24,24,24,24,24,24,24,24,24,24,24,24,25,25,25,25,25,25,25,25,25,25,25,25,25,25,25,25,26,26,26,26,26,26,26,26,26,26,26,26,26,26,26,26,27,27,27,27,27,27,27,27,27,27,27,27,27,27,27,27
B|minecraft:spruce_shelf|facing=north,south,west,east;powered=false,true;side_chain=unconnected,right,center,left;waterlogged=false,true|24,24,24,24,24,24,24,24,24,24,24,24,24,24,24,24,25,25,25,25,25,25,25,25,25,25,25,25,25,25,25,25,26,26,26,26,26,26,26,26,26,26,26,26,26,26,26,26,27,27,27,27,27,27,27,27,27,27,27,27,27,27,27,27
B|minecraft:warped_shelf|facing=north,south,west,east;powered=false,true;side_chain=unconnected,right,center,left;waterlogged=false,true|24,24,24,24,24,24,24,24,24,24,24,24,24,24,24,24,25,25,25,25,25,25,25,25,25,25,25,25,25,25,25,25,26,26,26,26,26,26,26,26,26,26,26,26,26,26,26,26,27,27,27,27,27,27,27,27,27,27,27,27,27,27,27,27
B|minecraft:mossy_cobblestone||1
B|minecraft:obsidian||1
B|minecraft:torch||0
B|minecraft:wall_torch|facing=north,south,west,east|0
B|minecraft:fire|age=0,1,2,3,4,5,6,7,8,9,10,11,12,13,14,15;east=false,true;north=false,true;south=false,true;up=false,true;west=false,true|0
B|minecraft:soul_fire||0
B|minecraft:spawner||1
B|minecraft:creaking_heart|axis=x,y,z;creaking_heart_state=uprooted,dormant,awake;natural=false,true|1
B|minecraft:oak_stairs|facing=north,south,west,east;half=top,bottom;shape=straight,inner_left,inner_right,outer_left,outer_right;waterlogged=false,true|28,28,29,29,30,30,31,31,32,32,33,33,34,34,35,35,36,36,37,37,38,38,39,39,40,40,41,41,42,42,43,43,44,44,45,45,46,46,47,47,48,48,40,40,29,29,42,42,31,31,49,49,45,45,34,34,47,47,36,36,50,50,30,30,39,39,32,32,41,41,51,51,35,35,44,44,37,37,46,46
B|minecraft:chest|facing=north,south,west,east;type=single,left,right;waterlogged=false,true|52,52,53,53,54,54,52,52,54,54,53,53,52,52,55,55,56,56,52,52,56,56,55,55
B|minecraft:redstone_wire|east=up,side,none;north=up,side,none;power=0,1,2,3,4,5,6,7,8,9,10,11,12,13,14,15;south=up,side,none;west=up,side,none|0
B|minecraft:diamond_ore||1
B|minecraft:deepslate_diamond_ore||1
B|minecraft:diamond_block||1
B|minecraft:crafting_table||1
B|minecraft:wheat|age=0,1,2,3,4,5,6,7|0
B|minecraft:farmland|moisture=0,1,2,3,4,5,6,7|57
B|minecraft:furnace|facing=north,south,west,east;lit=false,true|1
B|minecraft:oak_sign|rotation=0,1,2,3,4,5,6,7,8,9,10,11,12,13,14,15;waterlogged=false,true|0
B|minecraft:spruce_sign|rotation=0,1,2,3,4,5,6,7,8,9,10,11,12,13,14,15;waterlogged=false,true|0
B|minecraft:birch_sign|rotation=0,1,2,3,4,5,6,7,8,9,10,11,12,13,14,15;waterlogged=false,true|0
B|minecraft:acacia_sign|rotation=0,1,2,3,4,5,6,7,8,9,10,11,12,13,14,15;waterlogged=false,true|0
B|minecraft:cherry_sign|rotation=0,1,2,3,4,5,6,7,8,9,10,11,12,13,14,15;waterlogged=false,true|0
B|minecraft:jungle_sign|rotation=0,1,2,3,4,5,6,7,8,9,10,11,12,13,14,15;waterlogged=false,true|0
B|minecraft:dark_oak_sign|rotation=0,1,2,3,4,5,6,7,8,9,10,11,12,13,14,15;waterlogged=false,true|0
B|minecraft:pale_oak_sign|rotation=0,1,2,3,4,5,6,7,8,9,10,11,12,13,14,15;waterlogged=false,true|0
B|minecraft:mangrove_sign|rotation=0,1,2,3,4,5,6,7,8,9,10,11,12,13,14,15;waterlogged=false,true|0
B|minecraft:bamboo_sign|rotation=0,1,2,3,4,5,6,7,8,9,10,11,12,13,14,15;waterlogged=false,true|0
B|minecraft:oak_door|facing=north,south,west,east;half=upper,lower;hinge=left,right;open=false,true;powered=false,true|58,58,59,59,60,60,59,59,58,58,59,59,60,60,59,59,60,60,61,61,58,58,61,61,60,60,61,61,58,58,61,61,59,59,60,60,61,61,60,60,59,59,60,60,61,61,60,60,61,61,58,58,59,59,58,58,61,61,58,58,59,59,58,58
B|minecraft:ladder|facing=north,south,west,east;waterlogged=false,true|62,62,63,63,64,64,65,65
B|minecraft:rail|shape=north_south,east_west,ascending_east,ascending_west,ascending_north,ascending_south,south_east,south_west,north_west,north_east;waterlogged=false,true|0
B|minecraft:cobblestone_stairs|facing=north,south,west,east;half=top,bottom;shape=straight,inner_left,inner_right,outer_left,outer_right;waterlogged=false,true|28,28,29,29,30,30,31,31,32,32,33,33,34,34,35,35,36,36,37,37,38,38,39,39,40,40,41,41,42,42,43,43,44,44,45,45,46,46,47,47,48,48,40,40,29,29,42,42,31,31,49,49,45,45,34,34,47,47,36,36,50,50,30,30,39,39,32,32,41,41,51,51,35,35,44,44,37,37,46,46
B|minecraft:oak_wall_sign|facing=north,south,west,east;waterlogged=false,true|0
B|minecraft:spruce_wall_sign|facing=north,south,west,east;waterlogged=false,true|0
B|minecraft:birch_wall_sign|facing=north,south,west,east;waterlogged=false,true|0
B|minecraft:acacia_wall_sign|facing=north,south,west,east;waterlogged=false,true|0
B|minecraft:cherry_wall_sign|facing=north,south,west,east;waterlogged=false,true|0
B|minecraft:jungle_wall_sign|facing=north,south,west,east;waterlogged=false,true|0
B|minecraft:dark_oak_wall_sign|facing=north,south,west,east;waterlogged=false,true|0
B|minecraft:pale_oak_wall_sign|facing=north,south,west,east;waterlogged=false,true|0
B|minecraft:mangrove_wall_sign|facing=north,south,west,east;waterlogged=false,true|0
B|minecraft:bamboo_wall_sign|facing=north,south,west,east;waterlogged=false,true|0
B|minecraft:oak_hanging_sign|attached=false,true;rotation=0,1,2,3,4,5,6,7,8,9,10,11,12,13,14,15;waterlogged=false,true|0
B|minecraft:spruce_hanging_sign|attached=false,true;rotation=0,1,2,3,4,5,6,7,8,9,10,11,12,13,14,15;waterlogged=false,true|0
B|minecraft:birch_hanging_sign|attached=false,true;rotation=0,1,2,3,4,5,6,7,8,9,10,11,12,13,14,15;waterlogged=false,true|0
B|minecraft:acacia_hanging_sign|attached=false,true;rotation=0,1,2,3,4,5,6,7,8,9,10,11,12,13,14,15;waterlogged=false,true|0
B|minecraft:cherry_hanging_sign|attached=false,true;rotation=0,1,2,3,4,5,6,7,8,9,10,11,12,13,14,15;waterlogged=false,true|0
B|minecraft:jungle_hanging_sign|attached=false,true;rotation=0,1,2,3,4,5,6,7,8,9,10,11,12,13,14,15;waterlogged=false,true|0
B|minecraft:dark_oak_hanging_sign|attached=false,true;rotation=0,1,2,3,4,5,6,7,8,9,10,11,12,13,14,15;waterlogged=false,true|0
B|minecraft:pale_oak_hanging_sign|attached=false,true;rotation=0,1,2,3,4,5,6,7,8,9,10,11,12,13,14,15;waterlogged=false,true|0
B|minecraft:crimson_hanging_sign|attached=false,true;rotation=0,1,2,3,4,5,6,7,8,9,10,11,12,13,14,15;waterlogged=false,true|0
B|minecraft:warped_hanging_sign|attached=false,true;rotation=0,1,2,3,4,5,6,7,8,9,10,11,12,13,14,15;waterlogged=false,true|0
B|minecraft:mangrove_hanging_sign|attached=false,true;rotation=0,1,2,3,4,5,6,7,8,9,10,11,12,13,14,15;waterlogged=false,true|0
B|minecraft:bamboo_hanging_sign|attached=false,true;rotation=0,1,2,3,4,5,6,7,8,9,10,11,12,13,14,15;waterlogged=false,true|0
B|minecraft:oak_wall_hanging_sign|facing=north,south,west,east;waterlogged=false,true|66,66,66,66,67,67,67,67
B|minecraft:spruce_wall_hanging_sign|facing=north,south,west,east;waterlogged=false,true|66,66,66,66,67,67,67,67
B|minecraft:birch_wall_hanging_sign|facing=north,south,west,east;waterlogged=false,true|66,66,66,66,67,67,67,67
B|minecraft:acacia_wall_hanging_sign|facing=north,south,west,east;waterlogged=false,true|66,66,66,66,67,67,67,67
B|minecraft:cherry_wall_hanging_sign|facing=north,south,west,east;waterlogged=false,true|66,66,66,66,67,67,67,67
B|minecraft:jungle_wall_hanging_sign|facing=north,south,west,east;waterlogged=false,true|66,66,66,66,67,67,67,67
B|minecraft:dark_oak_wall_hanging_sign|facing=north,south,west,east;waterlogged=false,true|66,66,66,66,67,67,67,67
B|minecraft:pale_oak_wall_hanging_sign|facing=north,south,west,east;waterlogged=false,true|66,66,66,66,67,67,67,67
B|minecraft:mangrove_wall_hanging_sign|facing=north,south,west,east;waterlogged=false,true|66,66,66,66,67,67,67,67
B|minecraft:crimson_wall_hanging_sign|facing=north,south,west,east;waterlogged=false,true|66,66,66,66,67,67,67,67
B|minecraft:warped_wall_hanging_sign|facing=north,south,west,east;waterlogged=false,true|66,66,66,66,67,67,67,67
B|minecraft:bamboo_wall_hanging_sign|facing=north,south,west,east;waterlogged=false,true|66,66,66,66,67,67,67,67
B|minecraft:lever|face=floor,wall,ceiling;facing=north,south,west,east;powered=false,true|0
B|minecraft:stone_pressure_plate|powered=false,true|0
B|minecraft:iron_door|facing=north,south,west,east;half=upper,lower;hinge=left,right;open=false,true;powered=false,true|58,58,59,59,60,60,59,59,58,58,59,59,60,60,59,59,60,60,61,61,58,58,61,61,60,60,61,61,58,58,61,61,59,59,60,60,61,61,60,60,59,59,60,60,61,61,60,60,61,61,58,58,59,59,58,58,61,61,58,58,59,59,58,58
B|minecraft:oak_pressure_plate|powered=false,true|0
B|minecraft:spruce_pressure_plate|powered=false,true|0
B|minecraft:birch_pressure_plate|powered=false,true|0
B|minecraft:jungle_pressure_plate|powered=false,true|0
B|minecraft:acacia_pressure_plate|powered=false,true|0
B|minecraft:cherry_pressure_plate|powered=false,true|0
B|minecraft:dark_oak_pressure_plate|powered=false,true|0
B|minecraft:pale_oak_pressure_plate|powered=false,true|0
B|minecraft:mangrove_pressure_plate|powered=false,true|0
B|minecraft:bamboo_pressure_plate|powered=false,true|0
B|minecraft:redstone_ore|lit=false,true|1
B|minecraft:deepslate_redstone_ore|lit=false,true|1
B|minecraft:redstone_torch|lit=false,true|0
B|minecraft:redstone_wall_torch|facing=north,south,west,east;lit=false,true|0
B|minecraft:stone_button|face=floor,wall,ceiling;facing=north,south,west,east;powered=false,true|0
B|minecraft:snow|layers=1,2,3,4,5,6,7,8|0,68,69,70,71,72,73,74
B|minecraft:ice||1
B|minecraft:snow_block||1
B|minecraft:cactus|age=0,1,2,3,4,5,6,7,8,9,10,11,12,13,14,15|75
B|minecraft:cactus_flower||0
B|minecraft:clay||1
B|minecraft:sugar_cane|age=0,1,2,3,4,5,6,7,8,9,10,11,12,13,14,15|0
B|minecraft:jukebox|has_record=false,true|1
B|minecraft:oak_fence|east=false,true;north=false,true;south=false,true;waterlogged=false,true;west=false,true|76,77,76,77,78,79,78,79,80,81,80,81,82,83,82,83,84,85,84,85,86,87,86,87,88,89,88,89,90,91,90,91
B|minecraft:netherrack||1
B|minecraft:soul_sand||92
B|minecraft:soul_soil||1
B|minecraft:basalt|axis=x,y,z|1
B|minecraft:polished_basalt|axis=x,y,z|1
B|minecraft:soul_torch||0
B|minecraft:soul_wall_torch|facing=north,south,west,east|0
B|minecraft:copper_torch||0
B|minecraft:copper_wall_torch|facing=north,south,west,east|0
B|minecraft:glowstone||1
B|minecraft:nether_portal|axis=x,z|0
B|minecraft:carved_pumpkin|facing=north,south,west,east|1
B|minecraft:jack_o_lantern|facing=north,south,west,east|1
B|minecraft:cake|bites=0,1,2,3,4,5,6|93,94,95,96,97,98,99
B|minecraft:repeater|delay=1,2,3,4;facing=north,south,west,east;locked=false,true;powered=false,true|100
B|minecraft:white_stained_glass||1
B|minecraft:orange_stained_glass||1
B|minecraft:magenta_stained_glass||1
B|minecraft:light_blue_stained_glass||1
B|minecraft:yellow_stained_glass||1
B|minecraft:lime_stained_glass||1
B|minecraft:pink_stained_glass||1
B|minecraft:gray_stained_glass||1
B|minecraft:light_gray_stained_glass||1
B|minecraft:cyan_stained_glass||1
B|minecraft:purple_stained_glass||1
B|minecraft:blue_stained_glass||1
B|minecraft:brown_stained_glass||1
B|minecraft:green_stained_glass||1
B|minecraft:red_stained_glass||1
B|minecraft:black_stained_glass||1
B|minecraft:oak_trapdoor|facing=north,south,west,east;half=top,bottom;open=false,true;powered=false,true;waterlogged=false,true|101,101,101,101,102,102,102,102,101,101,101,101,103,103,103,103,104,104,104,104,102,102,102,102,104,104,104,104,103,103,103,103,105,105,105,105,102,102,102,102,105,105,105,105,103,103,103,103,106,106,106,106,102,102,102,102,106,106,106,106,103,103,103,103
B|minecraft:spruce_trapdoor|facing=north,south,west,east;half=top,bottom;open=false,true;powered=false,true;waterlogged=false,true|101,101,101,101,102,102,102,102,101,101,101,101,103,103,103,103,104,104,104,104,102,102,102,102,104,104,104,104,103,103,103,103,105,105,105,105,102,102,102,102,105,105,105,105,103,103,103,103,106,106,106,106,102,102,102,102,106,106,106,106,103,103,103,103
B|minecraft:birch_trapdoor|facing=north,south,west,east;half=top,bottom;open=false,true;powered=false,true;waterlogged=false,true|101,101,101,101,102,102,102,102,101,101,101,101,103,103,103,103,104,104,104,104,102,102,102,102,104,104,104,104,103,103,103,103,105,105,105,105,102,102,102,102,105,105,105,105,103,103,103,103,106,106,106,106,102,102,102,102,106,106,106,106,103,103,103,103
B|minecraft:jungle_trapdoor|facing=north,south,west,east;half=top,bottom;open=false,true;powered=false,true;waterlogged=false,true|101,101,101,101,102,102,102,102,101,101,101,101,103,103,103,103,104,104,104,104,102,102,102,102,104,104,104,104,103,103,103,103,105,105,105,105,102,102,102,102,105,105,105,105,103,103,103,103,106,106,106,106,102,102,102,102,106,106,106,106,103,103,103,103
B|minecraft:acacia_trapdoor|facing=north,south,west,east;half=top,bottom;open=false,true;powered=false,true;waterlogged=false,true|101,101,101,101,102,102,102,102,101,101,101,101,103,103,103,103,104,104,104,104,102,102,102,102,104,104,104,104,103,103,103,103,105,105,105,105,102,102,102,102,105,105,105,105,103,103,103,103,106,106,106,106,102,102,102,102,106,106,106,106,103,103,103,103
B|minecraft:cherry_trapdoor|facing=north,south,west,east;half=top,bottom;open=false,true;powered=false,true;waterlogged=false,true|101,101,101,101,102,102,102,102,101,101,101,101,103,103,103,103,104,104,104,104,102,102,102,102,104,104,104,104,103,103,103,103,105,105,105,105,102,102,102,102,105,105,105,105,103,103,103,103,106,106,106,106,102,102,102,102,106,106,106,106,103,103,103,103
B|minecraft:dark_oak_trapdoor|facing=north,south,west,east;half=top,bottom;open=false,true;powered=false,true;waterlogged=false,true|101,101,101,101,102,102,102,102,101,101,101,101,103,103,103,103,104,104,104,104,102,102,102,102,104,104,104,104,103,103,103,103,105,105,105,105,102,102,102,102,105,105,105,105,103,103,103,103,106,106,106,106,102,102,102,102,106,106,106,106,103,103,103,103
B|minecraft:pale_oak_trapdoor|facing=north,south,west,east;half=top,bottom;open=false,true;powered=false,true;waterlogged=false,true|101,101,101,101,102,102,102,102,101,101,101,101,103,103,103,103,104,104,104,104,102,102,102,102,104,104,104,104,103,103,103,103,105,105,105,105,102,102,102,102,105,105,105,105,103,103,103,103,106,106,106,106,102,102,102,102,106,106,106,106,103,103,103,103
B|minecraft:mangrove_trapdoor|facing=north,south,west,east;half=top,bottom;open=false,true;powered=false,true;waterlogged=false,true|101,101,101,101,102,102,102,102,101,101,101,101,103,103,103,103,104,104,104,104,102,102,102,102,104,104,104,104,103,103,103,103,105,105,105,105,102,102,102,102,105,105,105,105,103,103,103,103,106,106,106,106,102,102,102,102,106,106,106,106,103,103,103,103
B|minecraft:bamboo_trapdoor|facing=north,south,west,east;half=top,bottom;open=false,true;powered=false,true;waterlogged=false,true|101,101,101,101,102,102,102,102,101,101,101,101,103,103,103,103,104,104,104,104,102,102,102,102,104,104,104,104,103,103,103,103,105,105,105,105,102,102,102,102,105,105,105,105,103,103,103,103,106,106,106,106,102,102,102,102,106,106,106,106,103,103,103,103
B|minecraft:stone_bricks||1
B|minecraft:mossy_stone_bricks||1
B|minecraft:cracked_stone_bricks||1
B|minecraft:chiseled_stone_bricks||1
B|minecraft:packed_mud||1
B|minecraft:mud_bricks||1
B|minecraft:infested_stone||1
B|minecraft:infested_cobblestone||1
B|minecraft:infested_stone_bricks||1
B|minecraft:infested_mossy_stone_bricks||1
B|minecraft:infested_cracked_stone_bricks||1
B|minecraft:infested_chiseled_stone_bricks||1
B|minecraft:brown_mushroom_block|down=false,true;east=false,true;north=false,true;south=false,true;up=false,true;west=false,true|1
B|minecraft:red_mushroom_block|down=false,true;east=false,true;north=false,true;south=false,true;up=false,true;west=false,true|1
B|minecraft:mushroom_stem|down=false,true;east=false,true;north=false,true;south=false,true;up=false,true;west=false,true|1
B|minecraft:iron_bars|east=false,true;north=false,true;south=false,true;waterlogged=false,true;west=false,true|107,108,107,108,109,110,109,110,111,112,111,112,113,114,113,114,115,116,115,116,117,118,117,118,119,120,119,120,121,122,121,122
B|minecraft:copper_bars|east=false,true;north=false,true;south=false,true;waterlogged=false,true;west=false,true|123,124,123,124,125,126,125,126,127,128,127,128,129,130,129,130,131,132,131,132,133,134,133,134,135,136,135,136,137,138,137,138
B|minecraft:exposed_copper_bars|east=false,true;north=false,true;south=false,true;waterlogged=false,true;west=false,true|139,140,139,140,141,142,141,142,143,144,143,144,145,146,145,146,147,148,147,148,149,150,149,150,151,152,151,152,153,154,153,154
B|minecraft:weathered_copper_bars|east=false,true;north=false,true;south=false,true;waterlogged=false,true;west=false,true|155,156,155,156,157,158,157,158,159,160,159,160,161,162,161,162,163,164,163,164,165,166,165,166,167,168,167,168,169,170,169,170
B|minecraft:oxidized_copper_bars|east=false,true;north=false,true;south=false,true;waterlogged=false,true;west=false,true|171,172,171,172,173,174,173,174,175,176,175,176,177,178,177,178,179,180,179,180,181,182,181,182,183,184,183,184,185,186,185,186
B|minecraft:waxed_copper_bars|east=false,true;north=false,true;south=false,true;waterlogged=false,true;west=false,true|187,188,187,188,189,190,189,190,191,192,191,192,193,194,193,194,195,196,195,196,197,198,197,198,199,200,199,200,201,202,201,202
B|minecraft:waxed_exposed_copper_bars|east=false,true;north=false,true;south=false,true;waterlogged=false,true;west=false,true|203,204,203,204,205,206,205,206,207,208,207,208,209,210,209,210,211,212,211,212,213,214,213,214,215,216,215,216,217,218,217,218
B|minecraft:waxed_weathered_copper_bars|east=false,true;north=false,true;south=false,true;waterlogged=false,true;west=false,true|219,220,219,220,221,222,221,222,223,224,223,224,225,226,225,226,227,228,227,228,229,230,229,230,231,232,231,232,233,234,233,234
B|minecraft:waxed_oxidized_copper_bars|east=false,true;north=false,true;south=false,true;waterlogged=false,true;west=false,true|235,236,235,236,237,238,237,238,239,240,239,240,241,242,241,242,243,244,243,244,245,246,245,246,247,248,247,248,249,250,249,250
B|minecraft:iron_chain|axis=x,y,z;waterlogged=false,true|251,251,252,252,253,253
B|minecraft:copper_chain|axis=x,y,z;waterlogged=false,true|251,251,252,252,253,253
B|minecraft:exposed_copper_chain|axis=x,y,z;waterlogged=false,true|251,251,252,252,253,253
B|minecraft:weathered_copper_chain|axis=x,y,z;waterlogged=false,true|251,251,252,252,253,253
B|minecraft:oxidized_copper_chain|axis=x,y,z;waterlogged=false,true|251,251,252,252,253,253
B|minecraft:waxed_copper_chain|axis=x,y,z;waterlogged=false,true|251,251,252,252,253,253
B|minecraft:waxed_exposed_copper_chain|axis=x,y,z;waterlogged=false,true|251,251,252,252,253,253
B|minecraft:waxed_weathered_copper_chain|axis=x,y,z;waterlogged=false,true|251,251,252,252,253,253
B|minecraft:waxed_oxidized_copper_chain|axis=x,y,z;waterlogged=false,true|251,251,252,252,253,253
B|minecraft:glass_pane|east=false,true;north=false,true;south=false,true;waterlogged=false,true;west=false,true|254,255,254,255,256,257,256,257,258,259,258,259,260,261,260,261,262,263,262,263,264,265,264,265,266,267,266,267,268,269,268,269
B|minecraft:pumpkin||1
B|minecraft:melon||1
B|minecraft:attached_pumpkin_stem|facing=north,south,west,east|0
B|minecraft:attached_melon_stem|facing=north,south,west,east|0
B|minecraft:pumpkin_stem|age=0,1,2,3,4,5,6,7|0
B|minecraft:melon_stem|age=0,1,2,3,4,5,6,7|0
B|minecraft:vine|east=false,true;north=false,true;south=false,true;up=false,true;west=false,true|0
B|minecraft:glow_lichen|down=false,true;east=false,true;north=false,true;south=false,true;up=false,true;waterlogged=false,true;west=false,true|0
B|minecraft:resin_clump|down=false,true;east=false,true;north=false,true;south=false,true;up=false,true;waterlogged=false,true;west=false,true|0
B|minecraft:oak_fence_gate|facing=north,south,west,east;in_wall=false,true;open=false,true;powered=false,true|0,0,270,270,0,0,270,270,0,0,270,270,0,0,270,270,0,0,271,271,0,0,271,271,0,0,271,271,0,0,271,271
B|minecraft:brick_stairs|facing=north,south,west,east;half=top,bottom;shape=straight,inner_left,inner_right,outer_left,outer_right;waterlogged=false,true|28,28,29,29,30,30,31,31,32,32,33,33,34,34,35,35,36,36,37,37,38,38,39,39,40,40,41,41,42,42,43,43,44,44,45,45,46,46,47,47,48,48,40,40,29,29,42,42,31,31,49,49,45,45,34,34,47,47,36,36,50,50,30,30,39,39,32,32,41,41,51,51,35,35,44,44,37,37,46,46
B|minecraft:stone_brick_stairs|facing=north,south,west,east;half=top,bottom;shape=straight,inner_left,inner_right,outer_left,outer_right;waterlogged=false,true|28,28,29,29,30,30,31,31,32,32,33,33,34,34,35,35,36,36,37,37,38,38,39,39,40,40,41,41,42,42,43,43,44,44,45,45,46,46,47,47,48,48,40,40,29,29,42,42,31,31,49,49,45,45,34,34,47,47,36,36,50,50,30,30,39,39,32,32,41,41,51,51,35,35,44,44,37,37,46,46
B|minecraft:mud_brick_stairs|facing=north,south,west,east;half=top,bottom;shape=straight,inner_left,inner_right,outer_left,outer_right;waterlogged=false,true|28,28,29,29,30,30,31,31,32,32,33,33,34,34,35,35,36,36,37,37,38,38,39,39,40,40,41,41,42,42,43,43,44,44,45,45,46,46,47,47,48,48,40,40,29,29,42,42,31,31,49,49,45,45,34,34,47,47,36,36,50,50,30,30,39,39,32,32,41,41,51,51,35,35,44,44,37,37,46,46
B|minecraft:mycelium|snowy=false,true|1
B|minecraft:lily_pad||272
B|minecraft:resin_block||1
B|minecraft:resin_bricks||1
B|minecraft:resin_brick_stairs|facing=north,south,west,east;half=top,bottom;shape=straight,inner_left,inner_right,outer_left,outer_right;waterlogged=false,true|28,28,29,29,30,30,31,31,32,32,33,33,34,34,35,35,36,36,37,37,38,38,39,39,40,40,41,41,42,42,43,43,44,44,45,45,46,46,47,47,48,48,40,40,29,29,42,42,31,31,49,49,45,45,34,34,47,47,36,36,50,50,30,30,39,39,32,32,41,41,51,51,35,35,44,44,37,37,46,46
B|minecraft:resin_brick_slab|type=top,bottom,double;waterlogged=false,true|273,273,274,274,1,1
B|minecraft:resin_brick_wall|east=none,low,tall;north=none,low,tall;south=none,low,tall;up=false,true;waterlogged=false,true;west=none,low,tall|275,276,277,275,276,277,0,278,279,0,278,279,280,281,282,280,281,282,283,284,285,283,284,285,286,287,288,286,287,288,289,290,291,289,290,291,292,293,294,292,293,294,295,296,297,295,296,297,298,299,300,298,299,300,301,302,303,301,302,303,304,305,306,304,305,306,307,308,309,307,308,309,310,311,312,310,311,312,313,314,315,313,314,315,316,317,318,316,317,318,319,320,321,319,320,321,322,323,324,322,323,324,325,326,327,325,326,327,328,329,330,328,329,330,331,332,333,331,332,333,334,335,336,334,335,336,337,338,339,337,338,339,340,341,342,340,341,342,343,344,345,343,344,345,346,347,348,346,347,348,349,350,351,349,350,351,352,353,354,352,353,354,355,356,357,355,356,357,358,359,360,358,359,360,361,362,363,361,362,363,364,365,366,364,365,366,367,368,369,367,368,369,370,371,372,370,371,372,373,374,375,373,374,375,376,377,378,376,377,378,379,380,381,379,380,381,382,383,384,382,383,384,385,386,387,385,386,387,388,389,390,388,389,390,391,392,393,391,392,393,394,395,396,394,395,396,397,398,399,397,398,399,400,401,402,400,401,402,403,404,405,403,404,405,406,407,408,406,407,408,409,410,411,409,410,411,412,413,414,412,413,414,415,416,417,415,416,417,418,419,420,418,419,420,421,422,423,421,422,423,424,425,426,424,425,426,427,428,429,427,428,429,430,431,432,430,431,432,433,434,435,433,434,435
B|minecraft:chiseled_resin_bricks||1
B|minecraft:nether_bricks||1
B|minecraft:nether_brick_fence|east=false,true;north=false,true;south=false,true;waterlogged=false,true;west=false,true|436,437,436,437,438,439,438,439,440,441,440,441,442,443,442,443,444,445,444,445,446,447,446,447,448,449,448,449,450,451,450,451
B|minecraft:nether_brick_stairs|facing=north,south,west,east;half=top,bottom;shape=straight,inner_left,inner_right,outer_left,outer_right;waterlogged=false,true|28,28,29,29,30,30,31,31,32,32,33,33,34,34,35,35,36,36,37,37,38,38,39,39,40,40,41,41,42,42,43,43,44,44,45,45,46,46,47,47,48,48,40,40,29,29,42,42,31,31,49,49,45,45,34,34,47,47,36,36,50,50,30,30,39,39,32,32,41,41,51,51,35,35,44,44,37,37,46,46
B|minecraft:nether_wart|age=0,1,2,3|0
B|minecraft:enchanting_table||452
B|minecraft:brewing_stand|has_bottle_0=false,true;has_bottle_1=false,true;has_bottle_2=false,true|453
B|minecraft:cauldron||454
B|minecraft:water_cauldron|level=1,2,3|454
B|minecraft:lava_cauldron||454
B|minecraft:powder_snow_cauldron|level=1,2,3|454
B|minecraft:end_portal||0
B|minecraft:end_portal_frame|eye=false,true;facing=north,south,west,east|455,455,455,455,456,456,456,456
B|minecraft:end_stone||1
B|minecraft:dragon_egg||457
B|minecraft:redstone_lamp|lit=false,true|1
B|minecraft:cocoa|age=0,1,2;facing=north,south,west,east|458,459,460,461,462,463,464,465,466,467,468,469
B|minecraft:sandstone_stairs|facing=north,south,west,east;half=top,bottom;shape=straight,inner_left,inner_right,outer_left,outer_right;waterlogged=false,true|28,28,29,29,30,30,31,31,32,32,33,33,34,34,35,35,36,36,37,37,38,38,39,39,40,40,41,41,42,42,43,43,44,44,45,45,46,46,47,47,48,48,40,40,29,29,42,42,31,31,49,49,45,45,34,34,47,47,36,36,50,50,30,30,39,39,32,32,41,41,51,51,35,35,44,44,37,37,46,46
B|minecraft:emerald_ore||1
B|minecraft:deepslate_emerald_ore||1
B|minecraft:ender_chest|facing=north,south,west,east;waterlogged=false,true|470
B|minecraft:tripwire_hook|attached=false,true;facing=north,south,west,east;powered=false,true|0
B|minecraft:tripwire|attached=false,true;disarmed=false,true;east=false,true;north=false,true;powered=false,true;south=false,true;west=false,true|0
B|minecraft:emerald_block||1
B|minecraft:spruce_stairs|facing=north,south,west,east;half=top,bottom;shape=straight,inner_left,inner_right,outer_left,outer_right;waterlogged=false,true|28,28,29,29,30,30,31,31,32,32,33,33,34,34,35,35,36,36,37,37,38,38,39,39,40,40,41,41,42,42,43,43,44,44,45,45,46,46,47,47,48,48,40,40,29,29,42,42,31,31,49,49,45,45,34,34,47,47,36,36,50,50,30,30,39,39,32,32,41,41,51,51,35,35,44,44,37,37,46,46
B|minecraft:birch_stairs|facing=north,south,west,east;half=top,bottom;shape=straight,inner_left,inner_right,outer_left,outer_right;waterlogged=false,true|28,28,29,29,30,30,31,31,32,32,33,33,34,34,35,35,36,36,37,37,38,38,39,39,40,40,41,41,42,42,43,43,44,44,45,45,46,46,47,47,48,48,40,40,29,29,42,42,31,31,49,49,45,45,34,34,47,47,36,36,50,50,30,30,39,39,32,32,41,41,51,51,35,35,44,44,37,37,46,46
B|minecraft:jungle_stairs|facing=north,south,west,east;half=top,bottom;shape=straight,inner_left,inner_right,outer_left,outer_right;waterlogged=false,true|28,28,29,29,30,30,31,31,32,32,33,33,34,34,35,35,36,36,37,37,38,38,39,39,40,40,41,41,42,42,43,43,44,44,45,45,46,46,47,47,48,48,40,40,29,29,42,42,31,31,49,49,45,45,34,34,47,47,36,36,50,50,30,30,39,39,32,32,41,41,51,51,35,35,44,44,37,37,46,46
B|minecraft:command_block|conditional=false,true;facing=north,east,south,west,up,down|1
B|minecraft:beacon||1
B|minecraft:cobblestone_wall|east=none,low,tall;north=none,low,tall;south=none,low,tall;up=false,true;waterlogged=false,true;west=none,low,tall|471,472,473,471,472,473,0,474,475,0,474,475,476,477,478,476,477,478,479,480,481,479,480,481,482,483,484,482,483,484,485,486,487,485,486,487,488,489,490,488,489,490,491,492,493,491,492,493,494,495,496,494,495,496,497,498,499,497,498,499,500,501,502,500,501,502,503,504,505,503,504,505,506,507,508,506,507,508,509,510,511,509,510,511,512,513,514,512,513,514,515,516,517,515,516,517,518,519,520,518,519,520,521,522,523,521,522,523,524,525,526,524,525,526,527,528,529,527,528,529,530,531,532,530,531,532,533,534,535,533,534,535,536,537,538,536,537,538,539,540,541,539,540,541,542,543,544,542,543,544,545,546,547,545,546,547,548,549,550,548,549,550,551,552,553,551,552,553,554,555,556,554,555,556,557,558,559,557,558,559,560,561,562,560,561,562,563,564,565,563,564,565,566,567,568,566,567,568,569,570,571,569,570,571,572,573,574,572,573,574,575,576,577,575,576,577,578,579,580,578,579,580,581,582,583,581,582,583,584,585,586,584,585,586,587,588,589,587,588,589,590,591,592,590,591,592,593,594,595,593,594,595,596,597,598,596,597,598,599,600,601,599,600,601,602,603,604,602,603,604,605,606,607,605,606,607,608,609,610,608,609,610,611,612,613,611,612,613,614,615,616,614,615,616,617,618,619,617,618,619,620,621,622,620,621,622,623,624,625,623,624,625,626,627,628,626,627,628,629,630,631,629,630,631
B|minecraft:mossy_cobblestone_wall|east=none,low,tall;north=none,low,tall;south=none,low,tall;up=false,true;waterlogged=false,true;west=none,low,tall|632,633,634,632,633,634,0,635,636,0,635,636,637,638,639,637,638,639,640,641,642,640,641,642,643,644,645,643,644,645,646,647,648,646,647,648,649,650,651,649,650,651,652,653,654,652,653,654,655,656,657,655,656,657,658,659,660,658,659,660,661,662,663,661,662,663,664,665,666,664,665,666,667,668,669,667,668,669,670,671,672,670,671,672,673,674,675,673,674,675,676,677,678,676,677,678,679,680,681,679,680,681,682,683,684,682,683,684,685,686,687,685,686,687,688,689,690,688,689,690,691,692,693,691,692,693,694,695,696,694,695,696,697,698,699,697,698,699,700,701,702,700,701,702,703,704,705,703,704,705,706,707,708,706,707,708,709,710,711,709,710,711,712,713,714,712,713,714,715,716,717,715,716,717,718,719,720,718,719,720,721,722,723,721,722,723,724,725,726,724,725,726,727,728,729,727,728,729,730,731,732,730,731,732,733,734,735,733,734,735,736,737,738,736,737,738,739,740,741,739,740,741,742,743,744,742,743,744,745,746,747,745,746,747,748,749,750,748,749,750,751,752,753,751,752,753,754,755,756,754,755,756,757,758,759,757,758,759,760,761,762,760,761,762,763,764,765,763,764,765,766,767,768,766,767,768,769,770,771,769,770,771,772,773,774,772,773,774,775,776,777,775,776,777,778,779,780,778,779,780,781,782,783,781,782,783,784,785,786,784,785,786,787,788,789,787,788,789,790,791,792,790,791,792
B|minecraft:flower_pot||793
B|minecraft:potted_torchflower||793
B|minecraft:potted_oak_sapling||793
B|minecraft:potted_spruce_sapling||793
B|minecraft:potted_birch_sapling||793
B|minecraft:potted_jungle_sapling||793
B|minecraft:potted_acacia_sapling||793
B|minecraft:potted_cherry_sapling||793
B|minecraft:potted_dark_oak_sapling||793
B|minecraft:potted_pale_oak_sapling||793
B|minecraft:potted_mangrove_propagule||793
B|minecraft:potted_fern||793
B|minecraft:potted_dandelion||793
B|minecraft:potted_poppy||793
B|minecraft:potted_blue_orchid||793
B|minecraft:potted_allium||793
B|minecraft:potted_azure_bluet||793
B|minecraft:potted_red_tulip||793
B|minecraft:potted_orange_tulip||793
B|minecraft:potted_white_tulip||793
B|minecraft:potted_pink_tulip||793
B|minecraft:potted_oxeye_daisy||793
B|minecraft:potted_cornflower||793
B|minecraft:potted_lily_of_the_valley||793
B|minecraft:potted_wither_rose||793
B|minecraft:potted_red_mushroom||793
B|minecraft:potted_brown_mushroom||793
B|minecraft:potted_dead_bush||793
B|minecraft:potted_cactus||793
B|minecraft:carrots|age=0,1,2,3,4,5,6,7|0
B|minecraft:potatoes|age=0,1,2,3,4,5,6,7|0
B|minecraft:oak_button|face=floor,wall,ceiling;facing=north,south,west,east;powered=false,true|0
B|minecraft:spruce_button|face=floor,wall,ceiling;facing=north,south,west,east;powered=false,true|0
B|minecraft:birch_button|face=floor,wall,ceiling;facing=north,south,west,east;powered=false,true|0
B|minecraft:jungle_button|face=floor,wall,ceiling;facing=north,south,west,east;powered=false,true|0
B|minecraft:acacia_button|face=floor,wall,ceiling;facing=north,south,west,east;powered=false,true|0
B|minecraft:cherry_button|face=floor,wall,ceiling;facing=north,south,west,east;powered=false,true|0
B|minecraft:dark_oak_button|face=floor,wall,ceiling;facing=north,south,west,east;powered=false,true|0
B|minecraft:pale_oak_button|face=floor,wall,ceiling;facing=north,south,west,east;powered=false,true|0
B|minecraft:mangrove_button|face=floor,wall,ceiling;facing=north,south,west,east;powered=false,true|0
B|minecraft:bamboo_button|face=floor,wall,ceiling;facing=north,south,west,east;powered=false,true|0
B|minecraft:skeleton_skull|powered=false,true;rotation=0,1,2,3,4,5,6,7,8,9,10,11,12,13,14,15|794
B|minecraft:skeleton_wall_skull|facing=north,south,west,east;powered=false,true|795,795,796,796,797,797,798,798
B|minecraft:wither_skeleton_skull|powered=false,true;rotation=0,1,2,3,4,5,6,7,8,9,10,11,12,13,14,15|794
B|minecraft:wither_skeleton_wall_skull|facing=north,south,west,east;powered=false,true|795,795,796,796,797,797,798,798
B|minecraft:zombie_head|powered=false,true;rotation=0,1,2,3,4,5,6,7,8,9,10,11,12,13,14,15|794
B|minecraft:zombie_wall_head|facing=north,south,west,east;powered=false,true|795,795,796,796,797,797,798,798
B|minecraft:player_head|powered=false,true;rotation=0,1,2,3,4,5,6,7,8,9,10,11,12,13,14,15|794
B|minecraft:player_wall_head|facing=north,south,west,east;powered=false,true|795,795,796,796,797,797,798,798
B|minecraft:creeper_head|powered=false,true;rotation=0,1,2,3,4,5,6,7,8,9,10,11,12,13,14,15|794
B|minecraft:creeper_wall_head|facing=north,south,west,east;powered=false,true|795,795,796,796,797,797,798,798
B|minecraft:dragon_head|powered=false,true;rotation=0,1,2,3,4,5,6,7,8,9,10,11,12,13,14,15|794
B|minecraft:dragon_wall_head|facing=north,south,west,east;powered=false,true|795,795,796,796,797,797,798,798
B|minecraft:piglin_head|powered=false,true;rotation=0,1,2,3,4,5,6,7,8,9,10,11,12,13,14,15|799
B|minecraft:piglin_wall_head|facing=north,south,west,east;powered=false,true|800,800,801,801,802,802,803,803
B|minecraft:anvil|facing=north,south,west,east|804,804,805,805
B|minecraft:chipped_anvil|facing=north,south,west,east|804,804,805,805
B|minecraft:damaged_anvil|facing=north,south,west,east|804,804,805,805
B|minecraft:trapped_chest|facing=north,south,west,east;type=single,left,right;waterlogged=false,true|52,52,53,53,54,54,52,52,54,54,53,53,52,52,55,55,56,56,52,52,56,56,55,55
B|minecraft:light_weighted_pressure_plate|power=0,1,2,3,4,5,6,7,8,9,10,11,12,13,14,15|0
B|minecraft:heavy_weighted_pressure_plate|power=0,1,2,3,4,5,6,7,8,9,10,11,12,13,14,15|0
B|minecraft:comparator|facing=north,south,west,east;mode=compare,subtract;powered=false,true|100
B|minecraft:daylight_detector|inverted=false,true;power=0,1,2,3,4,5,6,7,8,9,10,11,12,13,14,15|806
B|minecraft:redstone_block||1
B|minecraft:nether_quartz_ore||1
B|minecraft:hopper|enabled=false,true;facing=down,north,south,west,east|807,808,809,810,811,807,808,809,810,811
B|minecraft:quartz_block||1
B|minecraft:chiseled_quartz_block||1
B|minecraft:quartz_pillar|axis=x,y,z|1
B|minecraft:quartz_stairs|facing=north,south,west,east;half=top,bottom;shape=straight,inner_left,inner_right,outer_left,outer_right;waterlogged=false,true|28,28,29,29,30,30,31,31,32,32,33,33,34,34,35,35,36,36,37,37,38,38,39,39,40,40,41,41,42,42,43,43,44,44,45,45,46,46,47,47,48,48,40,40,29,29,42,42,31,31,49,49,45,45,34,34,47,47,36,36,50,50,30,30,39,39,32,32,41,41,51,51,35,35,44,44,37,37,46,46
B|minecraft:activator_rail|powered=false,true;shape=north_south,east_west,ascending_east,ascending_west,ascending_north,ascending_south;waterlogged=false,true|0
B|minecraft:dropper|facing=north,east,south,west,up,down;triggered=false,true|1
B|minecraft:white_terracotta||1
B|minecraft:orange_terracotta||1
B|minecraft:magenta_terracotta||1
B|minecraft:light_blue_terracotta||1
B|minecraft:yellow_terracotta||1
B|minecraft:lime_terracotta||1
B|minecraft:pink_terracotta||1
B|minecraft:gray_terracotta||1
B|minecraft:light_gray_terracotta||1
B|minecraft:cyan_terracotta||1
B|minecraft:purple_terracotta||1
B|minecraft:blue_terracotta||1
B|minecraft:brown_terracotta||1
B|minecraft:green_terracotta||1
B|minecraft:red_terracotta||1
B|minecraft:black_terracotta||1
B|minecraft:white_stained_glass_pane|east=false,true;north=false,true;south=false,true;waterlogged=false,true;west=false,true|812,813,812,813,814,815,814,815,816,817,816,817,818,819,818,819,820,821,820,821,822,823,822,823,824,825,824,825,826,827,826,827
B|minecraft:orange_stained_glass_pane|east=false,true;north=false,true;south=false,true;waterlogged=false,true;west=false,true|828,829,828,829,830,831,830,831,832,833,832,833,834,835,834,835,836,837,836,837,838,839,838,839,840,841,840,841,842,843,842,843
B|minecraft:magenta_stained_glass_pane|east=false,true;north=false,true;south=false,true;waterlogged=false,true;west=false,true|844,845,844,845,846,847,846,847,848,849,848,849,850,851,850,851,852,853,852,853,854,855,854,855,856,857,856,857,858,859,858,859
B|minecraft:light_blue_stained_glass_pane|east=false,true;north=false,true;south=false,true;waterlogged=false,true;west=false,true|860,861,860,861,862,863,862,863,864,865,864,865,866,867,866,867,868,869,868,869,870,871,870,871,872,873,872,873,874,875,874,875
B|minecraft:yellow_stained_glass_pane|east=false,true;north=false,true;south=false,true;waterlogged=false,true;west=false,true|876,877,876,877,878,879,878,879,880,881,880,881,882,883,882,883,884,885,884,885,886,887,886,887,888,889,888,889,890,891,890,891
B|minecraft:lime_stained_glass_pane|east=false,true;north=false,true;south=false,true;waterlogged=false,true;west=false,true|892,893,892,893,894,895,894,895,896,897,896,897,898,899,898,899,900,901,900,901,902,903,902,903,904,905,904,905,906,907,906,907
B|minecraft:pink_stained_glass_pane|east=false,true;north=false,true;south=false,true;waterlogged=false,true;west=false,true|908,909,908,909,910,911,910,911,912,913,912,913,914,915,914,915,916,917,916,917,918,919,918,919,920,921,920,921,922,923,922,923
B|minecraft:gray_stained_glass_pane|east=false,true;north=false,true;south=false,true;waterlogged=false,true;west=false,true|924,925,924,925,926,927,926,927,928,929,928,929,930,931,930,931,932,933,932,933,934,935,934,935,936,937,936,937,938,939,938,939
B|minecraft:light_gray_stained_glass_pane|east=false,true;north=false,true;south=false,true;waterlogged=false,true;west=false,true|940,941,940,941,942,943,942,943,944,945,944,945,946,947,946,947,948,949,948,949,950,951,950,951,952,953,952,953,954,955,954,955
B|minecraft:cyan_stained_glass_pane|east=false,true;north=false,true;south=false,true;waterlogged=false,true;west=false,true|956,957,956,957,958,959,958,959,960,961,960,961,962,963,962,963,964,965,964,965,966,967,966,967,968,969,968,969,970,971,970,971
B|minecraft:purple_stained_glass_pane|east=false,true;north=false,true;south=false,true;waterlogged=false,true;west=false,true|972,973,972,973,974,975,974,975,976,977,976,977,978,979,978,979,980,981,980,981,982,983,982,983,984,985,984,985,986,987,986,987
B|minecraft:blue_stained_glass_pane|east=false,true;north=false,true;south=false,true;waterlogged=false,true;west=false,true|988,989,988,989,990,991,990,991,992,993,992,993,994,995,994,995,996,997,996,997,998,999,998,999,1000,1001,1000,1001,1002,1003,1002,1003
B|minecraft:brown_stained_glass_pane|east=false,true;north=false,true;south=false,true;waterlogged=false,true;west=false,true|1004,1005,1004,1005,1006,1007,1006,1007,1008,1009,1008,1009,1010,1011,1010,1011,1012,1013,1012,1013,1014,1015,1014,1015,1016,1017,1016,1017,1018,1019,1018,1019
B|minecraft:green_stained_glass_pane|east=false,true;north=false,true;south=false,true;waterlogged=false,true;west=false,true|1020,1021,1020,1021,1022,1023,1022,1023,1024,1025,1024,1025,1026,1027,1026,1027,1028,1029,1028,1029,1030,1031,1030,1031,1032,1033,1032,1033,1034,1035,1034,1035
B|minecraft:red_stained_glass_pane|east=false,true;north=false,true;south=false,true;waterlogged=false,true;west=false,true|1036,1037,1036,1037,1038,1039,1038,1039,1040,1041,1040,1041,1042,1043,1042,1043,1044,1045,1044,1045,1046,1047,1046,1047,1048,1049,1048,1049,1050,1051,1050,1051
B|minecraft:black_stained_glass_pane|east=false,true;north=false,true;south=false,true;waterlogged=false,true;west=false,true|1052,1053,1052,1053,1054,1055,1054,1055,1056,1057,1056,1057,1058,1059,1058,1059,1060,1061,1060,1061,1062,1063,1062,1063,1064,1065,1064,1065,1066,1067,1066,1067
B|minecraft:acacia_stairs|facing=north,south,west,east;half=top,bottom;shape=straight,inner_left,inner_right,outer_left,outer_right;waterlogged=false,true|28,28,29,29,30,30,31,31,32,32,33,33,34,34,35,35,36,36,37,37,38,38,39,39,40,40,41,41,42,42,43,43,44,44,45,45,46,46,47,47,48,48,40,40,29,29,42,42,31,31,49,49,45,45,34,34,47,47,36,36,50,50,30,30,39,39,32,32,41,41,51,51,35,35,44,44,37,37,46,46
B|minecraft:cherry_stairs|facing=north,south,west,east;half=top,bottom;shape=straight,inner_left,inner_right,outer_left,outer_right;waterlogged=false,true|28,28,29,29,30,30,31,31,32,32,33,33,34,34,35,35,36,36,37,37,38,38,39,39,40,40,41,41,42,42,43,43,44,44,45,45,46,46,47,47,48,48,40,40,29,29,42,42,31,31,49,49,45,45,34,34,47,47,36,36,50,50,30,30,39,39,32,32,41,41,51,51,35,35,44,44,37,37,46,46
B|minecraft:dark_oak_stairs|facing=north,south,west,east;half=top,bottom;shape=straight,inner_left,inner_right,outer_left,outer_right;waterlogged=false,true|28,28,29,29,30,30,31,31,32,32,33,33,34,34,35,35,36,36,37,37,38,38,39,39,40,40,41,41,42,42,43,43,44,44,45,45,46,46,47,47,48,48,40,40,29,29,42,42,31,31,49,49,45,45,34,34,47,47,36,36,50,50,30,30,39,39,32,32,41,41,51,51,35,35,44,44,37,37,46,46
B|minecraft:pale_oak_stairs|facing=north,south,west,east;half=top,bottom;shape=straight,inner_left,inner_right,outer_left,outer_right;waterlogged=false,true|28,28,29,29,30,30,31,31,32,32,33,33,34,34,35,35,36,36,37,37,38,38,39,39,40,40,41,41,42,42,43,43,44,44,45,45,46,46,47,47,48,48,40,40,29,29,42,42,31,31,49,49,45,45,34,34,47,47,36,36,50,50,30,30,39,39,32,32,41,41,51,51,35,35,44,44,37,37,46,46
B|minecraft:mangrove_stairs|facing=north,south,west,east;half=top,bottom;shape=straight,inner_left,inner_right,outer_left,outer_right;waterlogged=false,true|28,28,29,29,30,30,31,31,32,32,33,33,34,34,35,35,36,36,37,37,38,38,39,39,40,40,41,41,42,42,43,43,44,44,45,45,46,46,47,47,48,48,40,40,29,29,42,42,31,31,49,49,45,45,34,34,47,47,36,36,50,50,30,30,39,39,32,32,41,41,51,51,35,35,44,44,37,37,46,46
B|minecraft:bamboo_stairs|facing=north,south,west,east;half=top,bottom;shape=straight,inner_left,inner_right,outer_left,outer_right;waterlogged=false,true|28,28,29,29,30,30,31,31,32,32,33,33,34,34,35,35,36,36,37,37,38,38,39,39,40,40,41,41,42,42,43,43,44,44,45,45,46,46,47,47,48,48,40,40,29,29,42,42,31,31,49,49,45,45,34,34,47,47,36,36,50,50,30,30,39,39,32,32,41,41,51,51,35,35,44,44,37,37,46,46
B|minecraft:bamboo_mosaic_stairs|facing=north,south,west,east;half=top,bottom;shape=straight,inner_left,inner_right,outer_left,outer_right;waterlogged=false,true|28,28,29,29,30,30,31,31,32,32,33,33,34,34,35,35,36,36,37,37,38,38,39,39,40,40,41,41,42,42,43,43,44,44,45,45,46,46,47,47,48,48,40,40,29,29,42,42,31,31,49,49,45,45,34,34,47,47,36,36,50,50,30,30,39,39,32,32,41,41,51,51,35,35,44,44,37,37,46,46
B|minecraft:slime_block||1
B|minecraft:barrier|waterlogged=false,true|1
B|minecraft:light|level=0,1,2,3,4,5,6,7,8,9,10,11,12,13,14,15;waterlogged=false,true|0
B|minecraft:iron_trapdoor|facing=north,south,west,east;half=top,bottom;open=false,true;powered=false,true;waterlogged=false,true|101,101,101,101,102,102,102,102,101,101,101,101,103,103,103,103,104,104,104,104,102,102,102,102,104,104,104,104,103,103,103,103,105,105,105,105,102,102,102,102,105,105,105,105,103,103,103,103,106,106,106,106,102,102,102,102,106,106,106,106,103,103,103,103
B|minecraft:prismarine||1
B|minecraft:prismarine_bricks||1
B|minecraft:dark_prismarine||1
B|minecraft:prismarine_stairs|facing=north,south,west,east;half=top,bottom;shape=straight,inner_left,inner_right,outer_left,outer_right;waterlogged=false,true|28,28,29,29,30,30,31,31,32,32,33,33,34,34,35,35,36,36,37,37,38,38,39,39,40,40,41,41,42,42,43,43,44,44,45,45,46,46,47,47,48,48,40,40,29,29,42,42,31,31,49,49,45,45,34,34,47,47,36,36,50,50,30,30,39,39,32,32,41,41,51,51,35,35,44,44,37,37,46,46
B|minecraft:prismarine_brick_stairs|facing=north,south,west,east;half=top,bottom;shape=straight,inner_left,inner_right,outer_left,outer_right;waterlogged=false,true|28,28,29,29,30,30,31,31,32,32,33,33,34,34,35,35,36,36,37,37,38,38,39,39,40,40,41,41,42,42,43,43,44,44,45,45,46,46,47,47,48,48,40,40,29,29,42,42,31,31,49,49,45,45,34,34,47,47,36,36,50,50,30,30,39,39,32,32,41,41,51,51,35,35,44,44,37,37,46,46
B|minecraft:dark_prismarine_stairs|facing=north,south,west,east;half=top,bottom;shape=straight,inner_left,inner_right,outer_left,outer_right;waterlogged=false,true|28,28,29,29,30,30,31,31,32,32,33,33,34,34,35,35,36,36,37,37,38,38,39,39,40,40,41,41,42,42,43,43,44,44,45,45,46,46,47,47,48,48,40,40,29,29,42,42,31,31,49,49,45,45,34,34,47,47,36,36,50,50,30,30,39,39,32,32,41,41,51,51,35,35,44,44,37,37,46,46
B|minecraft:prismarine_slab|type=top,bottom,double;waterlogged=false,true|273,273,274,274,1,1
B|minecraft:prismarine_brick_slab|type=top,bottom,double;waterlogged=false,true|273,273,274,274,1,1
B|minecraft:dark_prismarine_slab|type=top,bottom,double;waterlogged=false,true|273,273,274,274,1,1
B|minecraft:sea_lantern||1
B|minecraft:hay_block|axis=x,y,z|1
B|minecraft:white_carpet||1068
B|minecraft:orange_carpet||1068
B|minecraft:magenta_carpet||1068
B|minecraft:light_blue_carpet||1068
B|minecraft:yellow_carpet||1068
B|minecraft:lime_carpet||1068
B|minecraft:pink_carpet||1068
B|minecraft:gray_carpet||1068
B|minecraft:light_gray_carpet||1068
B|minecraft:cyan_carpet||1068
B|minecraft:purple_carpet||1068
B|minecraft:blue_carpet||1068
B|minecraft:brown_carpet||1068
B|minecraft:green_carpet||1068
B|minecraft:red_carpet||1068
B|minecraft:black_carpet||1068
B|minecraft:terracotta||1
B|minecraft:coal_block||1
B|minecraft:packed_ice||1
B|minecraft:sunflower|half=upper,lower|0
B|minecraft:lilac|half=upper,lower|0
B|minecraft:rose_bush|half=upper,lower|0
B|minecraft:peony|half=upper,lower|0
B|minecraft:tall_grass|half=upper,lower|0
B|minecraft:large_fern|half=upper,lower|0
B|minecraft:white_banner|rotation=0,1,2,3,4,5,6,7,8,9,10,11,12,13,14,15|0
B|minecraft:orange_banner|rotation=0,1,2,3,4,5,6,7,8,9,10,11,12,13,14,15|0
B|minecraft:magenta_banner|rotation=0,1,2,3,4,5,6,7,8,9,10,11,12,13,14,15|0
B|minecraft:light_blue_banner|rotation=0,1,2,3,4,5,6,7,8,9,10,11,12,13,14,15|0
B|minecraft:yellow_banner|rotation=0,1,2,3,4,5,6,7,8,9,10,11,12,13,14,15|0
B|minecraft:lime_banner|rotation=0,1,2,3,4,5,6,7,8,9,10,11,12,13,14,15|0
B|minecraft:pink_banner|rotation=0,1,2,3,4,5,6,7,8,9,10,11,12,13,14,15|0
B|minecraft:gray_banner|rotation=0,1,2,3,4,5,6,7,8,9,10,11,12,13,14,15|0
B|minecraft:light_gray_banner|rotation=0,1,2,3,4,5,6,7,8,9,10,11,12,13,14,15|0
B|minecraft:cyan_banner|rotation=0,1,2,3,4,5,6,7,8,9,10,11,12,13,14,15|0
B|minecraft:purple_banner|rotation=0,1,2,3,4,5,6,7,8,9,10,11,12,13,14,15|0
B|minecraft:blue_banner|rotation=0,1,2,3,4,5,6,7,8,9,10,11,12,13,14,15|0
B|minecraft:brown_banner|rotation=0,1,2,3,4,5,6,7,8,9,10,11,12,13,14,15|0
B|minecraft:green_banner|rotation=0,1,2,3,4,5,6,7,8,9,10,11,12,13,14,15|0
B|minecraft:red_banner|rotation=0,1,2,3,4,5,6,7,8,9,10,11,12,13,14,15|0
B|minecraft:black_banner|rotation=0,1,2,3,4,5,6,7,8,9,10,11,12,13,14,15|0
B|minecraft:white_wall_banner|facing=north,south,west,east|0
B|minecraft:orange_wall_banner|facing=north,south,west,east|0
B|minecraft:magenta_wall_banner|facing=north,south,west,east|0
B|minecraft:light_blue_wall_banner|facing=north,south,west,east|0
B|minecraft:yellow_wall_banner|facing=north,south,west,east|0
B|minecraft:lime_wall_banner|facing=north,south,west,east|0
B|minecraft:pink_wall_banner|facing=north,south,west,east|0
B|minecraft:gray_wall_banner|facing=north,south,west,east|0
B|minecraft:light_gray_wall_banner|facing=north,south,west,east|0
B|minecraft:cyan_wall_banner|facing=north,south,west,east|0
B|minecraft:purple_wall_banner|facing=north,south,west,east|0
B|minecraft:blue_wall_banner|facing=north,south,west,east|0
B|minecraft:brown_wall_banner|facing=north,south,west,east|0
B|minecraft:green_wall_banner|facing=north,south,west,east|0
B|minecraft:red_wall_banner|facing=north,south,west,east|0
B|minecraft:black_wall_banner|facing=north,south,west,east|0
B|minecraft:red_sandstone||1
B|minecraft:chiseled_red_sandstone||1
B|minecraft:cut_red_sandstone||1
B|minecraft:red_sandstone_stairs|facing=north,south,west,east;half=top,bottom;shape=straight,inner_left,inner_right,outer_left,outer_right;waterlogged=false,true|28,28,29,29,30,30,31,31,32,32,33,33,34,34,35,35,36,36,37,37,38,38,39,39,40,40,41,41,42,42,43,43,44,44,45,45,46,46,47,47,48,48,40,40,29,29,42,42,31,31,49,49,45,45,34,34,47,47,36,36,50,50,30,30,39,39,32,32,41,41,51,51,35,35,44,44,37,37,46,46
B|minecraft:oak_slab|type=top,bottom,double;waterlogged=false,true|273,273,274,274,1,1
B|minecraft:spruce_slab|type=top,bottom,double;waterlogged=false,true|273,273,274,274,1,1
B|minecraft:birch_slab|type=top,bottom,double;waterlogged=false,true|273,273,274,274,1,1
B|minecraft:jungle_slab|type=top,bottom,double;waterlogged=false,true|273,273,274,274,1,1
B|minecraft:acacia_slab|type=top,bottom,double;waterlogged=false,true|273,273,274,274,1,1
B|minecraft:cherry_slab|type=top,bottom,double;waterlogged=false,true|273,273,274,274,1,1
B|minecraft:dark_oak_slab|type=top,bottom,double;waterlogged=false,true|273,273,274,274,1,1
B|minecraft:pale_oak_slab|type=top,bottom,double;waterlogged=false,true|273,273,274,274,1,1
B|minecraft:mangrove_slab|type=top,bottom,double;waterlogged=false,true|273,273,274,274,1,1
B|minecraft:bamboo_slab|type=top,bottom,double;waterlogged=false,true|273,273,274,274,1,1
B|minecraft:bamboo_mosaic_slab|type=top,bottom,double;waterlogged=false,true|273,273,274,274,1,1
B|minecraft:stone_slab|type=top,bottom,double;waterlogged=false,true|273,273,274,274,1,1
B|minecraft:smooth_stone_slab|type=top,bottom,double;waterlogged=false,true|273,273,274,274,1,1
B|minecraft:sandstone_slab|type=top,bottom,double;waterlogged=false,true|273,273,274,274,1,1
B|minecraft:cut_sandstone_slab|type=top,bottom,double;waterlogged=false,true|273,273,274,274,1,1
B|minecraft:petrified_oak_slab|type=top,bottom,double;waterlogged=false,true|273,273,274,274,1,1
B|minecraft:cobblestone_slab|type=top,bottom,double;waterlogged=false,true|273,273,274,274,1,1
B|minecraft:brick_slab|type=top,bottom,double;waterlogged=false,true|273,273,274,274,1,1
B|minecraft:stone_brick_slab|type=top,bottom,double;waterlogged=false,true|273,273,274,274,1,1
B|minecraft:mud_brick_slab|type=top,bottom,double;waterlogged=false,true|273,273,274,274,1,1
B|minecraft:nether_brick_slab|type=top,bottom,double;waterlogged=false,true|273,273,274,274,1,1
B|minecraft:quartz_slab|type=top,bottom,double;waterlogged=false,true|273,273,274,274,1,1
B|minecraft:red_sandstone_slab|type=top,bottom,double;waterlogged=false,true|273,273,274,274,1,1
B|minecraft:cut_red_sandstone_slab|type=top,bottom,double;waterlogged=false,true|273,273,274,274,1,1
B|minecraft:purpur_slab|type=top,bottom,double;waterlogged=false,true|273,273,274,274,1,1
B|minecraft:smooth_stone||1
B|minecraft:smooth_sandstone||1
B|minecraft:smooth_quartz||1
B|minecraft:smooth_red_sandstone||1
B|minecraft:spruce_fence_gate|facing=north,south,west,east;in_wall=false,true;open=false,true;powered=false,true|0,0,270,270,0,0,270,270,0,0,270,270,0,0,270,270,0,0,271,271,0,0,271,271,0,0,271,271,0,0,271,271
B|minecraft:birch_fence_gate|facing=north,south,west,east;in_wall=false,true;open=false,true;powered=false,true|0,0,270,270,0,0,270,270,0,0,270,270,0,0,270,270,0,0,271,271,0,0,271,271,0,0,271,271,0,0,271,271
B|minecraft:jungle_fence_gate|facing=north,south,west,east;in_wall=false,true;open=false,true;powered=false,true|0,0,270,270,0,0,270,270,0,0,270,270,0,0,270,270,0,0,271,271,0,0,271,271,0,0,271,271,0,0,271,271
B|minecraft:acacia_fence_gate|facing=north,south,west,east;in_wall=false,true;open=false,true;powered=false,true|0,0,270,270,0,0,270,270,0,0,270,270,0,0,270,270,0,0,271,271,0,0,271,271,0,0,271,271,0,0,271,271
B|minecraft:cherry_fence_gate|facing=north,south,west,east;in_wall=false,true;open=false,true;powered=false,true|0,0,270,270,0,0,270,270,0,0,270,270,0,0,270,270,0,0,271,271,0,0,271,271,0,0,271,271,0,0,271,271
B|minecraft:dark_oak_fence_gate|facing=north,south,west,east;in_wall=false,true;open=false,true;powered=false,true|0,0,270,270,0,0,270,270,0,0,270,270,0,0,270,270,0,0,271,271,0,0,271,271,0,0,271,271,0,0,271,271
B|minecraft:pale_oak_fence_gate|facing=north,south,west,east;in_wall=false,true;open=false,true;powered=false,true|0,0,270,270,0,0,270,270,0,0,270,270,0,0,270,270,0,0,271,271,0,0,271,271,0,0,271,271,0,0,271,271
B|minecraft:mangrove_fence_gate|facing=north,south,west,east;in_wall=false,true;open=false,true;powered=false,true|0,0,270,270,0,0,270,270,0,0,270,270,0,0,270,270,0,0,271,271,0,0,271,271,0,0,271,271,0,0,271,271
B|minecraft:bamboo_fence_gate|facing=north,south,west,east;in_wall=false,true;open=false,true;powered=false,true|0,0,270,270,0,0,270,270,0,0,270,270,0,0,270,270,0,0,271,271,0,0,271,271,0,0,271,271,0,0,271,271
B|minecraft:spruce_fence|east=false,true;north=false,true;south=false,true;waterlogged=false,true;west=false,true|1069,1070,1069,1070,1071,1072,1071,1072,1073,1074,1073,1074,1075,1076,1075,1076,1077,1078,1077,1078,1079,1080,1079,1080,1081,1082,1081,1082,1083,1084,1083,1084
B|minecraft:birch_fence|east=false,true;north=false,true;south=false,true;waterlogged=false,true;west=false,true|1085,1086,1085,1086,1087,1088,1087,1088,1089,1090,1089,1090,1091,1092,1091,1092,1093,1094,1093,1094,1095,1096,1095,1096,1097,1098,1097,1098,1099,1100,1099,1100
B|minecraft:jungle_fence|east=false,true;north=false,true;south=false,true;waterlogged=false,true;west=false,true|1101,1102,1101,1102,1103,1104,1103,1104,1105,1106,1105,1106,1107,1108,1107,1108,1109,1110,1109,1110,1111,1112,1111,1112,1113,1114,1113,1114,1115,1116,1115,1116
B|minecraft:acacia_fence|east=false,true;north=false,true;south=false,true;waterlogged=false,true;west=false,true|1117,1118,1117,1118,1119,1120,1119,1120,1121,1122,1121,1122,1123,1124,1123,1124,1125,1126,1125,1126,1127,1128,1127,1128,1129,1130,1129,1130,1131,1132,1131,1132
B|minecraft:cherry_fence|east=false,true;north=false,true;south=false,true;waterlogged=false,true;west=false,true|1133,1134,1133,1134,1135,1136,1135,1136,1137,1138,1137,1138,1139,1140,1139,1140,1141,1142,1141,1142,1143,1144,1143,1144,1145,1146,1145,1146,1147,1148,1147,1148
B|minecraft:dark_oak_fence|east=false,true;north=false,true;south=false,true;waterlogged=false,true;west=false,true|1149,1150,1149,1150,1151,1152,1151,1152,1153,1154,1153,1154,1155,1156,1155,1156,1157,1158,1157,1158,1159,1160,1159,1160,1161,1162,1161,1162,1163,1164,1163,1164
B|minecraft:pale_oak_fence|east=false,true;north=false,true;south=false,true;waterlogged=false,true;west=false,true|1165,1166,1165,1166,1167,1168,1167,1168,1169,1170,1169,1170,1171,1172,1171,1172,1173,1174,1173,1174,1175,1176,1175,1176,1177,1178,1177,1178,1179,1180,1179,1180
B|minecraft:mangrove_fence|east=false,true;north=false,true;south=false,true;waterlogged=false,true;west=false,true|1181,1182,1181,1182,1183,1184,1183,1184,1185,1186,1185,1186,1187,1188,1187,1188,1189,1190,1189,1190,1191,1192,1191,1192,1193,1194,1193,1194,1195,1196,1195,1196
B|minecraft:bamboo_fence|east=false,true;north=false,true;south=false,true;waterlogged=false,true;west=false,true|1197,1198,1197,1198,1199,1200,1199,1200,1201,1202,1201,1202,1203,1204,1203,1204,1205,1206,1205,1206,1207,1208,1207,1208,1209,1210,1209,1210,1211,1212,1211,1212
B|minecraft:spruce_door|facing=north,south,west,east;half=upper,lower;hinge=left,right;open=false,true;powered=false,true|58,58,59,59,60,60,59,59,58,58,59,59,60,60,59,59,60,60,61,61,58,58,61,61,60,60,61,61,58,58,61,61,59,59,60,60,61,61,60,60,59,59,60,60,61,61,60,60,61,61,58,58,59,59,58,58,61,61,58,58,59,59,58,58
B|minecraft:birch_door|facing=north,south,west,east;half=upper,lower;hinge=left,right;open=false,true;powered=false,true|58,58,59,59,60,60,59,59,58,58,59,59,60,60,59,59,60,60,61,61,58,58,61,61,60,60,61,61,58,58,61,61,59,59,60,60,61,61,60,60,59,59,60,60,61,61,60,60,61,61,58,58,59,59,58,58,61,61,58,58,59,59,58,58
B|minecraft:jungle_door|facing=north,south,west,east;half=upper,lower;hinge=left,right;open=false,true;powered=false,true|58,58,59,59,60,60,59,59,58,58,59,59,60,60,59,59,60,60,61,61,58,58,61,61,60,60,61,61,58,58,61,61,59,59,60,60,61,61,60,60,59,59,60,60,61,61,60,60,61,61,58,58,59,59,58,58,61,61,58,58,59,59,58,58
B|minecraft:acacia_door|facing=north,south,west,east;half=upper,lower;hinge=left,right;open=false,true;powered=false,true|58,58,59,59,60,60,59,59,58,58,59,59,60,60,59,59,60,60,61,61,58,58,61,61,60,60,61,61,58,58,61,61,59,59,60,60,61,61,60,60,59,59,60,60,61,61,60,60,61,61,58,58,59,59,58,58,61,61,58,58,59,59,58,58
B|minecraft:cherry_door|facing=north,south,west,east;half=upper,lower;hinge=left,right;open=false,true;powered=false,true|58,58,59,59,60,60,59,59,58,58,59,59,60,60,59,59,60,60,61,61,58,58,61,61,60,60,61,61,58,58,61,61,59,59,60,60,61,61,60,60,59,59,60,60,61,61,60,60,61,61,58,58,59,59,58,58,61,61,58,58,59,59,58,58
B|minecraft:dark_oak_door|facing=north,south,west,east;half=upper,lower;hinge=left,right;open=false,true;powered=false,true|58,58,59,59,60,60,59,59,58,58,59,59,60,60,59,59,60,60,61,61,58,58,61,61,60,60,61,61,58,58,61,61,59,59,60,60,61,61,60,60,59,59,60,60,61,61,60,60,61,61,58,58,59,59,58,58,61,61,58,58,59,59,58,58
B|minecraft:pale_oak_door|facing=north,south,west,east;half=upper,lower;hinge=left,right;open=false,true;powered=false,true|58,58,59,59,60,60,59,59,58,58,59,59,60,60,59,59,60,60,61,61,58,58,61,61,60,60,61,61,58,58,61,61,59,59,60,60,61,61,60,60,59,59,60,60,61,61,60,60,61,61,58,58,59,59,58,58,61,61,58,58,59,59,58,58
B|minecraft:mangrove_door|facing=north,south,west,east;half=upper,lower;hinge=left,right;open=false,true;powered=false,true|58,58,59,59,60,60,59,59,58,58,59,59,60,60,59,59,60,60,61,61,58,58,61,61,60,60,61,61,58,58,61,61,59,59,60,60,61,61,60,60,59,59,60,60,61,61,60,60,61,61,58,58,59,59,58,58,61,61,58,58,59,59,58,58
B|minecraft:bamboo_door|facing=north,south,west,east;half=upper,lower;hinge=left,right;open=false,true;powered=false,true|58,58,59,59,60,60,59,59,58,58,59,59,60,60,59,59,60,60,61,61,58,58,61,61,60,60,61,61,58,58,61,61,59,59,60,60,61,61,60,60,59,59,60,60,61,61,60,60,61,61,58,58,59,59,58,58,61,61,58,58,59,59,58,58
B|minecraft:end_rod|facing=north,east,south,west,up,down|1213,1214,1213,1214,1215,1215
B|minecraft:chorus_plant|down=false,true;east=false,true;north=false,true;south=false,true;up=false,true;west=false,true|1216,1217,1218,1219,1220,1221,1222,1223,1224,1225,1226,1227,1228,1229,1230,1231,1232,1233,1234,1235,1236,1237,1238,1239,1240,1241,1242,1243,1244,1245,1246,1247,1248,1249,1250,1251,1252,1253,1254,1255,1256,1257,1258,1259,1260,1261,1262,1263,1264,1265,1266,1267,1268,1269,1270,1271,1272,1273,1274,1275,1276,1277,1278,1279
B|minecraft:chorus_flower|age=0,1,2,3,4,5|1
B|minecraft:purpur_block||1
B|minecraft:purpur_pillar|axis=x,y,z|1
B|minecraft:purpur_stairs|facing=north,south,west,east;half=top,bottom;shape=straight,inner_left,inner_right,outer_left,outer_right;waterlogged=false,true|28,28,29,29,30,30,31,31,32,32,33,33,34,34,35,35,36,36,37,37,38,38,39,39,40,40,41,41,42,42,43,43,44,44,45,45,46,46,47,47,48,48,40,40,29,29,42,42,31,31,49,49,45,45,34,34,47,47,36,36,50,50,30,30,39,39,32,32,41,41,51,51,35,35,44,44,37,37,46,46
B|minecraft:end_stone_bricks||1
B|minecraft:torchflower_crop|age=0,1|0
B|minecraft:pitcher_crop|age=0,1,2,3,4;half=upper,lower|0,1280,0,1281,0,1281,0,1281,0,1281
B|minecraft:pitcher_plant|half=upper,lower|0
B|minecraft:beetroots|age=0,1,2,3|0
B|minecraft:dirt_path||1282
B|minecraft:end_gateway||0
B|minecraft:repeating_command_block|conditional=false,true;facing=north,east,south,west,up,down|1
B|minecraft:chain_command_block|conditional=false,true;facing=north,east,south,west,up,down|1
B|minecraft:frosted_ice|age=0,1,2,3|1
B|minecraft:magma_block||1
B|minecraft:nether_wart_block||1
B|minecraft:red_nether_bricks||1
B|minecraft:bone_block|axis=x,y,z|1
B|minecraft:structure_void||0
B|minecraft:observer|facing=north,east,south,west,up,down;powered=false,true|1
B|minecraft:shulker_box|facing=north,east,south,west,up,down|1
B|minecraft:white_shulker_box|facing=north,east,south,west,up,down|1
B|minecraft:orange_shulker_box|facing=north,east,south,west,up,down|1
B|minecraft:magenta_shulker_box|facing=north,east,south,west,up,down|1
B|minecraft:light_blue_shulker_box|facing=north,east,south,west,up,down|1
B|minecraft:yellow_shulker_box|facing=north,east,south,west,up,down|1
B|minecraft:lime_shulker_box|facing=north,east,south,west,up,down|1
B|minecraft:pink_shulker_box|facing=north,east,south,west,up,down|1
B|minecraft:gray_shulker_box|facing=north,east,south,west,up,down|1
B|minecraft:light_gray_shulker_box|facing=north,east,south,west,up,down|1
B|minecraft:cyan_shulker_box|facing=north,east,south,west,up,down|1
B|minecraft:purple_shulker_box|facing=north,east,south,west,up,down|1
B|minecraft:blue_shulker_box|facing=north,east,south,west,up,down|1
B|minecraft:brown_shulker_box|facing=north,east,south,west,up,down|1
B|minecraft:green_shulker_box|facing=north,east,south,west,up,down|1
B|minecraft:red_shulker_box|facing=north,east,south,west,up,down|1
B|minecraft:black_shulker_box|facing=north,east,south,west,up,down|1
B|minecraft:white_glazed_terracotta|facing=north,south,west,east|1
B|minecraft:orange_glazed_terracotta|facing=north,south,west,east|1
B|minecraft:magenta_glazed_terracotta|facing=north,south,west,east|1
B|minecraft:light_blue_glazed_terracotta|facing=north,south,west,east|1
B|minecraft:yellow_glazed_terracotta|facing=north,south,west,east|1
B|minecraft:lime_glazed_terracotta|facing=north,south,west,east|1
B|minecraft:pink_glazed_terracotta|facing=north,south,west,east|1
B|minecraft:gray_glazed_terracotta|facing=north,south,west,east|1
B|minecraft:light_gray_glazed_terracotta|facing=north,south,west,east|1
B|minecraft:cyan_glazed_terracotta|facing=north,south,west,east|1
B|minecraft:purple_glazed_terracotta|facing=north,south,west,east|1
B|minecraft:blue_glazed_terracotta|facing=north,south,west,east|1
B|minecraft:brown_glazed_terracotta|facing=north,south,west,east|1
B|minecraft:green_glazed_terracotta|facing=north,south,west,east|1
B|minecraft:red_glazed_terracotta|facing=north,south,west,east|1
B|minecraft:black_glazed_terracotta|facing=north,south,west,east|1
B|minecraft:white_concrete||1
B|minecraft:orange_concrete||1
B|minecraft:magenta_concrete||1
B|minecraft:light_blue_concrete||1
B|minecraft:yellow_concrete||1
B|minecraft:lime_concrete||1
B|minecraft:pink_concrete||1
B|minecraft:gray_concrete||1
B|minecraft:light_gray_concrete||1
B|minecraft:cyan_concrete||1
B|minecraft:purple_concrete||1
B|minecraft:blue_concrete||1
B|minecraft:brown_concrete||1
B|minecraft:green_concrete||1
B|minecraft:red_concrete||1
B|minecraft:black_concrete||1
B|minecraft:white_concrete_powder||1
B|minecraft:orange_concrete_powder||1
B|minecraft:magenta_concrete_powder||1
B|minecraft:light_blue_concrete_powder||1
B|minecraft:yellow_concrete_powder||1
B|minecraft:lime_concrete_powder||1
B|minecraft:pink_concrete_powder||1
B|minecraft:gray_concrete_powder||1
B|minecraft:light_gray_concrete_powder||1
B|minecraft:cyan_concrete_powder||1
B|minecraft:purple_concrete_powder||1
B|minecraft:blue_concrete_powder||1
B|minecraft:brown_concrete_powder||1
B|minecraft:green_concrete_powder||1
B|minecraft:red_concrete_powder||1
B|minecraft:black_concrete_powder||1
B|minecraft:kelp|age=0,1,2,3,4,5,6,7,8,9,10,11,12,13,14,15,16,17,18,19,20,21,22,23,24,25|0
B|minecraft:kelp_plant||0
B|minecraft:dried_kelp_block||1
B|minecraft:turtle_egg|eggs=1,2,3,4;hatch=0,1,2|1283,1283,1283,1284,1284,1284,1284,1284,1284,1284,1284,1284
B|minecraft:sniffer_egg|hatch=0,1,2|1285
B|minecraft:dried_ghast|facing=north,south,west,east;hydration=0,1,2,3;waterlogged=false,true|1286
B|minecraft:dead_tube_coral_block||1
B|minecraft:dead_brain_coral_block||1
B|minecraft:dead_bubble_coral_block||1
B|minecraft:dead_fire_coral_block||1
B|minecraft:dead_horn_coral_block||1
B|minecraft:tube_coral_block||1
B|minecraft:brain_coral_block||1
B|minecraft:bubble_coral_block||1
B|minecraft:fire_coral_block||1
B|minecraft:horn_coral_block||1
B|minecraft:dead_tube_coral|waterlogged=false,true|0
B|minecraft:dead_brain_coral|waterlogged=false,true|0
B|minecraft:dead_bubble_coral|waterlogged=false,true|0
B|minecraft:dead_fire_coral|waterlogged=false,true|0
B|minecraft:dead_horn_coral|waterlogged=false,true|0
B|minecraft:tube_coral|waterlogged=false,true|0
B|minecraft:brain_coral|waterlogged=false,true|0
B|minecraft:bubble_coral|waterlogged=false,true|0
B|minecraft:fire_coral|waterlogged=false,true|0
B|minecraft:horn_coral|waterlogged=false,true|0
B|minecraft:dead_tube_coral_fan|waterlogged=false,true|0
B|minecraft:dead_brain_coral_fan|waterlogged=false,true|0
B|minecraft:dead_bubble_coral_fan|waterlogged=false,true|0
B|minecraft:dead_fire_coral_fan|waterlogged=false,true|0
B|minecraft:dead_horn_coral_fan|waterlogged=false,true|0
B|minecraft:tube_coral_fan|waterlogged=false,true|0
B|minecraft:brain_coral_fan|waterlogged=false,true|0
B|minecraft:bubble_coral_fan|waterlogged=false,true|0
B|minecraft:fire_coral_fan|waterlogged=false,true|0
B|minecraft:horn_coral_fan|waterlogged=false,true|0
B|minecraft:dead_tube_coral_wall_fan|facing=north,south,west,east;waterlogged=false,true|0
B|minecraft:dead_brain_coral_wall_fan|facing=north,south,west,east;waterlogged=false,true|0
B|minecraft:dead_bubble_coral_wall_fan|facing=north,south,west,east;waterlogged=false,true|0
B|minecraft:dead_fire_coral_wall_fan|facing=north,south,west,east;waterlogged=false,true|0
B|minecraft:dead_horn_coral_wall_fan|facing=north,south,west,east;waterlogged=false,true|0
B|minecraft:tube_coral_wall_fan|facing=north,south,west,east;waterlogged=false,true|0
B|minecraft:brain_coral_wall_fan|facing=north,south,west,east;waterlogged=false,true|0
B|minecraft:bubble_coral_wall_fan|facing=north,south,west,east;waterlogged=false,true|0
B|minecraft:fire_coral_wall_fan|facing=north,south,west,east;waterlogged=false,true|0
B|minecraft:horn_coral_wall_fan|facing=north,south,west,east;waterlogged=false,true|0
B|minecraft:sea_pickle|pickles=1,2,3,4;waterlogged=false,true|1287,1287,1288,1288,1289,1289,1290,1290
B|minecraft:blue_ice||1
B|minecraft:conduit|waterlogged=false,true|1291
B|minecraft:bamboo_sapling||0
B|minecraft:bamboo|age=0,1;leaves=none,small,large;stage=0,1|1292,1293,1294,1295,1296,1297,1298,1299,1300,1301,1302,1303
B|minecraft:potted_bamboo||793
B|minecraft:void_air||0
B|minecraft:cave_air||0
B|minecraft:bubble_column|drag=false,true|0
B|minecraft:polished_granite_stairs|facing=north,south,west,east;half=top,bottom;shape=straight,inner_left,inner_right,outer_left,outer_right;waterlogged=false,true|28,28,29,29,30,30,31,31,32,32,33,33,34,34,35,35,36,36,37,37,38,38,39,39,40,40,41,41,42,42,43,43,44,44,45,45,46,46,47,47,48,48,40,40,29,29,42,42,31,31,49,49,45,45,34,34,47,47,36,36,50,50,30,30,39,39,32,32,41,41,51,51,35,35,44,44,37,37,46,46
B|minecraft:smooth_red_sandstone_stairs|facing=north,south,west,east;half=top,bottom;shape=straight,inner_left,inner_right,outer_left,outer_right;waterlogged=false,true|28,28,29,29,30,30,31,31,32,32,33,33,34,34,35,35,36,36,37,37,38,38,39,39,40,40,41,41,42,42,43,43,44,44,45,45,46,46,47,47,48,48,40,40,29,29,42,42,31,31,49,49,45,45,34,34,47,47,36,36,50,50,30,30,39,39,32,32,41,41,51,51,35,35,44,44,37,37,46,46
B|minecraft:mossy_stone_brick_stairs|facing=north,south,west,east;half=top,bottom;shape=straight,inner_left,inner_right,outer_left,outer_right;waterlogged=false,true|28,28,29,29,30,30,31,31,32,32,33,33,34,34,35,35,36,36,37,37,38,38,39,39,40,40,41,41,42,42,43,43,44,44,45,45,46,46,47,47,48,48,40,40,29,29,42,42,31,31,49,49,45,45,34,34,47,47,36,36,50,50,30,30,39,39,32,32,41,41,51,51,35,35,44,44,37,37,46,46
B|minecraft:polished_diorite_stairs|facing=north,south,west,east;half=top,bottom;shape=straight,inner_left,inner_right,outer_left,outer_right;waterlogged=false,true|28,28,29,29,30,30,31,31,32,32,33,33,34,34,35,35,36,36,37,37,38,38,39,39,40,40,41,41,42,42,43,43,44,44,45,45,46,46,47,47,48,48,40,40,29,29,42,42,31,31,49,49,45,45,34,34,47,47,36,36,50,50,30,30,39,39,32,32,41,41,51,51,35,35,44,44,37,37,46,46
B|minecraft:mossy_cobblestone_stairs|facing=north,south,west,east;half=top,bottom;shape=straight,inner_left,inner_right,outer_left,outer_right;waterlogged=false,true|28,28,29,29,30,30,31,31,32,32,33,33,34,34,35,35,36,36,37,37,38,38,39,39,40,40,41,41,42,42,43,43,44,44,45,45,46,46,47,47,48,48,40,40,29,29,42,42,31,31,49,49,45,45,34,34,47,47,36,36,50,50,30,30,39,39,32,32,41,41,51,51,35,35,44,44,37,37,46,46
B|minecraft:end_stone_brick_stairs|facing=north,south,west,east;half=top,bottom;shape=straight,inner_left,inner_right,outer_left,outer_right;waterlogged=false,true|28,28,29,29,30,30,31,31,32,32,33,33,34,34,35,35,36,36,37,37,38,38,39,39,40,40,41,41,42,42,43,43,44,44,45,45,46,46,47,47,48,48,40,40,29,29,42,42,31,31,49,49,45,45,34,34,47,47,36,36,50,50,30,30,39,39,32,32,41,41,51,51,35,35,44,44,37,37,46,46
B|minecraft:stone_stairs|facing=north,south,west,east;half=top,bottom;shape=straight,inner_left,inner_right,outer_left,outer_right;waterlogged=false,true|28,28,29,29,30,30,31,31,32,32,33,33,34,34,35,35,36,36,37,37,38,38,39,39,40,40,41,41,42,42,43,43,44,44,45,45,46,46,47,47,48,48,40,40,29,29,42,42,31,31,49,49,45,45,34,34,47,47,36,36,50,50,30,30,39,39,32,32,41,41,51,51,35,35,44,44,37,37,46,46
B|minecraft:smooth_sandstone_stairs|facing=north,south,west,east;half=top,bottom;shape=straight,inner_left,inner_right,outer_left,outer_right;waterlogged=false,true|28,28,29,29,30,30,31,31,32,32,33,33,34,34,35,35,36,36,37,37,38,38,39,39,40,40,41,41,42,42,43,43,44,44,45,45,46,46,47,47,48,48,40,40,29,29,42,42,31,31,49,49,45,45,34,34,47,47,36,36,50,50,30,30,39,39,32,32,41,41,51,51,35,35,44,44,37,37,46,46
B|minecraft:smooth_quartz_stairs|facing=north,south,west,east;half=top,bottom;shape=straight,inner_left,inner_right,outer_left,outer_right;waterlogged=false,true|28,28,29,29,30,30,31,31,32,32,33,33,34,34,35,35,36,36,37,37,38,38,39,39,40,40,41,41,42,42,43,43,44,44,45,45,46,46,47,47,48,48,40,40,29,29,42,42,31,31,49,49,45,45,34,34,47,47,36,36,50,50,30,30,39,39,32,32,41,41,51,51,35,35,44,44,37,37,46,46
B|minecraft:granite_stairs|facing=north,south,west,east;half=top,bottom;shape=straight,inner_left,inner_right,outer_left,outer_right;waterlogged=false,true|28,28,29,29,30,30,31,31,32,32,33,33,34,34,35,35,36,36,37,37,38,38,39,39,40,40,41,41,42,42,43,43,44,44,45,45,46,46,47,47,48,48,40,40,29,29,42,42,31,31,49,49,45,45,34,34,47,47,36,36,50,50,30,30,39,39,32,32,41,41,51,51,35,35,44,44,37,37,46,46
B|minecraft:andesite_stairs|facing=north,south,west,east;half=top,bottom;shape=straight,inner_left,inner_right,outer_left,outer_right;waterlogged=false,true|28,28,29,29,30,30,31,31,32,32,33,33,34,34,35,35,36,36,37,37,38,38,39,39,40,40,41,41,42,42,43,43,44,44,45,45,46,46,47,47,48,48,40,40,29,29,42,42,31,31,49,49,45,45,34,34,47,47,36,36,50,50,30,30,39,39,32,32,41,41,51,51,35,35,44,44,37,37,46,46
B|minecraft:red_nether_brick_stairs|facing=north,south,west,east;half=top,bottom;shape=straight,inner_left,inner_right,outer_left,outer_right;waterlogged=false,true|28,28,29,29,30,30,31,31,32,32,33,33,34,34,35,35,36,36,37,37,38,38,39,39,40,40,41,41,42,42,43,43,44,44,45,45,46,46,47,47,48,48,40,40,29,29,42,42,31,31,49,49,45,45,34,34,47,47,36,36,50,50,30,30,39,39,32,32,41,41,51,51,35,35,44,44,37,37,46,46
B|minecraft:polished_andesite_stairs|facing=north,south,west,east;half=top,bottom;shape=straight,inner_left,inner_right,outer_left,outer_right;waterlogged=false,true|28,28,29,29,30,30,31,31,32,32,33,33,34,34,35,35,36,36,37,37,38,38,39,39,40,40,41,41,42,42,43,43,44,44,45,45,46,46,47,47,48,48,40,40,29,29,42,42,31,31,49,49,45,45,34,34,47,47,36,36,50,50,30,30,39,39,32,32,41,41,51,51,35,35,44,44,37,37,46,46
B|minecraft:diorite_stairs|facing=north,south,west,east;half=top,bottom;shape=straight,inner_left,inner_right,outer_left,outer_right;waterlogged=false,true|28,28,29,29,30,30,31,31,32,32,33,33,34,34,35,35,36,36,37,37,38,38,39,39,40,40,41,41,42,42,43,43,44,44,45,45,46,46,47,47,48,48,40,40,29,29,42,42,31,31,49,49,45,45,34,34,47,47,36,36,50,50,30,30,39,39,32,32,41,41,51,51,35,35,44,44,37,37,46,46
B|minecraft:polished_granite_slab|type=top,bottom,double;waterlogged=false,true|273,273,274,274,1,1
B|minecraft:smooth_red_sandstone_slab|type=top,bottom,double;waterlogged=false,true|273,273,274,274,1,1
B|minecraft:mossy_stone_brick_slab|type=top,bottom,double;waterlogged=false,true|273,273,274,274,1,1
B|minecraft:polished_diorite_slab|type=top,bottom,double;waterlogged=false,true|273,273,274,274,1,1
B|minecraft:mossy_cobblestone_slab|type=top,bottom,double;waterlogged=false,true|273,273,274,274,1,1
B|minecraft:end_stone_brick_slab|type=top,bottom,double;waterlogged=false,true|273,273,274,274,1,1
B|minecraft:smooth_sandstone_slab|type=top,bottom,double;waterlogged=false,true|273,273,274,274,1,1
B|minecraft:smooth_quartz_slab|type=top,bottom,double;waterlogged=false,true|273,273,274,274,1,1
B|minecraft:granite_slab|type=top,bottom,double;waterlogged=false,true|273,273,274,274,1,1
B|minecraft:andesite_slab|type=top,bottom,double;waterlogged=false,true|273,273,274,274,1,1
B|minecraft:red_nether_brick_slab|type=top,bottom,double;waterlogged=false,true|273,273,274,274,1,1
B|minecraft:polished_andesite_slab|type=top,bottom,double;waterlogged=false,true|273,273,274,274,1,1
B|minecraft:diorite_slab|type=top,bottom,double;waterlogged=false,true|273,273,274,274,1,1
B|minecraft:brick_wall|east=none,low,tall;north=none,low,tall;south=none,low,tall;up=false,true;waterlogged=false,true;west=none,low,tall|1304,1305,1306,1304,1305,1306,0,1307,1308,0,1307,1308,1309,1310,1311,1309,1310,1311,1312,1313,1314,1312,1313,1314,1315,1316,1317,1315,1316,1317,1318,1319,1320,1318,1319,1320,1321,1322,1323,1321,1322,1323,1324,1325,1326,1324,1325,1326,1327,1328,1329,1327,1328,1329,1330,1331,1332,1330,1331,1332,1333,1334,1335,1333,1334,1335,1336,1337,1338,1336,1337,1338,1339,1340,1341,1339,1340,1341,1342,1343,1344,1342,1343,1344,1345,1346,1347,1345,1346,1347,1348,1349,1350,1348,1349,1350,1351,1352,1353,1351,1352,1353,1354,1355,1356,1354,1355,1356,1357,1358,1359,1357,1358,1359,1360,1361,1362,1360,1361,1362,1363,1364,1365,1363,1364,1365,1366,1367,1368,1366,1367,1368,1369,1370,1371,1369,1370,1371,1372,1373,1374,1372,1373,1374,1375,1376,1377,1375,1376,1377,1378,1379,1380,1378,1379,1380,1381,1382,1383,1381,1382,1383,1384,1385,1386,1384,1385,1386,1387,1388,1389,1387,1388,1389,1390,1391,1392,1390,1391,1392,1393,1394,1395,1393,1394,1395,1396,1397,1398,1396,1397,1398,1399,1400,1401,1399,1400,1401,1402,1403,1404,1402,1403,1404,1405,1406,1407,1405,1406,1407,1408,1409,1410,1408,1409,1410,1411,1412,1413,1411,1412,1413,1414,1415,1416,1414,1415,1416,1417,1418,1419,1417,1418,1419,1420,1421,1422,1420,1421,1422,1423,1424,1425,1423,1424,1425,1426,1427,1428,1426,1427,1428,1429,1430,1431,1429,1430,1431,1432,1433,1434,1432,1433,1434,1435,1436,1437,1435,1436,1437,1438,1439,1440,1438,1439,1440,1441,1442,1443,1441,1442,1443,1444,1445,1446,1444,1445,1446,1447,1448,1449,1447,1448,1449,1450,1451,1452,1450,1451,1452,1453,1454,1455,1453,1454,1455,1456,1457,1458,1456,1457,1458,1459,1460,1461,1459,1460,1461,1462,1463,1464,1462,1463,1464
B|minecraft:prismarine_wall|east=none,low,tall;north=none,low,tall;south=none,low,tall;up=false,true;waterlogged=false,true;west=none,low,tall|1465,1466,1467,1465,1466,1467,0,1468,1469,0,1468,1469,1470,1471,1472,1470,1471,1472,1473,1474,1475,1473,1474,1475,1476,1477,1478,1476,1477,1478,1479,1480,1481,1479,1480,1481,1482,1483,1484,1482,1483,1484,1485,1486,1487,1485,1486,1487,1488,1489,1490,1488,1489,1490,1491,1492,1493,1491,1492,1493,1494,1495,1496,1494,1495,1496,1497,1498,1499,1497,1498,1499,1500,1501,1502,1500,1501,1502,1503,1504,1505,1503,1504,1505,1506,1507,1508,1506,1507,1508,1509,1510,1511,1509,1510,1511,1512,1513,1514,1512,1513,1514,1515,1516,1517,1515,1516,1517,1518,1519,1520,1518,1519,1520,1521,1522,1523,1521,1522,1523,1524,1525,1526,1524,1525,1526,1527,1528,1529,1527,1528,1529,1530,1531,1532,1530,1531,1532,1533,1534,1535,1533,1534,1535,1536,1537,1538,1536,1537,1538,1539,1540,1541,1539,1540,1541,1542,1543,1544,1542,1543,1544,1545,1546,1547,1545,1546,1547,1548,1549,1550,1548,1549,1550,1551,1552,1553,1551,1552,1553,1554,1555,1556,1554,1555,1556,1557,1558,1559,1557,1558,1559,1560,1561,1562,1560,1561,1562,1563,1564,1565,1563,1564,1565,1566,1567,1568,1566,1567,1568,1569,1570,1571,1569,1570,1571,1572,1573,1574,1572,1573,1574,1575,1576,1577,1575,1576,1577,1578,1579,1580,1578,1579,1580,1581,1582,1583,1581,1582,1583,1584,1585,1586,1584,1585,1586,1587,1588,1589,1587,1588,1589,1590,1591,1592,1590,1591,1592,1593,1594,1595,1593,1594,1595,1596,1597,1598,1596,1597,1598,1599,1600,1601,1599,1600,1601,1602,1603,1604,1602,1603,1604,1605,1606,1607,1605,1606,1607,1608,1609,1610,1608,1609,1610,1611,1612,1613,1611,1612,1613,1614,1615,1616,1614,1615,1616,1617,1618,1619,1617,1618,1619,1620,1621,1622,1620,1621,1622,1623,1624,1625,1623,1624,1625
B|minecraft:red_sandstone_wall|east=none,low,tall;north=none,low,tall;south=none,low,tall;up=false,true;waterlogged=false,true;west=none,low,tall|1626,1627,1628,1626,1627,1628,0,1629,1630,0,1629,1630,1631,1632,1633,1631,1632,1633,1634,1635,1636,1634,1635,1636,1637,1638,1639,1637,1638,1639,1640,1641,1642,1640,1641,1642,1643,1644,1645,1643,1644,1645,1646,1647,1648,1646,1647,1648,1649,1650,1651,1649,1650,1651,1652,1653,1654,1652,1653,1654,1655,1656,1657,1655,1656,1657,1658,1659,1660,1658,1659,1660,1661,1662,1663,1661,1662,1663,1664,1665,1666,1664,1665,1666,1667,1668,1669,1667,1668,1669,1670,1671,1672,1670,1671,1672,1673,1674,1675,1673,1674,1675,1676,1677,1678,1676,1677,1678,1679,1680,1681,1679,1680,1681,1682,1683,1684,1682,1683,1684,1685,1686,1687,1685,1686,1687,1688,1689,1690,1688,1689,1690,1691,1692,1693,1691,1692,1693,1694,1695,1696,1694,1695,1696,1697,1698,1699,1697,1698,1699,1700,1701,1702,1700,1701,1702,1703,1704,1705,1703,1704,1705,1706,1707,1708,1706,1707,1708,1709,1710,1711,1709,1710,1711,1712,1713,1714,1712,1713,1714,1715,1716,1717,1715,1716,1717,1718,1719,1720,1718,1719,1720,1721,1722,1723,1721,1722,1723,1724,1725,1726,1724,1725,1726,1727,1728,1729,1727,1728,1729,1730,1731,1732,1730,1731,1732,1733,1734,1735,1733,1734,1735,1736,1737,1738,1736,1737,1738,1739,1740,1741,1739,1740,1741,1742,1743,1744,1742,1743,1744,1745,1746,1747,1745,1746,1747,1748,1749,1750,1748,1749,1750,1751,1752,1753,1751,1752,1753,1754,1755,1756,1754,1755,1756,1757,1758,1759,1757,1758,1759,1760,1761,1762,1760,1761,1762,1763,1764,1765,1763,1764,1765,1766,1767,1768,1766,1767,1768,1769,1770,1771,1769,1770,1771,1772,1773,1774,1772,1773,1774,1775,1776,1777,1775,1776,1777,1778,1779,1780,1778,1779,1780,1781,1782,1783,1781,1782,1783,1784,1785,1786,1784,1785,1786
B|minecraft:mossy_stone_brick_wall|east=none,low,tall;north=none,low,tall;south=none,low,tall;up=false,true;waterlogged=false,true;west=none,low,tall|1787,1788,1789,1787,1788,1789,0,1790,1791,0,1790,1791,1792,1793,1794,1792,1793,1794,1795,1796,1797,1795,1796,1797,1798,1799,1800,1798,1799,1800,1801,1802,1803,1801,1802,1803,1804,1805,1806,1804,1805,1806,1807,1808,1809,1807,1808,1809,1810,1811,1812,1810,1811,1812,1813,1814,1815,1813,1814,1815,1816,1817,1818,1816,1817,1818,1819,1820,1821,1819,1820,1821,1822,1823,1824,1822,1823,1824,1825,1826,1827,1825,1826,1827,1828,1829,1830,1828,1829,1830,1831,1832,1833,1831,1832,1833,1834,1835,1836,1834,1835,1836,1837,1838,1839,1837,1838,1839,1840,1841,1842,1840,1841,1842,1843,1844,1845,1843,1844,1845,1846,1847,1848,1846,1847,1848,1849,1850,1851,1849,1850,1851,1852,1853,1854,1852,1853,1854,1855,1856,1857,1855,1856,1857,1858,1859,1860,1858,1859,1860,1861,1862,1863,1861,1862,1863,1864,1865,1866,1864,1865,1866,1867,1868,1869,1867,1868,1869,1870,1871,1872,1870,1871,1872,1873,1874,1875,1873,1874,1875,1876,1877,1878,1876,1877,1878,1879,1880,1881,1879,1880,1881,1882,1883,1884,1882,1883,1884,1885,1886,1887,1885,1886,1887,1888,1889,1890,1888,1889,1890,1891,1892,1893,1891,1892,1893,1894,1895,1896,1894,1895,1896,1897,1898,1899,1897,1898,1899,1900,1901,1902,1900,1901,1902,1903,1904,1905,1903,1904,1905,1906,1907,1908,1906,1907,1908,1909,1910,1911,1909,1910,1911,1912,1913,1914,1912,1913,1914,1915,1916,1917,1915,1916,1917,1918,1919,1920,1918,1919,1920,1921,1922,1923,1921,1922,1923,1924,1925,1926,1924,1925,1926,1927,1928,1929,1927,1928,1929,1930,1931,1932,1930,1931,1932,1933,1934,1935,1933,1934,1935,1936,1937,1938,1936,1937,1938,1939,1940,1941,1939,1940,1941,1942,1943,1944,1942,1943,1944,1945,1946,1947,1945,1946,1947
B|minecraft:granite_wall|east=none,low,tall;north=none,low,tall;south=none,low,tall;up=false,true;waterlogged=false,true;west=none,low,tall|1948,1949,1950,1948,1949,1950,0,1951,1952,0,1951,1952,1953,1954,1955,1953,1954,1955,1956,1957,1958,1956,1957,1958,1959,1960,1961,1959,1960,1961,1962,1963,1964,1962,1963,1964,1965,1966,1967,1965,1966,1967,1968,1969,1970,1968,1969,1970,1971,1972,1973,1971,1972,1973,1974,1975,1976,1974,1975,1976,1977,1978,1979,1977,1978,1979,1980,1981,1982,1980,1981,1982,1983,1984,1985,1983,1984,1985,1986,1987,1988,1986,1987,1988,1989,1990,1991,1989,1990,1991,1992,1993,1994,1992,1993,1994,1995,1996,1997,1995,1996,1997,1998,1999,2000,1998,1999,2000,2001,2002,2003,2001,2002,2003,2004,2005,2006,2004,2005,2006,2007,2008,2009,2007,2008,2009,2010,2011,2012,2010,2011,2012,2013,2014,2015,2013,2014,2015,2016,2017,2018,2016,2017,2018,2019,2020,2021,2019,2020,2021,2022,2023,2024,2022,2023,2024,2025,2026,2027,2025,2026,2027,2028,2029,2030,2028,2029,2030,2031,2032,2033,2031,2032,2033,2034,2035,2036,2034,2035,2036,2037,2038,2039,2037,2038,2039,2040,2041,2042,2040,2041,2042,2043,2044,2045,2043,2044,2045,2046,2047,2048,2046,2047,2048,2049,2050,2051,2049,2050,2051,2052,2053,2054,2052,2053,2054,2055,2056,2057,2055,2056,2057,2058,2059,2060,2058,2059,2060,2061,2062,2063,2061,2062,2063,2064,2065,2066,2064,2065,2066,2067,2068,2069,2067,2068,2069,2070,2071,2072,2070,2071,2072,2073,2074,2075,2073,2074,2075,2076,2077,2078,2076,2077,2078,2079,2080,2081,2079,2080,2081,2082,2083,2084,2082,2083,2084,2085,2086,2087,2085,2086,2087,2088,2089,2090,2088,2089,2090,2091,2092,2093,2091,2092,2093,2094,2095,2096,2094,2095,2096,2097,2098,2099,2097,2098,2099,2100,2101,2102,2100,2101,2102,2103,2104,2105,2103,2104,2105,2106,2107,2108,2106,2107,2108
B|minecraft:stone_brick_wall|east=none,low,tall;north=none,low,tall;south=none,low,tall;up=false,true;waterlogged=false,true;west=none,low,tall|2109,2110,2111,2109,2110,2111,0,2112,2113,0,2112,2113,2114,2115,2116,2114,2115,2116,2117,2118,2119,2117,2118,2119,2120,2121,2122,2120,2121,2122,2123,2124,2125,2123,2124,2125,2126,2127,2128,2126,2127,2128,2129,2130,2131,2129,2130,2131,2132,2133,2134,2132,2133,2134,2135,2136,2137,2135,2136,2137,2138,2139,2140,2138,2139,2140,2141,2142,2143,2141,2142,2143,2144,2145,2146,2144,2145,2146,2147,2148,2149,2147,2148,2149,2150,2151,2152,2150,2151,2152,2153,2154,2155,2153,2154,2155,2156,2157,2158,2156,2157,2158,2159,2160,2161,2159,2160,2161,2162,2163,2164,2162,2163,2164,2165,2166,2167,2165,2166,2167,2168,2169,2170,2168,2169,2170,2171,2172,2173,2171,2172,2173,2174,2175,2176,2174,2175,2176,2177,2178,2179,2177,2178,2179,2180,2181,2182,2180,2181,2182,2183,2184,2185,2183,2184,2185,2186,2187,2188,2186,2187,2188,2189,2190,2191,2189,2190,2191,2192,2193,2194,2192,2193,2194,2195,2196,2197,2195,2196,2197,2198,2199,2200,2198,2199,2200,2201,2202,2203,2201,2202,2203,2204,2205,2206,2204,2205,2206,2207,2208,2209,2207,2208,2209,2210,2211,2212,2210,2211,2212,2213,2214,2215,2213,2214,2215,2216,2217,2218,2216,2217,2218,2219,2220,2221,2219,2220,2221,2222,2223,2224,2222,2223,2224,2225,2226,2227,2225,2226,2227,2228,2229,2230,2228,2229,2230,2231,2232,2233,2231,2232,2233,2234,2235,2236,2234,2235,2236,2237,2238,2239,2237,2238,2239,2240,2241,2242,2240,2241,2242,2243,2244,2245,2243,2244,2245,2246,2247,2248,2246,2247,2248,2249,2250,2251,2249,2250,2251,2252,2253,2254,2252,2253,2254,2255,2256,2257,2255,2256,2257,2258,2259,2260,2258,2259,2260,2261,2262,2263,2261,2262,2263,2264,2265,2266,2264,2265,2266,2267,2268,2269,2267,2268,2269
B|minecraft:mud_brick_wall|east=none,low,tall;north=none,low,tall;south=none,low,tall;up=false,true;waterlogged=false,true;west=none,low,tall|2270,2271,2272,2270,2271,2272,0,2273,2274,0,2273,2274,2275,2276,2277,2275,2276,2277,2278,2279,2280,2278,2279,2280,2281,2282,2283,2281,2282,2283,2284,2285,2286,2284,2285,2286,2287,2288,2289,2287,2288,2289,2290,2291,2292,2290,2291,2292,2293,2294,2295,2293,2294,2295,2296,2297,2298,2296,2297,2298,2299,2300,2301,2299,2300,2301,2302,2303,2304,2302,2303,2304,2305,2306,2307,2305,2306,2307,2308,2309,2310,2308,2309,2310,2311,2312,2313,2311,2312,2313,2314,2315,2316,2314,2315,2316,2317,2318,2319,2317,2318,2319,2320,2321,2322,2320,2321,2322,2323,2324,2325,2323,2324,2325,2326,2327,2328,2326,2327,2328,2329,2330,2331,2329,2330,2331,2332,2333,2334,2332,2333,2334,2335,2336,2337,2335,2336,2337,2338,2339,2340,2338,2339,2340,2341,2342,2343,2341,2342,2343,2344,2345,2346,2344,2345,2346,2347,2348,2349,2347,2348,2349,2350,2351,2352,2350,2351,2352,2353,2354,2355,2353,2354,2355,2356,2357,2358,2356,2357,2358,2359,2360,2361,2359,2360,2361,2362,2363,2364,2362,2363,2364,2365,2366,2367,2365,2366,2367,2368,2369,2370,2368,2369,2370,2371,2372,2373,2371,2372,2373,2374,2375,2376,2374,2375,2376,2377,2378,2379,2377,2378,2379,2380,2381,2382,2380,2381,2382,2383,2384,2385,2383,2384,2385,2386,2387,2388,2386,2387,2388,2389,2390,2391,2389,2390,2391,2392,2393,2394,2392,2393,2394,2395,2396,2397,2395,2396,2397,2398,2399,2400,2398,2399,2400,2401,2402,2403,2401,2402,2403,2404,2405,2406,2404,2405,2406,2407,2408,2409,2407,2408,2409,2410,2411,2412,2410,2411,2412,2413,2414,2415,2413,2414,2415,2416,2417,2418,2416,2417,2418,2419,2420,2421,2419,2420,2421,2422,2423,2424,2422,2423,2424,2425,2426,2427,2425,2426,2427,2428,2429,2430,2428,2429,2430
B|minecraft:nether_brick_wall|east=none,low,tall;north=none,low,tall;south=none,low,tall;up=false,true;waterlogged=false,true;west=none,low,tall|2431,2432,2433,2431,2432,2433,0,2434,2435,0,2434,2435,2436,2437,2438,2436,2437,2438,2439,2440,2441,2439,2440,2441,2442,2443,2444,2442,2443,2444,2445,2446,2447,2445,2446,2447,2448,2449,2450,2448,2449,2450,2451,2452,2453,2451,2452,2453,2454,2455,2456,2454,2455,2456,2457,2458,2459,2457,2458,2459,2460,2461,2462,2460,2461,2462,2463,2464,2465,2463,2464,2465,2466,2467,2468,2466,2467,2468,2469,2470,2471,2469,2470,2471,2472,2473,2474,2472,2473,2474,2475,2476,2477,2475,2476,2477,2478,2479,2480,2478,2479,2480,2481,2482,2483,2481,2482,2483,2484,2485,2486,2484,2485,2486,2487,2488,2489,2487,2488,2489,2490,2491,2492,2490,2491,2492,2493,2494,2495,2493,2494,2495,2496,2497,2498,2496,2497,2498,2499,2500,2501,2499,2500,2501,2502,2503,2504,2502,2503,2504,2505,2506,2507,2505,2506,2507,2508,2509,2510,2508,2509,2510,2511,2512,2513,2511,2512,2513,2514,2515,2516,2514,2515,2516,2517,2518,2519,2517,2518,2519,2520,2521,2522,2520,2521,2522,2523,2524,2525,2523,2524,2525,2526,2527,2528,2526,2527,2528,2529,2530,2531,2529,2530,2531,2532,2533,2534,2532,2533,2534,2535,2536,2537,2535,2536,2537,2538,2539,2540,2538,2539,2540,2541,2542,2543,2541,2542,2543,2544,2545,2546,2544,2545,2546,2547,2548,2549,2547,2548,2549,2550,2551,2552,2550,2551,2552,2553,2554,2555,2553,2554,2555,2556,2557,2558,2556,2557,2558,2559,2560,2561,2559,2560,2561,2562,2563,2564,2562,2563,2564,2565,2566,2567,2565,2566,2567,2568,2569,2570,2568,2569,2570,2571,2572,2573,2571,2572,2573,2574,2575,2576,2574,2575,2576,2577,2578,2579,2577,2578,2579,2580,2581,2582,2580,2581,2582,2583,2584,2585,2583,2584,2585,2586,2587,2588,2586,2587,2588,2589,2590,2591,2589,2590,2591
B|minecraft:andesite_wall|east=none,low,tall;north=none,low,tall;south=none,low,tall;up=false,true;waterlogged=false,true;west=none,low,tall|2592,2593,2594,2592,2593,2594,0,2595,2596,0,2595,2596,2597,2598,2599,2597,2598,2599,2600,2601,2602,2600,2601,2602,2603,2604,2605,2603,2604,2605,2606,2607,2608,2606,2607,2608,2609,2610,2611,2609,2610,2611,2612,2613,2614,2612,2613,2614,2615,2616,2617,2615,2616,2617,2618,2619,2620,2618,2619,2620,2621,2622,2623,2621,2622,2623,2624,2625,2626,2624,2625,2626,2627,2628,2629,2627,2628,2629,2630,2631,2632,2630,2631,2632,2633,2634,2635,2633,2634,2635,2636,2637,2638,2636,2637,2638,2639,2640,2641,2639,2640,2641,2642,2643,2644,2642,2643,2644,2645,2646,2647,2645,2646,2647,2648,2649,2650,2648,2649,2650,2651,2652,2653,2651,2652,2653,2654,2655,2656,2654,2655,2656,2657,2658,2659,2657,2658,2659,2660,2661,2662,2660,2661,2662,2663,2664,2665,2663,2664,2665,2666,2667,2668,2666,2667,2668,2669,2670,2671,2669,2670,2671,2672,2673,2674,2672,2673,2674,2675,2676,2677,2675,2676,2677,2678,2679,2680,2678,2679,2680,2681,2682,2683,2681,2682,2683,2684,2685,2686,2684,2685,2686,2687,2688,2689,2687,2688,2689,2690,2691,2692,2690,2691,2692,2693,2694,2695,2693,2694,2695,2696,2697,2698,2696,2697,2698,2699,2700,2701,2699,2700,2701,2702,2703,2704,2702,2703,2704,2705,2706,2707,2705,2706,2707,2708,2709,2710,2708,2709,2710,2711,2712,2713,2711,2712,2713,2714,2715,2716,2714,2715,2716,2717,2718,2719,2717,2718,2719,2720,2721,2722,2720,2721,2722,2723,2724,2725,2723,2724,2725,2726,2727,2728,2726,2727,2728,2729,2730,2731,2729,2730,2731,2732,2733,2734,2732,2733,2734,2735,2736,2737,2735,2736,2737,2738,2739,2740,2738,2739,2740,2741,2742,2743,2741,2742,2743,2744,2745,2746,2744,2745,2746,2747,2748,2749,2747,2748,2749,2750,2751,2752,2750,2751,2752
B|minecraft:red_nether_brick_wall|east=none,low,tall;north=none,low,tall;south=none,low,tall;up=false,true;waterlogged=false,true;west=none,low,tall|2753,2754,2755,2753,2754,2755,0,2756,2757,0,2756,2757,2758,2759,2760,2758,2759,2760,2761,2762,2763,2761,2762,2763,2764,2765,2766,2764,2765,2766,2767,2768,2769,2767,2768,2769,2770,2771,2772,2770,2771,2772,2773,2774,2775,2773,2774,2775,2776,2777,2778,2776,2777,2778,2779,2780,2781,2779,2780,2781,2782,2783,2784,2782,2783,2784,2785,2786,2787,2785,2786,2787,2788,2789,2790,2788,2789,2790,2791,2792,2793,2791,2792,2793,2794,2795,2796,2794,2795,2796,2797,2798,2799,2797,2798,2799,2800,2801,2802,2800,2801,2802,2803,2804,2805,2803,2804,2805,2806,2807,2808,2806,2807,2808,2809,2810,2811,2809,2810,2811,2812,2813,2814,2812,2813,2814,2815,2816,2817,2815,2816,2817,2818,2819,2820,2818,2819,2820,2821,2822,2823,2821,2822,2823,2824,2825,2826,2824,2825,2826,2827,2828,2829,2827,2828,2829,2830,2831,2832,2830,2831,2832,2833,2834,2835,2833,2834,2835,2836,2837,2838,2836,2837,2838,2839,2840,2841,2839,2840,2841,2842,2843,2844,2842,2843,2844,2845,2846,2847,2845,2846,2847,2848,2849,2850,2848,2849,2850,2851,2852,2853,2851,2852,2853,2854,2855,2856,2854,2855,2856,2857,2858,2859,2857,2858,2859,2860,2861,2862,2860,2861,2862,2863,2864,2865,2863,2864,2865,2866,2867,2868,2866,2867,2868,2869,2870,2871,2869,2870,2871,2872,2873,2874,2872,2873,2874,2875,2876,2877,2875,2876,2877,2878,2879,2880,2878,2879,2880,2881,2882,2883,2881,2882,2883,2884,2885,2886,2884,2885,2886,2887,2888,2889,2887,2888,2889,2890,2891,2892,2890,2891,2892,2893,2894,2895,2893,2894,2895,2896,2897,2898,2896,2897,2898,2899,2900,2901,2899,2900,2901,2902,2903,2904,2902,2903,2904,2905,2906,2907,2905,2906,2907,2908,2909,2910,2908,2909,2910,2911,2912,2913,2911,2912,2913
B|minecraft:sandstone_wall|east=none,low,tall;north=none,low,tall;south=none,low,tall;up=false,true;waterlogged=false,true;west=none,low,tall|2914,2915,2916,2914,2915,2916,0,2917,2918,0,2917,2918,2919,2920,2921,2919,2920,2921,2922,2923,2924,2922,2923,2924,2925,2926,2927,2925,2926,2927,2928,2929,2930,2928,2929,2930,2931,2932,2933,2931,2932,2933,2934,2935,2936,2934,2935,2936,2937,2938,2939,2937,2938,2939,2940,2941,2942,2940,2941,2942,2943,2944,2945,2943,2944,2945,2946,2947,2948,2946,2947,2948,2949,2950,2951,2949,2950,2951,2952,2953,2954,2952,2953,2954,2955,2956,2957,2955,2956,2957,2958,2959,2960,2958,2959,2960,2961,2962,2963,2961,2962,2963,2964,2965,2966,2964,2965,2966,2967,2968,2969,2967,2968,2969,2970,2971,2972,2970,2971,2972,2973,2974,2975,2973,2974,2975,2976,2977,2978,2976,2977,2978,2979,2980,2981,2979,2980,2981,2982,2983,2984,2982,2983,2984,2985,2986,2987,2985,2986,2987,2988,2989,2990,2988,2989,2990,2991,2992,2993,2991,2992,2993,2994,2995,2996,2994,2995,2996,2997,2998,2999,2997,2998,2999,3000,3001,3002,3000,3001,3002,3003,3004,3005,3003,3004,3005,3006,3007,3008,3006,3007,3008,3009,3010,3011,3009,3010,3011,3012,3013,3014,3012,3013,3014,3015,3016,3017,3015,3016,3017,3018,3019,3020,3018,3019,3020,3021,3022,3023,3021,3022,3023,3024,3025,3026,3024,3025,3026,3027,3028,3029,3027,3028,3029,3030,3031,3032,3030,3031,3032,3033,3034,3035,3033,3034,3035,3036,3037,3038,3036,3037,3038,3039,3040,3041,3039,3040,3041,3042,3043,3044,3042,3043,3044,3045,3046,3047,3045,3046,3047,3048,3049,3050,3048,3049,3050,3051,3052,3053,3051,3052,3053,3054,3055,3056,3054,3055,3056,3057,3058,3059,3057,3058,3059,3060,3061,3062,3060,3061,3062,3063,3064,3065,3063,3064,3065,3066,3067,3068,3066,3067,3068,3069,3070,3071,3069,3070,3071,3072,3073,3074,3072,3073,3074
B|minecraft:end_stone_brick_wall|east=none,low,tall;north=none,low,tall;south=none,low,tall;up=false,true;waterlogged=false,true;west=none,low,tall|3075,3076,3077,3075,3076,3077,0,3078,3079,0,3078,3079,3080,3081,3082,3080,3081,3082,3083,3084,3085,3083,3084,3085,3086,3087,3088,3086,3087,3088,3089,3090,3091,3089,3090,3091,3092,3093,3094,3092,3093,3094,3095,3096,3097,3095,3096,3097,3098,3099,3100,3098,3099,3100,3101,3102,3103,3101,3102,3103,3104,3105,3106,3104,3105,3106,3107,3108,3109,3107,3108,3109,3110,3111,3112,3110,3111,3112,3113,3114,3115,3113,3114,3115,3116,3117,3118,3116,3117,3118,3119,3120,3121,3119,3120,3121,3122,3123,3124,3122,3123,3124,3125,3126,3127,3125,3126,3127,3128,3129,3130,3128,3129,3130,3131,3132,3133,3131,3132,3133,3134,3135,3136,3134,3135,3136,3137,3138,3139,3137,3138,3139,3140,3141,3142,3140,3141,3142,3143,3144,3145,3143,3144,3145,3146,3147,3148,3146,3147,3148,3149,3150,3151,3149,3150,3151,3152,3153,3154,3152,3153,3154,3155,3156,3157,3155,3156,3157,3158,3159,3160,3158,3159,3160,3161,3162,3163,3161,3162,3163,3164,3165,3166,3164,3165,3166,3167,3168,3169,3167,3168,3169,3170,3171,3172,3170,3171,3172,3173,3174,3175,3173,3174,3175,3176,3177,3178,3176,3177,3178,3179,3180,3181,3179,3180,3181,3182,3183,3184,3182,3183,3184,3185,3186,3187,3185,3186,3187,3188,3189,3190,3188,3189,3190,3191,3192,3193,3191,3192,3193,3194,3195,3196,3194,3195,3196,3197,3198,3199,3197,3198,3199,3200,3201,3202,3200,3201,3202,3203,3204,3205,3203,3204,3205,3206,3207,3208,3206,3207,3208,3209,3210,3211,3209,3210,3211,3212,3213,3214,3212,3213,3214,3215,3216,3217,3215,3216,3217,3218,3219,3220,3218,3219,3220,3221,3222,3223,3221,3222,3223,3224,3225,3226,3224,3225,3226,3227,3228,3229,3227,3228,3229,3230,3231,3232,3230,3231,3232,3233,3234,3235,3233,3234,3235
B|minecraft:diorite_wall|east=none,low,tall;north=none,low,tall;south=none,low,tall;up=false,true;waterlogged=false,true;west=none,low,tall|3236,3237,3238,3236,3237,3238,0,3239,3240,0,3239,3240,3241,3242,3243,3241,3242,3243,3244,3245,3246,3244,3245,3246,3247,3248,3249,3247,3248,3249,3250,3251,3252,3250,3251,3252,3253,3254,3255,3253,3254,3255,3256,3257,3258,3256,3257,3258,3259,3260,3261,3259,3260,3261,3262,3263,3264,3262,3263,3264,3265,3266,3267,3265,3266,3267,3268,3269,3270,3268,3269,3270,3271,3272,3273,3271,3272,3273,3274,3275,3276,3274,3275,3276,3277,3278,3279,3277,3278,3279,3280,3281,3282,3280,3281,3282,3283,3284,3285,3283,3284,3285,3286,3287,3288,3286,3287,3288,3289,3290,3291,3289,3290,3291,3292,3293,3294,3292,3293,3294,3295,3296,3297,3295,3296,3297,3298,3299,3300,3298,3299,3300,3301,3302,3303,3301,3302,3303,3304,3305,3306,3304,3305,3306,3307,3308,3309,3307,3308,3309,3310,3311,3312,3310,3311,3312,3313,3314,3315,3313,3314,3315,3316,3317,3318,3316,3317,3318,3319,3320,3321,3319,3320,3321,3322,3323,3324,3322,3323,3324,3325,3326,3327,3325,3326,3327,3328,3329,3330,3328,3329,3330,3331,3332,3333,3331,3332,3333,3334,3335,3336,3334,3335,3336,3337,3338,3339,3337,3338,3339,3340,3341,3342,3340,3341,3342,3343,3344,3345,3343,3344,3345,3346,3347,3348,3346,3347,3348,3349,3350,3351,3349,3350,3351,3352,3353,3354,3352,3353,3354,3355,3356,3357,3355,3356,3357,3358,3359,3360,3358,3359,3360,3361,3362,3363,3361,3362,3363,3364,3365,3366,3364,3365,3366,3367,3368,3369,3367,3368,3369,3370,3371,3372,3370,3371,3372,3373,3374,3375,3373,3374,3375,3376,3377,3378,3376,3377,3378,3379,3380,3381,3379,3380,3381,3382,3383,3384,3382,3383,3384,3385,3386,3387,3385,3386,3387,3388,3389,3390,3388,3389,3390,3391,3392,3393,3391,3392,3393,3394,3395,3396,3394,3395,3396
B|minecraft:scaffolding|bottom=false,true;distance=0,1,2,3,4,5,6,7;waterlogged=false,true|3397
B|minecraft:loom|facing=north,south,west,east|1
B|minecraft:barrel|facing=north,east,south,west,up,down;open=false,true|1
B|minecraft:smoker|facing=north,south,west,east;lit=false,true|1
B|minecraft:blast_furnace|facing=north,south,west,east;lit=false,true|1
B|minecraft:cartography_table||1
B|minecraft:fletching_table||1
B|minecraft:grindstone|face=floor,wall,ceiling;facing=north,south,west,east|3398,3399,3400,3401,3402,3403,3404,3405,3406,3407,3408,3409
B|minecraft:lectern|facing=north,south,west,east;has_book=false,true;powered=false,true|3410
B|minecraft:smithing_table||1
B|minecraft:stonecutter|facing=north,south,west,east|3411
B|minecraft:bell|attachment=floor,ceiling,single_wall,double_wall;facing=north,south,west,east;powered=false,true|3412,3412,3412,3412,3413,3413,3413,3413,3414,3414,3414,3414,3414,3414,3414,3414,3415,3415,3416,3416,3417,3417,3418,3418,3419,3419,3419,3419,3420,3420,3420,3420
B|minecraft:lantern|hanging=false,true;waterlogged=false,true|3421,3421,3422,3422
B|minecraft:soul_lantern|hanging=false,true;waterlogged=false,true|3421,3421,3422,3422
B|minecraft:copper_lantern|hanging=false,true;waterlogged=false,true|3421,3421,3422,3422
B|minecraft:exposed_copper_lantern|hanging=false,true;waterlogged=false,true|3421,3421,3422,3422
B|minecraft:weathered_copper_lantern|hanging=false,true;waterlogged=false,true|3421,3421,3422,3422
B|minecraft:oxidized_copper_lantern|hanging=false,true;waterlogged=false,true|3421,3421,3422,3422
B|minecraft:waxed_copper_lantern|hanging=false,true;waterlogged=false,true|3421,3421,3422,3422
B|minecraft:waxed_exposed_copper_lantern|hanging=false,true;waterlogged=false,true|3421,3421,3422,3422
B|minecraft:waxed_weathered_copper_lantern|hanging=false,true;waterlogged=false,true|3421,3421,3422,3422
B|minecraft:waxed_oxidized_copper_lantern|hanging=false,true;waterlogged=false,true|3421,3421,3422,3422
B|minecraft:campfire|facing=north,south,west,east;lit=false,true;signal_fire=false,true;waterlogged=false,true|3423
B|minecraft:soul_campfire|facing=north,south,west,east;lit=false,true;signal_fire=false,true;waterlogged=false,true|3423
B|minecraft:sweet_berry_bush|age=0,1,2,3|0
B|minecraft:warped_stem|axis=x,y,z|1
B|minecraft:stripped_warped_stem|axis=x,y,z|1
B|minecraft:warped_hyphae|axis=x,y,z|1
B|minecraft:stripped_warped_hyphae|axis=x,y,z|1
B|minecraft:warped_nylium||1
B|minecraft:warped_fungus||0
B|minecraft:warped_wart_block||1
B|minecraft:warped_roots||0
B|minecraft:nether_sprouts||0
B|minecraft:crimson_stem|axis=x,y,z|1
B|minecraft:stripped_crimson_stem|axis=x,y,z|1
B|minecraft:crimson_hyphae|axis=x,y,z|1
B|minecraft:stripped_crimson_hyphae|axis=x,y,z|1
B|minecraft:crimson_nylium||1
B|minecraft:crimson_fungus||0
B|minecraft:shroomlight||1
B|minecraft:weeping_vines|age=0,1,2,3,4,5,6,7,8,9,10,11,12,13,14,15,16,17,18,19,20,21,22,23,24,25|0
B|minecraft:weeping_vines_plant||0
B|minecraft:twisting_vines|age=0,1,2,3,4,5,6,7,8,9,10,11,12,13,14,15,16,17,18,19,20,21,22,23,24,25|0
B|minecraft:twisting_vines_plant||0
B|minecraft:crimson_roots||0
B|minecraft:crimson_planks||1
B|minecraft:warped_planks||1
B|minecraft:crimson_slab|type=top,bottom,double;waterlogged=false,true|273,273,274,274,1,1
B|minecraft:warped_slab|type=top,bottom,double;waterlogged=false,true|273,273,274,274,1,1
B|minecraft:crimson_pressure_plate|powered=false,true|0
B|minecraft:warped_pressure_plate|powered=false,true|0
B|minecraft:crimson_fence|east=false,true;north=false,true;south=false,true;waterlogged=false,true;west=false,true|3424,3425,3424,3425,3426,3427,3426,3427,3428,3429,3428,3429,3430,3431,3430,3431,3432,3433,3432,3433,3434,3435,3434,3435,3436,3437,3436,3437,3438,3439,3438,3439
B|minecraft:warped_fence|east=false,true;north=false,true;south=false,true;waterlogged=false,true;west=false,true|3440,3441,3440,3441,3442,3443,3442,3443,3444,3445,3444,3445,3446,3447,3446,3447,3448,3449,3448,3449,3450,3451,3450,3451,3452,3453,3452,3453,3454,3455,3454,3455
B|minecraft:crimson_trapdoor|facing=north,south,west,east;half=top,bottom;open=false,true;powered=false,true;waterlogged=false,true|101,101,101,101,102,102,102,102,101,101,101,101,103,103,103,103,104,104,104,104,102,102,102,102,104,104,104,104,103,103,103,103,105,105,105,105,102,102,102,102,105,105,105,105,103,103,103,103,106,106,106,106,102,102,102,102,106,106,106,106,103,103,103,103
B|minecraft:warped_trapdoor|facing=north,south,west,east;half=top,bottom;open=false,true;powered=false,true;waterlogged=false,true|101,101,101,101,102,102,102,102,101,101,101,101,103,103,103,103,104,104,104,104,102,102,102,102,104,104,104,104,103,103,103,103,105,105,105,105,102,102,102,102,105,105,105,105,103,103,103,103,106,106,106,106,102,102,102,102,106,106,106,106,103,103,103,103
B|minecraft:crimson_fence_gate|facing=north,south,west,east;in_wall=false,true;open=false,true;powered=false,true|0,0,270,270,0,0,270,270,0,0,270,270,0,0,270,270,0,0,271,271,0,0,271,271,0,0,271,271,0,0,271,271
B|minecraft:warped_fence_gate|facing=north,south,west,east;in_wall=false,true;open=false,true;powered=false,true|0,0,270,270,0,0,270,270,0,0,270,270,0,0,270,270,0,0,271,271,0,0,271,271,0,0,271,271,0,0,271,271
B|minecraft:crimson_stairs|facing=north,south,west,east;half=top,bottom;shape=straight,inner_left,inner_right,outer_left,outer_right;waterlogged=false,true|28,28,29,29,30,30,31,31,32,32,33,33,34,34,35,35,36,36,37,37,38,38,39,39,40,40,41,41,42,42,43,43,44,44,45,45,46,46,47,47,48,48,40,40,29,29,42,42,31,31,49,49,45,45,34,34,47,47,36,36,50,50,30,30,39,39,32,32,41,41,51,51,35,35,44,44,37,37,46,46
B|minecraft:warped_stairs|facing=north,south,west,east;half=top,bottom;shape=straight,inner_left,inner_right,outer_left,outer_right;waterlogged=false,true|28,28,29,29,30,30,31,31,32,32,33,33,34,34,35,35,36,36,37,37,38,38,39,39,40,40,41,41,42,42,43,43,44,44,45,45,46,46,47,47,48,48,40,40,29,29,42,42,31,31,49,49,45,45,34,34,47,47,36,36,50,50,30,30,39,39,32,32,41,41,51,51,35,35,44,44,37,37,46,46
B|minecraft:crimson_button|face=floor,wall,ceiling;facing=north,south,west,east;powered=false,true|0
B|minecraft:warped_button|face=floor,wall,ceiling;facing=north,south,west,east;powered=false,true|0
B|minecraft:crimson_door|facing=north,south,west,east;half=upper,lower;hinge=left,right;open=false,true;powered=false,true|58,58,59,59,60,60,59,59,58,58,59,59,60,60,59,59,60,60,61,61,58,58,61,61,60,60,61,61,58,58,61,61,59,59,60,60,61,61,60,60,59,59,60,60,61,61,60,60,61,61,58,58,59,59,58,58,61,61,58,58,59,59,58,58
B|minecraft:warped_door|facing=north,south,west,east;half=upper,lower;hinge=left,right;open=false,true;powered=false,true|58,58,59,59,60,60,59,59,58,58,59,59,60,60,59,59,60,60,61,61,58,58,61,61,60,60,61,61,58,58,61,61,59,59,60,60,61,61,60,60,59,59,60,60,61,61,60,60,61,61,58,58,59,59,58,58,61,61,58,58,59,59,58,58
B|minecraft:crimson_sign|rotation=0,1,2,3,4,5,6,7,8,9,10,11,12,13,14,15;waterlogged=false,true|0
B|minecraft:warped_sign|rotation=0,1,2,3,4,5,6,7,8,9,10,11,12,13,14,15;waterlogged=false,true|0
B|minecraft:crimson_wall_sign|facing=north,south,west,east;waterlogged=false,true|0
B|minecraft:warped_wall_sign|facing=north,south,west,east;waterlogged=false,true|0
B|minecraft:structure_block|mode=save,load,corner,data|1
B|minecraft:jigsaw|orientation=down_east,down_north,down_south,down_west,up_east,up_north,up_south,up_west,west_up,east_up,north_up,south_up|1
B|minecraft:test_block|mode=start,log,fail,accept|1
B|minecraft:test_instance_block||1
B|minecraft:composter|level=0,1,2,3,4,5,6,7,8|3456
B|minecraft:target|power=0,1,2,3,4,5,6,7,8,9,10,11,12,13,14,15|1
B|minecraft:bee_nest|facing=north,south,west,east;honey_level=0,1,2,3,4,5|1
B|minecraft:beehive|facing=north,south,west,east;honey_level=0,1,2,3,4,5|1
B|minecraft:honey_block||3457
B|minecraft:honeycomb_block||1
B|minecraft:netherite_block||1
B|minecraft:ancient_debris||1
B|minecraft:crying_obsidian||1
B|minecraft:respawn_anchor|charges=0,1,2,3,4|1
B|minecraft:potted_crimson_fungus||793
B|minecraft:potted_warped_fungus||793
B|minecraft:potted_crimson_roots||793
B|minecraft:potted_warped_roots||793
B|minecraft:lodestone||1
B|minecraft:blackstone||1
B|minecraft:blackstone_stairs|facing=north,south,west,east;half=top,bottom;shape=straight,inner_left,inner_right,outer_left,outer_right;waterlogged=false,true|28,28,29,29,30,30,31,31,32,32,33,33,34,34,35,35,36,36,37,37,38,38,39,39,40,40,41,41,42,42,43,43,44,44,45,45,46,46,47,47,48,48,40,40,29,29,42,42,31,31,49,49,45,45,34,34,47,47,36,36,50,50,30,30,39,39,32,32,41,41,51,51,35,35,44,44,37,37,46,46
B|minecraft:blackstone_wall|east=none,low,tall;north=none,low,tall;south=none,low,tall;up=false,true;waterlogged=false,true;west=none,low,tall|3458,3459,3460,3458,3459,3460,0,3461,3462,0,3461,3462,3463,3464,3465,3463,3464,3465,3466,3467,3468,3466,3467,3468,3469,3470,3471,3469,3470,3471,3472,3473,3474,3472,3473,3474,3475,3476,3477,3475,3476,3477,3478,3479,3480,3478,3479,3480,3481,3482,3483,3481,3482,3483,3484,3485,3486,3484,3485,3486,3487,3488,3489,3487,3488,3489,3490,3491,3492,3490,3491,3492,3493,3494,3495,3493,3494,3495,3496,3497,3498,3496,3497,3498,3499,3500,3501,3499,3500,3501,3502,3503,3504,3502,3503,3504,3505,3506,3507,3505,3506,3507,3508,3509,3510,3508,3509,3510,3511,3512,3513,3511,3512,3513,3514,3515,3516,3514,3515,3516,3517,3518,3519,3517,3518,3519,3520,3521,3522,3520,3521,3522,3523,3524,3525,3523,3524,3525,3526,3527,3528,3526,3527,3528,3529,3530,3531,3529,3530,3531,3532,3533,3534,3532,3533,3534,3535,3536,3537,3535,3536,3537,3538,3539,3540,3538,3539,3540,3541,3542,3543,3541,3542,3543,3544,3545,3546,3544,3545,3546,3547,3548,3549,3547,3548,3549,3550,3551,3552,3550,3551,3552,3553,3554,3555,3553,3554,3555,3556,3557,3558,3556,3557,3558,3559,3560,3561,3559,3560,3561,3562,3563,3564,3562,3563,3564,3565,3566,3567,3565,3566,3567,3568,3569,3570,3568,3569,3570,3571,3572,3573,3571,3572,3573,3574,3575,3576,3574,3575,3576,3577,3578,3579,3577,3578,3579,3580,3581,3582,3580,3581,3582,3583,3584,3585,3583,3584,3585,3586,3587,3588,3586,3587,3588,3589,3590,3591,3589,3590,3591,3592,3593,3594,3592,3593,3594,3595,3596,3597,3595,3596,3597,3598,3599,3600,3598,3599,3600,3601,3602,3603,3601,3602,3603,3604,3605,3606,3604,3605,3606,3607,3608,3609,3607,3608,3609,3610,3611,3612,3610,3611,3612,3613,3614,3615,3613,3614,3615,3616,3617,3618,3616,3617,3618
B|minecraft:blackstone_slab|type=top,bottom,double;waterlogged=false,true|273,273,274,274,1,1
B|minecraft:polished_blackstone||1
B|minecraft:polished_blackstone_bricks||1
B|minecraft:cracked_polished_blackstone_bricks||1
B|minecraft:chiseled_polished_blackstone||1
B|minecraft:polished_blackstone_brick_slab|type=top,bottom,double;waterlogged=false,true|273,273,274,274,1,1
B|minecraft:polished_blackstone_brick_stairs|facing=north,south,west,east;half=top,bottom;shape=straight,inner_left,inner_right,outer_left,outer_right;waterlogged=false,true|28,28,29,29,30,30,31,31,32,32,33,33,34,34,35,35,36,36,37,37,38,38,39,39,40,40,41,41,42,42,43,43,44,44,45,45,46,46,47,47,48,48,40,40,29,29,42,42,31,31,49,49,45,45,34,34,47,47,36,36,50,50,30,30,39,39,32,32,41,41,51,51,35,35,44,44,37,37,46,46
B|minecraft:polished_blackstone_brick_wall|east=none,low,tall;north=none,low,tall;south=none,low,tall;up=false,true;waterlogged=false,true;west=none,low,tall|3619,3620,3621,3619,3620,3621,0,3622,3623,0,3622,3623,3624,3625,3626,3624,3625,3626,3627,3628,3629,3627,3628,3629,3630,3631,3632,3630,3631,3632,3633,3634,3635,3633,3634,3635,3636,3637,3638,3636,3637,3638,3639,3640,3641,3639,3640,3641,3642,3643,3644,3642,3643,3644,3645,3646,3647,3645,3646,3647,3648,3649,3650,3648,3649,3650,3651,3652,3653,3651,3652,3653,3654,3655,3656,3654,3655,3656,3657,3658,3659,3657,3658,3659,3660,3661,3662,3660,3661,3662,3663,3664,3665,3663,3664,3665,3666,3667,3668,3666,3667,3668,3669,3670,3671,3669,3670,3671,3672,3673,3674,3672,3673,3674,3675,3676,3677,3675,3676,3677,3678,3679,3680,3678,3679,3680,3681,3682,3683,3681,3682,3683,3684,3685,3686,3684,3685,3686,3687,3688,3689,3687,3688,3689,3690,3691,3692,3690,3691,3692,3693,3694,3695,3693,3694,3695,3696,3697,3698,3696,3697,3698,3699,3700,3701,3699,3700,3701,3702,3703,3704,3702,3703,3704,3705,3706,3707,3705,3706,3707,3708,3709,3710,3708,3709,3710,3711,3712,3713,3711,3712,3713,3714,3715,3716,3714,3715,3716,3717,3718,3719,3717,3718,3719,3720,3721,3722,3720,3721,3722,3723,3724,3725,3723,3724,3725,3726,3727,3728,3726,3727,3728,3729,3730,3731,3729,3730,3731,3732,3733,3734,3732,3733,3734,3735,3736,3737,3735,3736,3737,3738,3739,3740,3738,3739,3740,3741,3742,3743,3741,3742,3743,3744,3745,3746,3744,3745,3746,3747,3748,3749,3747,3748,3749,3750,3751,3752,3750,3751,3752,3753,3754,3755,3753,3754,3755,3756,3757,3758,3756,3757,3758,3759,3760,3761,3759,3760,3761,3762,3763,3764,3762,3763,3764,3765,3766,3767,3765,3766,3767,3768,3769,3770,3768,3769,3770,3771,3772,3773,3771,3772,3773,3774,3775,3776,3774,3775,3776,3777,3778,3779,3777,3778,3779
B|minecraft:gilded_blackstone||1
B|minecraft:polished_blackstone_stairs|facing=north,south,west,east;half=top,bottom;shape=straight,inner_left,inner_right,outer_left,outer_right;waterlogged=false,true|28,28,29,29,30,30,31,31,32,32,33,33,34,34,35,35,36,36,37,37,38,38,39,39,40,40,41,41,42,42,43,43,44,44,45,45,46,46,47,47,48,48,40,40,29,29,42,42,31,31,49,49,45,45,34,34,47,47,36,36,50,50,30,30,39,39,32,32,41,41,51,51,35,35,44,44,37,37,46,46
B|minecraft:polished_blackstone_slab|type=top,bottom,double;waterlogged=false,true|273,273,274,274,1,1
B|minecraft:polished_blackstone_pressure_plate|powered=false,true|0
B|minecraft:polished_blackstone_button|face=floor,wall,ceiling;facing=north,south,west,east;powered=false,true|0
B|minecraft:polished_blackstone_wall|east=none,low,tall;north=none,low,tall;south=none,low,tall;up=false,true;waterlogged=false,true;west=none,low,tall|3780,3781,3782,3780,3781,3782,0,3783,3784,0,3783,3784,3785,3786,3787,3785,3786,3787,3788,3789,3790,3788,3789,3790,3791,3792,3793,3791,3792,3793,3794,3795,3796,3794,3795,3796,3797,3798,3799,3797,3798,3799,3800,3801,3802,3800,3801,3802,3803,3804,3805,3803,3804,3805,3806,3807,3808,3806,3807,3808,3809,3810,3811,3809,3810,3811,3812,3813,3814,3812,3813,3814,3815,3816,3817,3815,3816,3817,3818,3819,3820,3818,3819,3820,3821,3822,3823,3821,3822,3823,3824,3825,3826,3824,3825,3826,3827,3828,3829,3827,3828,3829,3830,3831,3832,3830,3831,3832,3833,3834,3835,3833,3834,3835,3836,3837,3838,3836,3837,3838,3839,3840,3841,3839,3840,3841,3842,3843,3844,3842,3843,3844,3845,3846,3847,3845,3846,3847,3848,3849,3850,3848,3849,3850,3851,3852,3853,3851,3852,3853,3854,3855,3856,3854,3855,3856,3857,3858,3859,3857,3858,3859,3860,3861,3862,3860,3861,3862,3863,3864,3865,3863,3864,3865,3866,3867,3868,3866,3867,3868,3869,3870,3871,3869,3870,3871,3872,3873,3874,3872,3873,3874,3875,3876,3877,3875,3876,3877,3878,3879,3880,3878,3879,3880,3881,3882,3883,3881,3882,3883,3884,3885,3886,3884,3885,3886,3887,3888,3889,3887,3888,3889,3890,3891,3892,3890,3891,3892,3893,3894,3895,3893,3894,3895,3896,3897,3898,3896,3897,3898,3899,3900,3901,3899,3900,3901,3902,3903,3904,3902,3903,3904,3905,3906,3907,3905,3906,3907,3908,3909,3910,3908,3909,3910,3911,3912,3913,3911,3912,3913,3914,3915,3916,3914,3915,3916,3917,3918,3919,3917,3918,3919,3920,3921,3922,3920,3921,3922,3923,3924,3925,3923,3924,3925,3926,3927,3928,3926,3927,3928,3929,3930,3931,3929,3930,3931,3932,3933,3934,3932,3933,3934,3935,3936,3937,3935,3936,3937,3938,3939,3940,3938,3939,3940
B|minecraft:chiseled_nether_bricks||1
B|minecraft:cracked_nether_bricks||1
B|minecraft:quartz_bricks||1
B|minecraft:candle|candles=1,2,3,4;lit=false,true;waterlogged=false,true|3941,3941,3941,3941,3942,3942,3942,3942,3943,3943,3943,3943,3944,3944,3944,3944
B|minecraft:white_candle|candles=1,2,3,4;lit=false,true;waterlogged=false,true|3941,3941,3941,3941,3942,3942,3942,3942,3943,3943,3943,3943,3944,3944,3944,3944
B|minecraft:orange_candle|candles=1,2,3,4;lit=false,true;waterlogged=false,true|3941,3941,3941,3941,3942,3942,3942,3942,3943,3943,3943,3943,3944,3944,3944,3944
B|minecraft:magenta_candle|candles=1,2,3,4;lit=false,true;waterlogged=false,true|3941,3941,3941,3941,3942,3942,3942,3942,3943,3943,3943,3943,3944,3944,3944,3944
B|minecraft:light_blue_candle|candles=1,2,3,4;lit=false,true;waterlogged=false,true|3941,3941,3941,3941,3942,3942,3942,3942,3943,3943,3943,3943,3944,3944,3944,3944
B|minecraft:yellow_candle|candles=1,2,3,4;lit=false,true;waterlogged=false,true|3941,3941,3941,3941,3942,3942,3942,3942,3943,3943,3943,3943,3944,3944,3944,3944
B|minecraft:lime_candle|candles=1,2,3,4;lit=false,true;waterlogged=false,true|3941,3941,3941,3941,3942,3942,3942,3942,3943,3943,3943,3943,3944,3944,3944,3944
B|minecraft:pink_candle|candles=1,2,3,4;lit=false,true;waterlogged=false,true|3941,3941,3941,3941,3942,3942,3942,3942,3943,3943,3943,3943,3944,3944,3944,3944
B|minecraft:gray_candle|candles=1,2,3,4;lit=false,true;waterlogged=false,true|3941,3941,3941,3941,3942,3942,3942,3942,3943,3943,3943,3943,3944,3944,3944,3944
B|minecraft:light_gray_candle|candles=1,2,3,4;lit=false,true;waterlogged=false,true|3941,3941,3941,3941,3942,3942,3942,3942,3943,3943,3943,3943,3944,3944,3944,3944
B|minecraft:cyan_candle|candles=1,2,3,4;lit=false,true;waterlogged=false,true|3941,3941,3941,3941,3942,3942,3942,3942,3943,3943,3943,3943,3944,3944,3944,3944
B|minecraft:purple_candle|candles=1,2,3,4;lit=false,true;waterlogged=false,true|3941,3941,3941,3941,3942,3942,3942,3942,3943,3943,3943,3943,3944,3944,3944,3944
B|minecraft:blue_candle|candles=1,2,3,4;lit=false,true;waterlogged=false,true|3941,3941,3941,3941,3942,3942,3942,3942,3943,3943,3943,3943,3944,3944,3944,3944
B|minecraft:brown_candle|candles=1,2,3,4;lit=false,true;waterlogged=false,true|3941,3941,3941,3941,3942,3942,3942,3942,3943,3943,3943,3943,3944,3944,3944,3944
B|minecraft:green_candle|candles=1,2,3,4;lit=false,true;waterlogged=false,true|3941,3941,3941,3941,3942,3942,3942,3942,3943,3943,3943,3943,3944,3944,3944,3944
B|minecraft:red_candle|candles=1,2,3,4;lit=false,true;waterlogged=false,true|3941,3941,3941,3941,3942,3942,3942,3942,3943,3943,3943,3943,3944,3944,3944,3944
B|minecraft:black_candle|candles=1,2,3,4;lit=false,true;waterlogged=false,true|3941,3941,3941,3941,3942,3942,3942,3942,3943,3943,3943,3943,3944,3944,3944,3944
B|minecraft:candle_cake|lit=false,true|3945
B|minecraft:white_candle_cake|lit=false,true|3945
B|minecraft:orange_candle_cake|lit=false,true|3945
B|minecraft:magenta_candle_cake|lit=false,true|3945
B|minecraft:light_blue_candle_cake|lit=false,true|3945
B|minecraft:yellow_candle_cake|lit=false,true|3945
B|minecraft:lime_candle_cake|lit=false,true|3945
B|minecraft:pink_candle_cake|lit=false,true|3945
B|minecraft:gray_candle_cake|lit=false,true|3945
B|minecraft:light_gray_candle_cake|lit=false,true|3945
B|minecraft:cyan_candle_cake|lit=false,true|3945
B|minecraft:purple_candle_cake|lit=false,true|3945
B|minecraft:blue_candle_cake|lit=false,true|3945
B|minecraft:brown_candle_cake|lit=false,true|3945
B|minecraft:green_candle_cake|lit=false,true|3945
B|minecraft:red_candle_cake|lit=false,true|3945
B|minecraft:black_candle_cake|lit=false,true|3945
B|minecraft:amethyst_block||1
B|minecraft:budding_amethyst||1
B|minecraft:amethyst_cluster|facing=north,east,south,west,up,down;waterlogged=false,true|3946,3946,3947,3947,3948,3948,3949,3949,3950,3950,3951,3951
B|minecraft:large_amethyst_bud|facing=north,east,south,west,up,down;waterlogged=false,true|3952,3952,3953,3953,3954,3954,3955,3955,3956,3956,3957,3957
B|minecraft:medium_amethyst_bud|facing=north,east,south,west,up,down;waterlogged=false,true|3958,3958,3959,3959,3960,3960,3961,3961,3962,3962,3963,3963
B|minecraft:small_amethyst_bud|facing=north,east,south,west,up,down;waterlogged=false,true|3964,3964,3965,3965,3966,3966,3967,3967,3968,3968,3969,3969
B|minecraft:tuff||1
B|minecraft:tuff_slab|type=top,bottom,double;waterlogged=false,true|273,273,274,274,1,1
B|minecraft:tuff_stairs|facing=north,south,west,east;half=top,bottom;shape=straight,inner_left,inner_right,outer_left,outer_right;waterlogged=false,true|28,28,29,29,30,30,31,31,32,32,33,33,34,34,35,35,36,36,37,37,38,38,39,39,40,40,41,41,42,42,43,43,44,44,45,45,46,46,47,47,48,48,40,40,29,29,42,42,31,31,49,49,45,45,34,34,47,47,36,36,50,50,30,30,39,39,32,32,41,41,51,51,35,35,44,44,37,37,46,46
B|minecraft:tuff_wall|east=none,low,tall;north=none,low,tall;south=none,low,tall;up=false,true;waterlogged=false,true;west=none,low,tall|3970,3971,3972,3970,3971,3972,0,3973,3974,0,3973,3974,3975,3976,3977,3975,3976,3977,3978,3979,3980,3978,3979,3980,3981,3982,3983,3981,3982,3983,3984,3985,3986,3984,3985,3986,3987,3988,3989,3987,3988,3989,3990,3991,3992,3990,3991,3992,3993,3994,3995,3993,3994,3995,3996,3997,3998,3996,3997,3998,3999,4000,4001,3999,4000,4001,4002,4003,4004,4002,4003,4004,4005,4006,4007,4005,4006,4007,4008,4009,4010,4008,4009,4010,4011,4012,4013,4011,4012,4013,4014,4015,4016,4014,4015,4016,4017,4018,4019,4017,4018,4019,4020,4021,4022,4020,4021,4022,4023,4024,4025,4023,4024,4025,4026,4027,4028,4026,4027,4028,4029,4030,4031,4029,4030,4031,4032,4033,4034,4032,4033,4034,4035,4036,4037,4035,4036,4037,4038,4039,4040,4038,4039,4040,4041,4042,4043,4041,4042,4043,4044,4045,4046,4044,4045,4046,4047,4048,4049,4047,4048,4049,4050,4051,4052,4050,4051,4052,4053,4054,4055,4053,4054,4055,4056,4057,4058,4056,4057,4058,4059,4060,4061,4059,4060,4061,4062,4063,4064,4062,4063,4064,4065,4066,4067,4065,4066,4067,4068,4069,4070,4068,4069,4070,4071,4072,4073,4071,4072,4073,4074,4075,4076,4074,4075,4076,4077,4078,4079,4077,4078,4079,4080,4081,4082,4080,4081,4082,4083,4084,4085,4083,4084,4085,4086,4087,4088,4086,4087,4088,4089,4090,4091,4089,4090,4091,4092,4093,4094,4092,4093,4094,4095,4096,4097,4095,4096,4097,4098,4099,4100,4098,4099,4100,4101,4102,4103,4101,4102,4103,4104,4105,4106,4104,4105,4106,4107,4108,4109,4107,4108,4109,4110,4111,4112,4110,4111,4112,4113,4114,4115,4113,4114,4115,4116,4117,4118,4116,4117,4118,4119,4120,4121,4119,4120,4121,4122,4123,4124,4122,4123,4124,4125,4126,4127,4125,4126,4127,4128,4129,4130,4128,4129,4130
B|minecraft:polished_tuff||1
B|minecraft:polished_tuff_slab|type=top,bottom,double;waterlogged=false,true|273,273,274,274,1,1
B|minecraft:polished_tuff_stairs|facing=north,south,west,east;half=top,bottom;shape=straight,inner_left,inner_right,outer_left,outer_right;waterlogged=false,true|28,28,29,29,30,30,31,31,32,32,33,33,34,34,35,35,36,36,37,37,38,38,39,39,40,40,41,41,42,42,43,43,44,44,45,45,46,46,47,47,48,48,40,40,29,29,42,42,31,31,49,49,45,45,34,34,47,47,36,36,50,50,30,30,39,39,32,32,41,41,51,51,35,35,44,44,37,37,46,46
B|minecraft:polished_tuff_wall|east=none,low,tall;north=none,low,tall;south=none,low,tall;up=false,true;waterlogged=false,true;west=none,low,tall|4131,4132,4133,4131,4132,4133,0,4134,4135,0,4134,4135,4136,4137,4138,4136,4137,4138,4139,4140,4141,4139,4140,4141,4142,4143,4144,4142,4143,4144,4145,4146,4147,4145,4146,4147,4148,4149,4150,4148,4149,4150,4151,4152,4153,4151,4152,4153,4154,4155,4156,4154,4155,4156,4157,4158,4159,4157,4158,4159,4160,4161,4162,4160,4161,4162,4163,4164,4165,4163,4164,4165,4166,4167,4168,4166,4167,4168,4169,4170,4171,4169,4170,4171,4172,4173,4174,4172,4173,4174,4175,4176,4177,4175,4176,4177,4178,4179,4180,4178,4179,4180,4181,4182,4183,4181,4182,4183,4184,4185,4186,4184,4185,4186,4187,4188,4189,4187,4188,4189,4190,4191,4192,4190,4191,4192,4193,4194,4195,4193,4194,4195,4196,4197,4198,4196,4197,4198,4199,4200,4201,4199,4200,4201,4202,4203,4204,4202,4203,4204,4205,4206,4207,4205,4206,4207,4208,4209,4210,4208,4209,4210,4211,4212,4213,4211,4212,4213,4214,4215,4216,4214,4215,4216,4217,4218,4219,4217,4218,4219,4220,4221,4222,4220,4221,4222,4223,4224,4225,4223,4224,4225,4226,4227,4228,4226,4227,4228,4229,4230,4231,4229,4230,4231,4232,4233,4234,4232,4233,4234,4235,4236,4237,4235,4236,4237,4238,4239,4240,4238,4239,4240,4241,4242,4243,4241,4242,4243,4244,4245,4246,4244,4245,4246,4247,4248,4249,4247,4248,4249,4250,4251,4252,4250,4251,4252,4253,4254,4255,4253,4254,4255,4256,4257,4258,4256,4257,4258,4259,4260,4261,4259,4260,4261,4262,4263,4264,4262,4263,4264,4265,4266,4267,4265,4266,4267,4268,4269,4270,4268,4269,4270,4271,4272,4273,4271,4272,4273,4274,4275,4276,4274,4275,4276,4277,4278,4279,4277,4278,4279,4280,4281,4282,4280,4281,4282,4283,4284,4285,4283,4284,4285,4286,4287,4288,4286,4287,4288,4289,4290,4291,4289,4290,4291
B|minecraft:chiseled_tuff||1
B|minecraft:tuff_bricks||1
B|minecraft:tuff_brick_slab|type=top,bottom,double;waterlogged=false,true|273,273,274,274,1,1
B|minecraft:tuff_brick_stairs|facing=north,south,west,east;half=top,bottom;shape=straight,inner_left,inner_right,outer_left,outer_right;waterlogged=false,true|28,28,29,29,30,30,31,31,32,32,33,33,34,34,35,35,36,36,37,37,38,38,39,39,40,40,41,41,42,42,43,43,44,44,45,45,46,46,47,47,48,48,40,40,29,29,42,42,31,31,49,49,45,45,34,34,47,47,36,36,50,50,30,30,39,39,32,32,41,41,51,51,35,35,44,44,37,37,46,46
B|minecraft:tuff_brick_wall|east=none,low,tall;north=none,low,tall;south=none,low,tall;up=false,true;waterlogged=false,true;west=none,low,tall|4292,4293,4294,4292,4293,4294,0,4295,4296,0,4295,4296,4297,4298,4299,4297,4298,4299,4300,4301,4302,4300,4301,4302,4303,4304,4305,4303,4304,4305,4306,4307,4308,4306,4307,4308,4309,4310,4311,4309,4310,4311,4312,4313,4314,4312,4313,4314,4315,4316,4317,4315,4316,4317,4318,4319,4320,4318,4319,4320,4321,4322,4323,4321,4322,4323,4324,4325,4326,4324,4325,4326,4327,4328,4329,4327,4328,4329,4330,4331,4332,4330,4331,4332,4333,4334,4335,4333,4334,4335,4336,4337,4338,4336,4337,4338,4339,4340,4341,4339,4340,4341,4342,4343,4344,4342,4343,4344,4345,4346,4347,4345,4346,4347,4348,4349,4350,4348,4349,4350,4351,4352,4353,4351,4352,4353,4354,4355,4356,4354,4355,4356,4357,4358,4359,4357,4358,4359,4360,4361,4362,4360,4361,4362,4363,4364,4365,4363,4364,4365,4366,4367,4368,4366,4367,4368,4369,4370,4371,4369,4370,4371,4372,4373,4374,4372,4373,4374,4375,4376,4377,4375,4376,4377,4378,4379,4380,4378,4379,4380,4381,4382,4383,4381,4382,4383,4384,4385,4386,4384,4385,4386,4387,4388,4389,4387,4388,4389,4390,4391,4392,4390,4391,4392,4393,4394,4395,4393,4394,4395,4396,4397,4398,4396,4397,4398,4399,4400,4401,4399,4400,4401,4402,4403,4404,4402,4403,4404,4405,4406,4407,4405,4406,4407,4408,4409,4410,4408,4409,4410,4411,4412,4413,4411,4412,4413,4414,4415,4416,4414,4415,4416,4417,4418,4419,4417,4418,4419,4420,4421,4422,4420,4421,4422,4423,4424,4425,4423,4424,4425,4426,4427,4428,4426,4427,4428,4429,4430,4431,4429,4430,4431,4432,4433,4434,4432,4433,4434,4435,4436,4437,4435,4436,4437,4438,4439,4440,4438,4439,4440,4441,4442,4443,4441,4442,4443,4444,4445,4446,4444,4445,4446,4447,4448,4449,4447,4448,4449,4450,4451,4452,4450,4451,4452
B|minecraft:chiseled_tuff_bricks||1
B|minecraft:calcite||1
B|minecraft:tinted_glass||1
B|minecraft:powder_snow||0
B|minecraft:sculk_sensor|power=0,1,2,3,4,5,6,7,8,9,10,11,12,13,14,15;sculk_sensor_phase=inactive,active,cooldown;waterlogged=false,true|4453
B|minecraft:calibrated_sculk_sensor|facing=north,south,west,east;power=0,1,2,3,4,5,6,7,8,9,10,11,12,13,14,15;sculk_sensor_phase=inactive,active,cooldown;waterlogged=false,true|4453
B|minecraft:sculk||1
B|minecraft:sculk_vein|down=false,true;east=false,true;north=false,true;south=false,true;up=false,true;waterlogged=false,true;west=false,true|0
B|minecraft:sculk_catalyst|bloom=false,true|1
B|minecraft:sculk_shrieker|can_summon=false,true;shrieking=false,true;waterlogged=false,true|4454
B|minecraft:copper_block||1
B|minecraft:exposed_copper||1
B|minecraft:weathered_copper||1
B|minecraft:oxidized_copper||1
B|minecraft:copper_ore||1
B|minecraft:deepslate_copper_ore||1
B|minecraft:oxidized_cut_copper||1
B|minecraft:weathered_cut_copper||1
B|minecraft:exposed_cut_copper||1
B|minecraft:cut_copper||1
B|minecraft:oxidized_chiseled_copper||1
B|minecraft:weathered_chiseled_copper||1
B|minecraft:exposed_chiseled_copper||1
B|minecraft:chiseled_copper||1
B|minecraft:waxed_oxidized_chiseled_copper||1
B|minecraft:waxed_weathered_chiseled_copper||1
B|minecraft:waxed_exposed_chiseled_copper||1
B|minecraft:waxed_chiseled_copper||1
B|minecraft:oxidized_cut_copper_stairs|facing=north,south,west,east;half=top,bottom;shape=straight,inner_left,inner_right,outer_left,outer_right;waterlogged=false,true|28,28,29,29,30,30,31,31,32,32,33,33,34,34,35,35,36,36,37,37,38,38,39,39,40,40,41,41,42,42,43,43,44,44,45,45,46,46,47,47,48,48,40,40,29,29,42,42,31,31,49,49,45,45,34,34,47,47,36,36,50,50,30,30,39,39,32,32,41,41,51,51,35,35,44,44,37,37,46,46
B|minecraft:weathered_cut_copper_stairs|facing=north,south,west,east;half=top,bottom;shape=straight,inner_left,inner_right,outer_left,outer_right;waterlogged=false,true|28,28,29,29,30,30,31,31,32,32,33,33,34,34,35,35,36,36,37,37,38,38,39,39,40,40,41,41,42,42,43,43,44,44,45,45,46,46,47,47,48,48,40,40,29,29,42,42,31,31,49,49,45,45,34,34,47,47,36,36,50,50,30,30,39,39,32,32,41,41,51,51,35,35,44,44,37,37,46,46
B|minecraft:exposed_cut_copper_stairs|facing=north,south,west,east;half=top,bottom;shape=straight,inner_left,inner_right,outer_left,outer_right;waterlogged=false,true|28,28,29,29,30,30,31,31,32,32,33,33,34,34,35,35,36,36,37,37,38,38,39,39,40,40,41,41,42,42,43,43,44,44,45,45,46,46,47,47,48,48,40,40,29,29,42,42,31,31,49,49,45,45,34,34,47,47,36,36,50,50,30,30,39,39,32,32,41,41,51,51,35,35,44,44,37,37,46,46
B|minecraft:cut_copper_stairs|facing=north,south,west,east;half=top,bottom;shape=straight,inner_left,inner_right,outer_left,outer_right;waterlogged=false,true|28,28,29,29,30,30,31,31,32,32,33,33,34,34,35,35,36,36,37,37,38,38,39,39,40,40,41,41,42,42,43,43,44,44,45,45,46,46,47,47,48,48,40,40,29,29,42,42,31,31,49,49,45,45,34,34,47,47,36,36,50,50,30,30,39,39,32,32,41,41,51,51,35,35,44,44,37,37,46,46
B|minecraft:oxidized_cut_copper_slab|type=top,bottom,double;waterlogged=false,true|273,273,274,274,1,1
B|minecraft:weathered_cut_copper_slab|type=top,bottom,double;waterlogged=false,true|273,273,274,274,1,1
B|minecraft:exposed_cut_copper_slab|type=top,bottom,double;waterlogged=false,true|273,273,274,274,1,1
B|minecraft:cut_copper_slab|type=top,bottom,double;waterlogged=false,true|273,273,274,274,1,1
B|minecraft:waxed_copper_block||1
B|minecraft:waxed_weathered_copper||1
B|minecraft:waxed_exposed_copper||1
B|minecraft:waxed_oxidized_copper||1
B|minecraft:waxed_oxidized_cut_copper||1
B|minecraft:waxed_weathered_cut_copper||1
B|minecraft:waxed_exposed_cut_copper||1
B|minecraft:waxed_cut_copper||1
B|minecraft:waxed_oxidized_cut_copper_stairs|facing=north,south,west,east;half=top,bottom;shape=straight,inner_left,inner_right,outer_left,outer_right;waterlogged=false,true|28,28,29,29,30,30,31,31,32,32,33,33,34,34,35,35,36,36,37,37,38,38,39,39,40,40,41,41,42,42,43,43,44,44,45,45,46,46,47,47,48,48,40,40,29,29,42,42,31,31,49,49,45,45,34,34,47,47,36,36,50,50,30,30,39,39,32,32,41,41,51,51,35,35,44,44,37,37,46,46
B|minecraft:waxed_weathered_cut_copper_stairs|facing=north,south,west,east;half=top,bottom;shape=straight,inner_left,inner_right,outer_left,outer_right;waterlogged=false,true|28,28,29,29,30,30,31,31,32,32,33,33,34,34,35,35,36,36,37,37,38,38,39,39,40,40,41,41,42,42,43,43,44,44,45,45,46,46,47,47,48,48,40,40,29,29,42,42,31,31,49,49,45,45,34,34,47,47,36,36,50,50,30,30,39,39,32,32,41,41,51,51,35,35,44,44,37,37,46,46
B|minecraft:waxed_exposed_cut_copper_stairs|facing=north,south,west,east;half=top,bottom;shape=straight,inner_left,inner_right,outer_left,outer_right;waterlogged=false,true|28,28,29,29,30,30,31,31,32,32,33,33,34,34,35,35,36,36,37,37,38,38,39,39,40,40,41,41,42,42,43,43,44,44,45,45,46,46,47,47,48,48,40,40,29,29,42,42,31,31,49,49,45,45,34,34,47,47,36,36,50,50,30,30,39,39,32,32,41,41,51,51,35,35,44,44,37,37,46,46
B|minecraft:waxed_cut_copper_stairs|facing=north,south,west,east;half=top,bottom;shape=straight,inner_left,inner_right,outer_left,outer_right;waterlogged=false,true|28,28,29,29,30,30,31,31,32,32,33,33,34,34,35,35,36,36,37,37,38,38,39,39,40,40,41,41,42,42,43,43,44,44,45,45,46,46,47,47,48,48,40,40,29,29,42,42,31,31,49,49,45,45,34,34,47,47,36,36,50,50,30,30,39,39,32,32,41,41,51,51,35,35,44,44,37,37,46,46
B|minecraft:waxed_oxidized_cut_copper_slab|type=top,bottom,double;waterlogged=false,true|273,273,274,274,1,1
B|minecraft:waxed_weathered_cut_copper_slab|type=top,bottom,double;waterlogged=false,true|273,273,274,274,1,1
B|minecraft:waxed_exposed_cut_copper_slab|type=top,bottom,double;waterlogged=false,true|273,273,274,274,1,1
B|minecraft:waxed_cut_copper_slab|type=top,bottom,double;waterlogged=false,true|273,273,274,274,1,1
B|minecraft:copper_door|facing=north,south,west,east;half=upper,lower;hinge=left,right;open=false,true;powered=false,true|58,58,59,59,60,60,59,59,58,58,59,59,60,60,59,59,60,60,61,61,58,58,61,61,60,60,61,61,58,58,61,61,59,59,60,60,61,61,60,60,59,59,60,60,61,61,60,60,61,61,58,58,59,59,58,58,61,61,58,58,59,59,58,58
B|minecraft:exposed_copper_door|facing=north,south,west,east;half=upper,lower;hinge=left,right;open=false,true;powered=false,true|58,58,59,59,60,60,59,59,58,58,59,59,60,60,59,59,60,60,61,61,58,58,61,61,60,60,61,61,58,58,61,61,59,59,60,60,61,61,60,60,59,59,60,60,61,61,60,60,61,61,58,58,59,59,58,58,61,61,58,58,59,59,58,58
B|minecraft:oxidized_copper_door|facing=north,south,west,east;half=upper,lower;hinge=left,right;open=false,true;powered=false,true|58,58,59,59,60,60,59,59,58,58,59,59,60,60,59,59,60,60,61,61,58,58,61,61,60,60,61,61,58,58,61,61,59,59,60,60,61,61,60,60,59,59,60,60,61,61,60,60,61,61,58,58,59,59,58,58,61,61,58,58,59,59,58,58
B|minecraft:weathered_copper_door|facing=north,south,west,east;half=upper,lower;hinge=left,right;open=false,true;powered=false,true|58,58,59,59,60,60,59,59,58,58,59,59,60,60,59,59,60,60,61,61,58,58,61,61,60,60,61,61,58,58,61,61,59,59,60,60,61,61,60,60,59,59,60,60,61,61,60,60,61,61,58,58,59,59,58,58,61,61,58,58,59,59,58,58
B|minecraft:waxed_copper_door|facing=north,south,west,east;half=upper,lower;hinge=left,right;open=false,true;powered=false,true|58,58,59,59,60,60,59,59,58,58,59,59,60,60,59,59,60,60,61,61,58,58,61,61,60,60,61,61,58,58,61,61,59,59,60,60,61,61,60,60,59,59,60,60,61,61,60,60,61,61,58,58,59,59,58,58,61,61,58,58,59,59,58,58
B|minecraft:waxed_exposed_copper_door|facing=north,south,west,east;half=upper,lower;hinge=left,right;open=false,true;powered=false,true|58,58,59,59,60,60,59,59,58,58,59,59,60,60,59,59,60,60,61,61,58,58,61,61,60,60,61,61,58,58,61,61,59,59,60,60,61,61,60,60,59,59,60,60,61,61,60,60,61,61,58,58,59,59,58,58,61,61,58,58,59,59,58,58
B|minecraft:waxed_oxidized_copper_door|facing=north,south,west,east;half=upper,lower;hinge=left,right;open=false,true;powered=false,true|58,58,59,59,60,60,59,59,58,58,59,59,60,60,59,59,60,60,61,61,58,58,61,61,60,60,61,61,58,58,61,61,59,59,60,60,61,61,60,60,59,59,60,60,61,61,60,60,61,61,58,58,59,59,58,58,61,61,58,58,59,59,58,58
B|minecraft:waxed_weathered_copper_door|facing=north,south,west,east;half=upper,lower;hinge=left,right;open=false,true;powered=false,true|58,58,59,59,60,60,59,59,58,58,59,59,60,60,59,59,60,60,61,61,58,58,61,61,60,60,61,61,58,58,61,61,59,59,60,60,61,61,60,60,59,59,60,60,61,61,60,60,61,61,58,58,59,59,58,58,61,61,58,58,59,59,58,58
B|minecraft:copper_trapdoor|facing=north,south,west,east;half=top,bottom;open=false,true;powered=false,true;waterlogged=false,true|101,101,101,101,102,102,102,102,101,101,101,101,103,103,103,103,104,104,104,104,102,102,102,102,104,104,104,104,103,103,103,103,105,105,105,105,102,102,102,102,105,105,105,105,103,103,103,103,106,106,106,106,102,102,102,102,106,106,106,106,103,103,103,103
B|minecraft:exposed_copper_trapdoor|facing=north,south,west,east;half=top,bottom;open=false,true;powered=false,true;waterlogged=false,true|101,101,101,101,102,102,102,102,101,101,101,101,103,103,103,103,104,104,104,104,102,102,102,102,104,104,104,104,103,103,103,103,105,105,105,105,102,102,102,102,105,105,105,105,103,103,103,103,106,106,106,106,102,102,102,102,106,106,106,106,103,103,103,103
B|minecraft:oxidized_copper_trapdoor|facing=north,south,west,east;half=top,bottom;open=false,true;powered=false,true;waterlogged=false,true|101,101,101,101,102,102,102,102,101,101,101,101,103,103,103,103,104,104,104,104,102,102,102,102,104,104,104,104,103,103,103,103,105,105,105,105,102,102,102,102,105,105,105,105,103,103,103,103,106,106,106,106,102,102,102,102,106,106,106,106,103,103,103,103
B|minecraft:weathered_copper_trapdoor|facing=north,south,west,east;half=top,bottom;open=false,true;powered=false,true;waterlogged=false,true|101,101,101,101,102,102,102,102,101,101,101,101,103,103,103,103,104,104,104,104,102,102,102,102,104,104,104,104,103,103,103,103,105,105,105,105,102,102,102,102,105,105,105,105,103,103,103,103,106,106,106,106,102,102,102,102,106,106,106,106,103,103,103,103
B|minecraft:waxed_copper_trapdoor|facing=north,south,west,east;half=top,bottom;open=false,true;powered=false,true;waterlogged=false,true|101,101,101,101,102,102,102,102,101,101,101,101,103,103,103,103,104,104,104,104,102,102,102,102,104,104,104,104,103,103,103,103,105,105,105,105,102,102,102,102,105,105,105,105,103,103,103,103,106,106,106,106,102,102,102,102,106,106,106,106,103,103,103,103
B|minecraft:waxed_exposed_copper_trapdoor|facing=north,south,west,east;half=top,bottom;open=false,true;powered=false,true;waterlogged=false,true|101,101,101,101,102,102,102,102,101,101,101,101,103,103,103,103,104,104,104,104,102,102,102,102,104,104,104,104,103,103,103,103,105,105,105,105,102,102,102,102,105,105,105,105,103,103,103,103,106,106,106,106,102,102,102,102,106,106,106,106,103,103,103,103
B|minecraft:waxed_oxidized_copper_trapdoor|facing=north,south,west,east;half=top,bottom;open=false,true;powered=false,true;waterlogged=false,true|101,101,101,101,102,102,102,102,101,101,101,101,103,103,103,103,104,104,104,104,102,102,102,102,104,104,104,104,103,103,103,103,105,105,105,105,102,102,102,102,105,105,105,105,103,103,103,103,106,106,106,106,102,102,102,102,106,106,106,106,103,103,103,103
B|minecraft:waxed_weathered_copper_trapdoor|facing=north,south,west,east;half=top,bottom;open=false,true;powered=false,true;waterlogged=false,true|101,101,101,101,102,102,102,102,101,101,101,101,103,103,103,103,104,104,104,104,102,102,102,102,104,104,104,104,103,103,103,103,105,105,105,105,102,102,102,102,105,105,105,105,103,103,103,103,106,106,106,106,102,102,102,102,106,106,106,106,103,103,103,103
B|minecraft:copper_grate|waterlogged=false,true|1
B|minecraft:exposed_copper_grate|waterlogged=false,true|1
B|minecraft:weathered_copper_grate|waterlogged=false,true|1
B|minecraft:oxidized_copper_grate|waterlogged=false,true|1
B|minecraft:waxed_copper_grate|waterlogged=false,true|1
B|minecraft:waxed_exposed_copper_grate|waterlogged=false,true|1
B|minecraft:waxed_weathered_copper_grate|waterlogged=false,true|1
B|minecraft:waxed_oxidized_copper_grate|waterlogged=false,true|1
B|minecraft:copper_bulb|lit=false,true;powered=false,true|1
B|minecraft:exposed_copper_bulb|lit=false,true;powered=false,true|1
B|minecraft:weathered_copper_bulb|lit=false,true;powered=false,true|1
B|minecraft:oxidized_copper_bulb|lit=false,true;powered=false,true|1
B|minecraft:waxed_copper_bulb|lit=false,true;powered=false,true|1
B|minecraft:waxed_exposed_copper_bulb|lit=false,true;powered=false,true|1
B|minecraft:waxed_weathered_copper_bulb|lit=false,true;powered=false,true|1
B|minecraft:waxed_oxidized_copper_bulb|lit=false,true;powered=false,true|1
B|minecraft:copper_chest|facing=north,south,west,east;type=single,left,right;waterlogged=false,true|52,52,53,53,54,54,52,52,54,54,53,53,52,52,55,55,56,56,52,52,56,56,55,55
B|minecraft:exposed_copper_chest|facing=north,south,west,east;type=single,left,right;waterlogged=false,true|52,52,53,53,54,54,52,52,54,54,53,53,52,52,55,55,56,56,52,52,56,56,55,55
B|minecraft:weathered_copper_chest|facing=north,south,west,east;type=single,left,right;waterlogged=false,true|52,52,53,53,54,54,52,52,54,54,53,53,52,52,55,55,56,56,52,52,56,56,55,55
B|minecraft:oxidized_copper_chest|facing=north,south,west,east;type=single,left,right;waterlogged=false,true|52,52,53,53,54,54,52,52,54,54,53,53,52,52,55,55,56,56,52,52,56,56,55,55
B|minecraft:waxed_copper_chest|facing=north,south,west,east;type=single,left,right;waterlogged=false,true|52,52,53,53,54,54,52,52,54,54,53,53,52,52,55,55,56,56,52,52,56,56,55,55
B|minecraft:waxed_exposed_copper_chest|facing=north,south,west,east;type=single,left,right;waterlogged=false,true|52,52,53,53,54,54,52,52,54,54,53,53,52,52,55,55,56,56,52,52,56,56,55,55
B|minecraft:waxed_weathered_copper_chest|facing=north,south,west,east;type=single,left,right;waterlogged=false,true|52,52,53,53,54,54,52,52,54,54,53,53,52,52,55,55,56,56,52,52,56,56,55,55
B|minecraft:waxed_oxidized_copper_chest|facing=north,south,west,east;type=single,left,right;waterlogged=false,true|52,52,53,53,54,54,52,52,54,54,53,53,52,52,55,55,56,56,52,52,56,56,55,55
B|minecraft:copper_golem_statue|copper_golem_pose=standing,sitting,running,star;facing=north,south,west,east;waterlogged=false,true|4455
B|minecraft:exposed_copper_golem_statue|copper_golem_pose=standing,sitting,running,star;facing=north,south,west,east;waterlogged=false,true|4455
B|minecraft:weathered_copper_golem_statue|copper_golem_pose=standing,sitting,running,star;facing=north,south,west,east;waterlogged=false,true|4455
B|minecraft:oxidized_copper_golem_statue|copper_golem_pose=standing,sitting,running,star;facing=north,south,west,east;waterlogged=false,true|4455
B|minecraft:waxed_copper_golem_statue|copper_golem_pose=standing,sitting,running,star;facing=north,south,west,east;waterlogged=false,true|4455
B|minecraft:waxed_exposed_copper_golem_statue|copper_golem_pose=standing,sitting,running,star;facing=north,south,west,east;waterlogged=false,true|4455
B|minecraft:waxed_weathered_copper_golem_statue|copper_golem_pose=standing,sitting,running,star;facing=north,south,west,east;waterlogged=false,true|4455
B|minecraft:waxed_oxidized_copper_golem_statue|copper_golem_pose=standing,sitting,running,star;facing=north,south,west,east;waterlogged=false,true|4455
B|minecraft:lightning_rod|facing=north,east,south,west,up,down;powered=false,true;waterlogged=false,true|1213,1213,1213,1213,1214,1214,1214,1214,1213,1213,1213,1213,1214,1214,1214,1214,1215,1215,1215,1215,1215,1215,1215,1215
B|minecraft:exposed_lightning_rod|facing=north,east,south,west,up,down;powered=false,true;waterlogged=false,true|1213,1213,1213,1213,1214,1214,1214,1214,1213,1213,1213,1213,1214,1214,1214,1214,1215,1215,1215,1215,1215,1215,1215,1215
B|minecraft:weathered_lightning_rod|facing=north,east,south,west,up,down;powered=false,true;waterlogged=false,true|1213,1213,1213,1213,1214,1214,1214,1214,1213,1213,1213,1213,1214,1214,1214,1214,1215,1215,1215,1215,1215,1215,1215,1215
B|minecraft:oxidized_lightning_rod|facing=north,east,south,west,up,down;powered=false,true;waterlogged=false,true|1213,1213,1213,1213,1214,1214,1214,1214,1213,1213,1213,1213,1214,1214,1214,1214,1215,1215,1215,1215,1215,1215,1215,1215
B|minecraft:waxed_lightning_rod|facing=north,east,south,west,up,down;powered=false,true;waterlogged=false,true|1213,1213,1213,1213,1214,1214,1214,1214,1213,1213,1213,1213,1214,1214,1214,1214,1215,1215,1215,1215,1215,1215,1215,1215
B|minecraft:waxed_exposed_lightning_rod|facing=north,east,south,west,up,down;powered=false,true;waterlogged=false,true|1213,1213,1213,1213,1214,1214,1214,1214,1213,1213,1213,1213,1214,1214,1214,1214,1215,1215,1215,1215,1215,1215,1215,1215
B|minecraft:waxed_weathered_lightning_rod|facing=north,east,south,west,up,down;powered=false,true;waterlogged=false,true|1213,1213,1213,1213,1214,1214,1214,1214,1213,1213,1213,1213,1214,1214,1214,1214,1215,1215,1215,1215,1215,1215,1215,1215
B|minecraft:waxed_oxidized_lightning_rod|facing=north,east,south,west,up,down;powered=false,true;waterlogged=false,true|1213,1213,1213,1213,1214,1214,1214,1214,1213,1213,1213,1213,1214,1214,1214,1214,1215,1215,1215,1215,1215,1215,1215,1215
B|minecraft:pointed_dripstone|thickness=tip_merge,tip,frustum,middle,base;vertical_direction=up,down;waterlogged=false,true|4456,4457,4458,4459,4460,4461,4462,4463,4464,4465,4466,4467,4468,4469,4470,4471,4472,4473,4474,4475
B|minecraft:dripstone_block||1
B|minecraft:cave_vines|age=0,1,2,3,4,5,6,7,8,9,10,11,12,13,14,15,16,17,18,19,20,21,22,23,24,25;berries=false,true|0
B|minecraft:cave_vines_plant|berries=false,true|0
B|minecraft:spore_blossom||0
B|minecraft:azalea||4476
B|minecraft:flowering_azalea||4476
B|minecraft:moss_carpet||1068
B|minecraft:pink_petals|facing=north,south,west,east;flower_amount=1,2,3,4|0
B|minecraft:wildflowers|facing=north,south,west,east;flower_amount=1,2,3,4|0
B|minecraft:leaf_litter|facing=north,south,west,east;segment_amount=1,2,3,4|0
B|minecraft:moss_block||1
B|minecraft:big_dripleaf|facing=north,south,west,east;tilt=none,unstable,partial,full;waterlogged=false,true|4477,4477,4478,4478,4479,4479,0,0,4477,4477,4478,4478,4479,4479,0,0,4477,4477,4478,4478,4479,4479,0,0,4477,4477,4478,4478,4479,4479,0,0
B|minecraft:big_dripleaf_stem|facing=north,south,west,east;waterlogged=false,true|0
B|minecraft:small_dripleaf|facing=north,south,west,east;half=upper,lower;waterlogged=false,true|0
B|minecraft:hanging_roots|waterlogged=false,true|0
B|minecraft:rooted_dirt||1
B|minecraft:mud||4480
B|minecraft:deepslate|axis=x,y,z|1
B|minecraft:cobbled_deepslate||1
B|minecraft:cobbled_deepslate_stairs|facing=north,south,west,east;half=top,bottom;shape=straight,inner_left,inner_right,outer_left,outer_right;waterlogged=false,true|28,28,29,29,30,30,31,31,32,32,33,33,34,34,35,35,36,36,37,37,38,38,39,39,40,40,41,41,42,42,43,43,44,44,45,45,46,46,47,47,48,48,40,40,29,29,42,42,31,31,49,49,45,45,34,34,47,47,36,36,50,50,30,30,39,39,32,32,41,41,51,51,35,35,44,44,37,37,46,46
B|minecraft:cobbled_deepslate_slab|type=top,bottom,double;waterlogged=false,true|273,273,274,274,1,1
B|minecraft:cobbled_deepslate_wall|east=none,low,tall;north=none,low,tall;south=none,low,tall;up=false,true;waterlogged=false,true;west=none,low,tall|4481,4482,4483,4481,4482,4483,0,4484,4485,0,4484,4485,4486,4487,4488,4486,4487,4488,4489,4490,4491,4489,4490,4491,4492,4493,4494,4492,4493,4494,4495,4496,4497,4495,4496,4497,4498,4499,4500,4498,4499,4500,4501,4502,4503,4501,4502,4503,4504,4505,4506,4504,4505,4506,4507,4508,4509,4507,4508,4509,4510,4511,4512,4510,4511,4512,4513,4514,4515,4513,4514,4515,4516,4517,4518,4516,4517,4518,4519,4520,4521,4519,4520,4521,4522,4523,4524,4522,4523,4524,4525,4526,4527,4525,4526,4527,4528,4529,4530,4528,4529,4530,4531,4532,4533,4531,4532,4533,4534,4535,4536,4534,4535,4536,4537,4538,4539,4537,4538,4539,4540,4541,4542,4540,4541,4542,4543,4544,4545,4543,4544,4545,4546,4547,4548,4546,4547,4548,4549,4550,4551,4549,4550,4551,4552,4553,4554,4552,4553,4554,4555,4556,4557,4555,4556,4557,4558,4559,4560,4558,4559,4560,4561,4562,4563,4561,4562,4563,4564,4565,4566,4564,4565,4566,4567,4568,4569,4567,4568,4569,4570,4571,4572,4570,4571,4572,4573,4574,4575,4573,4574,4575,4576,4577,4578,4576,4577,4578,4579,4580,4581,4579,4580,4581,4582,4583,4584,4582,4583,4584,4585,4586,4587,4585,4586,4587,4588,4589,4590,4588,4589,4590,4591,4592,4593,4591,4592,4593,4594,4595,4596,4594,4595,4596,4597,4598,4599,4597,4598,4599,4600,4601,4602,4600,4601,4602,4603,4604,4605,4603,4604,4605,4606,4607,4608,4606,4607,4608,4609,4610,4611,4609,4610,4611,4612,4613,4614,4612,4613,4614,4615,4616,4617,4615,4616,4617,4618,4619,4620,4618,4619,4620,4621,4622,4623,4621,4622,4623,4624,4625,4626,4624,4625,4626,4627,4628,4629,4627,4628,4629,4630,4631,4632,4630,4631,4632,4633,4634,4635,4633,4634,4635,4636,4637,4638,4636,4637,4638,4639,4640,4641,4639,4640,4641
B|minecraft:polished_deepslate||1
B|minecraft:polished_deepslate_stairs|facing=north,south,west,east;half=top,bottom;shape=straight,inner_left,inner_right,outer_left,outer_right;waterlogged=false,true|28,28,29,29,30,30,31,31,32,32,33,33,34,34,35,35,36,36,37,37,38,38,39,39,40,40,41,41,42,42,43,43,44,44,45,45,46,46,47,47,48,48,40,40,29,29,42,42,31,31,49,49,45,45,34,34,47,47,36,36,50,50,30,30,39,39,32,32,41,41,51,51,35,35,44,44,37,37,46,46
B|minecraft:polished_deepslate_slab|type=top,bottom,double;waterlogged=false,true|273,273,274,274,1,1
B|minecraft:polished_deepslate_wall|east=none,low,tall;north=none,low,tall;south=none,low,tall;up=false,true;waterlogged=false,true;west=none,low,tall|4642,4643,4644,4642,4643,4644,0,4645,4646,0,4645,4646,4647,4648,4649,4647,4648,4649,4650,4651,4652,4650,4651,4652,4653,4654,4655,4653,4654,4655,4656,4657,4658,4656,4657,4658,4659,4660,4661,4659,4660,4661,4662,4663,4664,4662,4663,4664,4665,4666,4667,4665,4666,4667,4668,4669,4670,4668,4669,4670,4671,4672,4673,4671,4672,4673,4674,4675,4676,4674,4675,4676,4677,4678,4679,4677,4678,4679,4680,4681,4682,4680,4681,4682,4683,4684,4685,4683,4684,4685,4686,4687,4688,4686,4687,4688,4689,4690,4691,4689,4690,4691,4692,4693,4694,4692,4693,4694,4695,4696,4697,4695,4696,4697,4698,4699,4700,4698,4699,4700,4701,4702,4703,4701,4702,4703,4704,4705,4706,4704,4705,4706,4707,4708,4709,4707,4708,4709,4710,4711,4712,4710,4711,4712,4713,4714,4715,4713,4714,4715,4716,4717,4718,4716,4717,4718,4719,4720,4721,4719,4720,4721,4722,4723,4724,4722,4723,4724,4725,4726,4727,4725,4726,4727,4728,4729,4730,4728,4729,4730,4731,4732,4733,4731,4732,4733,4734,4735,4736,4734,4735,4736,4737,4738,4739,4737,4738,4739,4740,4741,4742,4740,4741,4742,4743,4744,4745,4743,4744,4745,4746,4747,4748,4746,4747,4748,4749,4750,4751,4749,4750,4751,4752,4753,4754,4752,4753,4754,4755,4756,4757,4755,4756,4757,4758,4759,4760,4758,4759,4760,4761,4762,4763,4761,4762,4763,4764,4765,4766,4764,4765,4766,4767,4768,4769,4767,4768,4769,4770,4771,4772,4770,4771,4772,4773,4774,4775,4773,4774,4775,4776,4777,4778,4776,4777,4778,4779,4780,4781,4779,4780,4781,4782,4783,4784,4782,4783,4784,4785,4786,4787,4785,4786,4787,4788,4789,4790,4788,4789,4790,4791,4792,4793,4791,4792,4793,4794,4795,4796,4794,4795,4796,4797,4798,4799,4797,4798,4799,4800,4801,4802,4800,4801,4802
B|minecraft:deepslate_tiles||1
B|minecraft:deepslate_tile_stairs|facing=north,south,west,east;half=top,bottom;shape=straight,inner_left,inner_right,outer_left,outer_right;waterlogged=false,true|28,28,29,29,30,30,31,31,32,32,33,33,34,34,35,35,36,36,37,37,38,38,39,39,40,40,41,41,42,42,43,43,44,44,45,45,46,46,47,47,48,48,40,40,29,29,42,42,31,31,49,49,45,45,34,34,47,47,36,36,50,50,30,30,39,39,32,32,41,41,51,51,35,35,44,44,37,37,46,46
B|minecraft:deepslate_tile_slab|type=top,bottom,double;waterlogged=false,true|273,273,274,274,1,1
B|minecraft:deepslate_tile_wall|east=none,low,tall;north=none,low,tall;south=none,low,tall;up=false,true;waterlogged=false,true;west=none,low,tall|4803,4804,4805,4803,4804,4805,0,4806,4807,0,4806,4807,4808,4809,4810,4808,4809,4810,4811,4812,4813,4811,4812,4813,4814,4815,4816,4814,4815,4816,4817,4818,4819,4817,4818,4819,4820,4821,4822,4820,4821,4822,4823,4824,4825,4823,4824,4825,4826,4827,4828,4826,4827,4828,4829,4830,4831,4829,4830,4831,4832,4833,4834,4832,4833,4834,4835,4836,4837,4835,4836,4837,4838,4839,4840,4838,4839,4840,4841,4842,4843,4841,4842,4843,4844,4845,4846,4844,4845,4846,4847,4848,4849,4847,4848,4849,4850,4851,4852,4850,4851,4852,4853,4854,4855,4853,4854,4855,4856,4857,4858,4856,4857,4858,4859,4860,4861,4859,4860,4861,4862,4863,4864,4862,4863,4864,4865,4866,4867,4865,4866,4867,4868,4869,4870,4868,4869,4870,4871,4872,4873,4871,4872,4873,4874,4875,4876,4874,4875,4876,4877,4878,4879,4877,4878,4879,4880,4881,4882,4880,4881,4882,4883,4884,4885,4883,4884,4885,4886,4887,4888,4886,4887,4888,4889,4890,4891,4889,4890,4891,4892,4893,4894,4892,4893,4894,4895,4896,4897,4895,4896,4897,4898,4899,4900,4898,4899,4900,4901,4902,4903,4901,4902,4903,4904,4905,4906,4904,4905,4906,4907,4908,4909,4907,4908,4909,4910,4911,4912,4910,4911,4912,4913,4914,4915,4913,4914,4915,4916,4917,4918,4916,4917,4918,4919,4920,4921,4919,4920,4921,4922,4923,4924,4922,4923,4924,4925,4926,4927,4925,4926,4927,4928,4929,4930,4928,4929,4930,4931,4932,4933,4931,4932,4933,4934,4935,4936,4934,4935,4936,4937,4938,4939,4937,4938,4939,4940,4941,4942,4940,4941,4942,4943,4944,4945,4943,4944,4945,4946,4947,4948,4946,4947,4948,4949,4950,4951,4949,4950,4951,4952,4953,4954,4952,4953,4954,4955,4956,4957,4955,4956,4957,4958,4959,4960,4958,4959,4960,4961,4962,4963,4961,4962,4963
B|minecraft:deepslate_bricks||1
B|minecraft:deepslate_brick_stairs|facing=north,south,west,east;half=top,bottom;shape=straight,inner_left,inner_right,outer_left,outer_right;waterlogged=false,true|28,28,29,29,30,30,31,31,32,32,33,33,34,34,35,35,36,36,37,37,38,38,39,39,40,40,41,41,42,42,43,43,44,44,45,45,46,46,47,47,48,48,40,40,29,29,42,42,31,31,49,49,45,45,34,34,47,47,36,36,50,50,30,30,39,39,32,32,41,41,51,51,35,35,44,44,37,37,46,46
B|minecraft:deepslate_brick_slab|type=top,bottom,double;waterlogged=false,true|273,273,274,274,1,1
B|minecraft:deepslate_brick_wall|east=none,low,tall;north=none,low,tall;south=none,low,tall;up=false,true;waterlogged=false,true;west=none,low,tall|4964,4965,4966,4964,4965,4966,0,4967,4968,0,4967,4968,4969,4970,4971,4969,4970,4971,4972,4973,4974,4972,4973,4974,4975,4976,4977,4975,4976,4977,4978,4979,4980,4978,4979,4980,4981,4982,4983,4981,4982,4983,4984,4985,4986,4984,4985,4986,4987,4988,4989,4987,4988,4989,4990,4991,4992,4990,4991,4992,4993,4994,4995,4993,4994,4995,4996,4997,4998,4996,4997,4998,4999,5000,5001,4999,5000,5001,5002,5003,5004,5002,5003,5004,5005,5006,5007,5005,5006,5007,5008,5009,5010,5008,5009,5010,5011,5012,5013,5011,5012,5013,5014,5015,5016,5014,5015,5016,5017,5018,5019,5017,5018,5019,5020,5021,5022,5020,5021,5022,5023,5024,5025,5023,5024,5025,5026,5027,5028,5026,5027,5028,5029,5030,5031,5029,5030,5031,5032,5033,5034,5032,5033,5034,5035,5036,5037,5035,5036,5037,5038,5039,5040,5038,5039,5040,5041,5042,5043,5041,5042,5043,5044,5045,5046,5044,5045,5046,5047,5048,5049,5047,5048,5049,5050,5051,5052,5050,5051,5052,5053,5054,5055,5053,5054,5055,5056,5057,5058,5056,5057,5058,5059,5060,5061,5059,5060,5061,5062,5063,5064,5062,5063,5064,5065,5066,5067,5065,5066,5067,5068,5069,5070,5068,5069,5070,5071,5072,5073,5071,5072,5073,5074,5075,5076,5074,5075,5076,5077,5078,5079,5077,5078,5079,5080,5081,5082,5080,5081,5082,5083,5084,5085,5083,5084,5085,5086,5087,5088,5086,5087,5088,5089,5090,5091,5089,5090,5091,5092,5093,5094,5092,5093,5094,5095,5096,5097,5095,5096,5097,5098,5099,5100,5098,5099,5100,5101,5102,5103,5101,5102,5103,5104,5105,5106,5104,5105,5106,5107,5108,5109,5107,5108,5109,5110,5111,5112,5110,5111,5112,5113,5114,5115,5113,5114,5115,5116,5117,5118,5116,5117,5118,5119,5120,5121,5119,5120,5121,5122,5123,5124,5122,5123,5124
B|minecraft:chiseled_deepslate||1
B|minecraft:cracked_deepslate_bricks||1
B|minecraft:cracked_deepslate_tiles||1
B|minecraft:infested_deepslate|axis=x,y,z|1
B|minecraft:smooth_basalt||1
B|minecraft:raw_iron_block||1
B|minecraft:raw_copper_block||1
B|minecraft:raw_gold_block||1
B|minecraft:potted_azalea_bush||793
B|minecraft:potted_flowering_azalea_bush||793
B|minecraft:ochre_froglight|axis=x,y,z|1
B|minecraft:verdant_froglight|axis=x,y,z|1
B|minecraft:pearlescent_froglight|axis=x,y,z|1
B|minecraft:frogspawn||0
B|minecraft:reinforced_deepslate||1
B|minecraft:decorated_pot|cracked=false,true;facing=north,south,west,east;waterlogged=false,true|5125
B|minecraft:crafter|crafting=false,true;orientation=down_east,down_north,down_south,down_west,up_east,up_north,up_south,up_west,west_up,east_up,north_up,south_up;triggered=false,true|1
B|minecraft:trial_spawner|ominous=false,true;trial_spawner_state=inactive,waiting_for_players,active,waiting_for_reward_ejection,ejecting_reward,cooldown|1
B|minecraft:vault|facing=north,south,west,east;ominous=false,true;vault_state=inactive,active,unlocking,ejecting|1
B|minecraft:heavy_core|waterlogged=false,true|5126
B|minecraft:pale_moss_block||1
B|minecraft:pale_moss_carpet|bottom=false,true;east=none,low,tall;north=none,low,tall;south=none,low,tall;west=none,low,tall|5127,5127,5127,5127,5127,5127,5127,5127,5127,5127,5127,5127,5127,5127,5127,5127,5127,5127,5127,5127,5127,5127,5127,5127,5127,5127,5127,5127,5127,5127,5127,5127,5127,5127,5127,5127,5127,5127,5127,5127,5127,5127,5127,5127,5127,5127,5127,5127,5127,5127,5127,5127,5127,5127,5127,5127,5127,5127,5127,5127,5127,5127,5127,5127,5127,5127,5127,5127,5127,5127,5127,5127,5127,5127,5127,5127,5127,5127,5127,5127,5127,0,0,0,0,0,0,0,0,0,0,0,0,0,0,0,0,0,0,0,0,0,0,0,0,0,0,0,0,0,0,0,0,0,0,0,0,0,0,0,0,0,0,0,0,0,0,0,0,0,0,0,0,0,0,0,0,0,0,0,0,0,0,0,0,0,0,0,0,0,0,0,0,0,0,0,0,0,0,0,0,0
B|minecraft:pale_hanging_moss|tip=false,true|0
B|minecraft:open_eyeblossom||0
B|minecraft:closed_eyeblossom||0
B|minecraft:potted_open_eyeblossom||793
B|minecraft:potted_closed_eyeblossom||793
B|minecraft:firefly_bush||0
S|0|
S|1|0,0,0,32,32,32
S|2|0,0,0,6,18,6;26,0,0,32,18,6;0,6,6,32,18,32;6,6,0,26,18,6
S|3|0,0,26,6,18,32;26,0,26,32,18,32;0,6,0,32,18,26;6,6,26,26,18,32
S|4|0,0,0,6,18,6;0,0,26,6,18,32;0,6,6,32,18,26;6,6,0,32,18,6;6,6,26,32,18,32
S|5|26,0,0,32,18,6;26,0,26,32,18,32;0,6,0,26,18,32;26,6,6,32,18,26
S|6|0,0,8,32,32,32
S|7|0,0,0,24,32,32
S|8|0,0,0,32,32,24
S|9|8,0,0,32,32,32
S|10|0,0,0,32,24,32
S|11|0,8,0,32,32,32
S|12|0,0,0,32,32,8;12,12,8,20,20,32
S|13|0,0,0,32,32,8;12,12,8,20,20,40
S|14|24,0,0,32,32,32;0,12,12,24,20,20
S|15|24,0,0,32,32,32;-8,12,12,24,20,20
S|16|0,0,24,32,32,32;12,12,0,20,20,24
S|17|0,0,24,32,32,32;12,12,-8,20,20,24
S|18|0,0,0,8,32,32;8,12,12,32,20,20
S|19|0,0,0,8,32,32;8,12,12,40,20,20
S|20|12,0,12,20,32,20;0,24,0,12,32,32;12,24,0,32,32,12;12,24,20,32,32,32;20,24,12,32,32,20
S|21|12,-8,12,20,32,20;0,24,0,12,32,32;12,24,0,32,32,12;12,24,20,32,32,32;20,24,12,32,32,20
S|22|0,0,0,32,8,32;12,8,12,20,32,20
S|23|0,0,0,32,8,32;12,8,12,20,40,20
S|24|0,0,22,32,8,32;0,8,26,32,32,32;0,24,22,32,32,26
S|25|0,0,0,32,8,10;0,8,0,32,32,6;0,24,6,32,32,10
S|26|22,0,0,32,8,32;26,8,0,32,32,32;22,24,0,26,32,32
S|27|0,0,0,10,8,32;0,8,0,6,32,32;6,24,0,10,32,32
S|28|0,0,0,32,32,16;0,16,16,32,32,32
S|29|0,0,0,16,32,32;16,0,0,32,32,16;16,16,16,32,32,32
S|30|0,0,0,32,32,16;16,0,16,32,32,32;0,16,16,16,32,32
S|31|0,0,0,16,32,16;0,16,16,32,32,32;16,16,0,32,32,16
S|32|16,0,0,32,32,16;0,16,0,16,32,32;16,16,16,32,32,32
S|33|0,0,0,32,16,32;0,16,0,32,32,16
S|34|0,0,0,32,16,32;0,16,0,16,32,32;16,16,0,32,32,16
S|35|0,0,0,32,16,32;0,16,0,32,32,16;16,16,16,32,32,32
S|36|0,0,0,32,16,32;0,16,0,16,32,16
S|37|0,0,0,32,16,32;16,16,0,32,32,16
S|38|0,0,16,32,32,32;0,16,0,32,32,16
S|39|0,0,16,32,32,32;16,0,0,32,32,16;0,16,0,16,32,16
S|40|0,0,0,16,32,32;16,0,16,32,32,32;16,16,0,32,32,16
S|41|16,0,16,32,32,32;0,16,0,16,32,32;16,16,0,32,32,16
S|42|0,0,16,16,32,32;0,16,0,32,32,16;16,16,16,32,32,32
S|43|0,0,0,32,16,32;0,16,16,32,32,32
S|44|0,0,0,32,16,32;0,16,16,32,32,32;16,16,0,32,32,16
S|45|0,0,0,32,16,32;0,16,0,16,32,32;16,16,16,32,32,32
S|46|0,0,0,32,16,32;16,16,16,32,32,32
S|47|0,0,0,32,16,32;0,16,16,16,32,32
S|48|0,0,0,16,32,32;16,16,0,32,32,32
S|49|0,0,0,32,16,32;0,16,0,16,32,32
S|50|16,0,0,32,32,32;0,16,0,16,32,32
S|51|0,0,0,32,16,32;16,16,0,32,32,32
S|52|2,0,2,30,28,30
S|53|2,0,2,32,28,30
S|54|0,0,2,30,28,30
S|55|2,0,0,30,28,30
S|56|2,0,2,30,28,32
S|57|0,0,0,32,30,32
S|58|0,0,0,6,32,32
S|59|0,0,26,32,32,32
S|60|26,0,0,32,32,32
S|61|0,0,0,32,32,6
S|62|0,0,26,32,32,32
S|63|0,0,0,32,32,6
S|64|26,0,0,32,32,32
S|65|0,0,0,6,32,32
S|66|0,28,12,32,32,20
S|67|12,28,0,20,32,32
S|68|0,0,0,32,4,32
S|69|0,0,0,32,8,32
S|70|0,0,0,32,12,32
S|71|0,0,0,32,16,32
S|72|0,0,0,32,20,32
S|73|0,0,0,32,24,32
S|74|0,0,0,32,28,32
S|75|2,0,2,30,30,30
S|76|0,0,12,32,48,20;12,0,0,20,48,12;12,0,20,20,48,32
S|77|12,0,0,20,48,32;20,0,12,32,48,20
S|78|0,0,12,32,48,20;12,0,0,20,48,12
S|79|12,0,0,20,48,20;20,0,12,32,48,20
S|80|0,0,12,32,48,20;12,0,20,20,48,32
S|81|12,0,12,20,48,32;20,0,12,32,48,20
S|82|0,0,12,32,48,20
S|83|12,0,12,32,48,20
S|84|0,0,12,20,48,20;12,0,0,20,48,12;12,0,20,20,48,32
S|85|12,0,0,20,48,32
S|86|0,0,12,20,48,20;12,0,0,20,48,12
S|87|12,0,0,20,48,20
S|88|0,0,12,20,48,20;12,0,20,20,48,32
S|89|12,0,12,20,48,32
S|90|0,0,12,20,48,20
S|91|12,0,12,20,48,20
S|92|0,0,0,32,28,32
S|93|2,0,2,30,16,30
S|94|6,0,2,30,16,30
S|95|10,0,2,30,16,30
S|96|14,0,2,30,16,30
S|97|18,0,2,30,16,30
S|98|22,0,2,30,16,30
S|99|26,0,2,30,16,30
S|100|0,0,0,32,4,32
S|101|0,0,26,32,32,32
S|102|0,26,0,32,32,32
S|103|0,0,0,32,6,32
S|104|0,0,0,32,32,6
S|105|26,0,0,32,32,32
S|106|0,0,0,6,32,32
S|107|0,0,14,32,32,18;14,0,0,18,32,14;14,0,18,18,32,32
S|108|14,0,0,18,32,32;18,0,14,32,32,18
S|109|0,0,14,32,32,18;14,0,0,18,32,14
S|110|14,0,0,18,32,18;18,0,14,32,32,18
S|111|0,0,14,32,32,18;14,0,18,18,32,32
S|112|14,0,14,18,32,32;18,0,14,32,32,18
S|113|0,0,14,32,32,18
S|114|14,0,14,32,32,18
S|115|0,0,14,18,32,18;14,0,0,18,32,14;14,0,18,18,32,32
S|116|14,0,0,18,32,32
S|117|0,0,14,18,32,18;14,0,0,18,32,14
S|118|14,0,0,18,32,18
S|119|0,0,14,18,32,18;14,0,18,18,32,32
S|120|14,0,14,18,32,32
S|121|0,0,14,18,32,18
S|122|14,0,14,18,32,18
S|123|0,0,14,32,32,18;14,0,0,18,32,14;14,0,18,18,32,32
S|124|14,0,0,18,32,32;18,0,14,32,32,18
S|125|0,0,14,32,32,18;14,0,0,18,32,14
S|126|14,0,0,18,32,18;18,0,14,32,32,18
S|127|0,0,14,32,32,18;14,0,18,18,32,32
S|128|14,0,14,18,32,32;18,0,14,32,32,18
S|129|0,0,14,32,32,18
S|130|14,0,14,32,32,18
S|131|0,0,14,18,32,18;14,0,0,18,32,14;14,0,18,18,32,32
S|132|14,0,0,18,32,32
S|133|0,0,14,18,32,18;14,0,0,18,32,14
S|134|14,0,0,18,32,18
S|135|0,0,14,18,32,18;14,0,18,18,32,32
S|136|14,0,14,18,32,32
S|137|0,0,14,18,32,18
S|138|14,0,14,18,32,18
S|139|0,0,14,32,32,18;14,0,0,18,32,14;14,0,18,18,32,32
S|140|14,0,0,18,32,32;18,0,14,32,32,18
S|141|0,0,14,32,32,18;14,0,0,18,32,14
S|142|14,0,0,18,32,18;18,0,14,32,32,18
S|143|0,0,14,32,32,18;14,0,18,18,32,32
S|144|14,0,14,18,32,32;18,0,14,32,32,18
S|145|0,0,14,32,32,18
S|146|14,0,14,32,32,18
S|147|0,0,14,18,32,18;14,0,0,18,32,14;14,0,18,18,32,32
S|148|14,0,0,18,32,32
S|149|0,0,14,18,32,18;14,0,0,18,32,14
S|150|14,0,0,18,32,18
S|151|0,0,14,18,32,18;14,0,18,18,32,32
S|152|14,0,14,18,32,32
S|153|0,0,14,18,32,18
S|154|14,0,14,18,32,18
S|155|0,0,14,32,32,18;14,0,0,18,32,14;14,0,18,18,32,32
S|156|14,0,0,18,32,32;18,0,14,32,32,18
S|157|0,0,14,32,32,18;14,0,0,18,32,14
S|158|14,0,0,18,32,18;18,0,14,32,32,18
S|159|0,0,14,32,32,18;14,0,18,18,32,32
S|160|14,0,14,18,32,32;18,0,14,32,32,18
S|161|0,0,14,32,32,18
S|162|14,0,14,32,32,18
S|163|0,0,14,18,32,18;14,0,0,18,32,14;14,0,18,18,32,32
S|164|14,0,0,18,32,32
S|165|0,0,14,18,32,18;14,0,0,18,32,14
S|166|14,0,0,18,32,18
S|167|0,0,14,18,32,18;14,0,18,18,32,32
S|168|14,0,14,18,32,32
S|169|0,0,14,18,32,18
S|170|14,0,14,18,32,18
S|171|0,0,14,32,32,18;14,0,0,18,32,14;14,0,18,18,32,32
S|172|14,0,0,18,32,32;18,0,14,32,32,18
S|173|0,0,14,32,32,18;14,0,0,18,32,14
S|174|14,0,0,18,32,18;18,0,14,32,32,18
S|175|0,0,14,32,32,18;14,0,18,18,32,32
S|176|14,0,14,18,32,32;18,0,14,32,32,18
S|177|0,0,14,32,32,18
S|178|14,0,14,32,32,18
S|179|0,0,14,18,32,18;14,0,0,18,32,14;14,0,18,18,32,32
S|180|14,0,0,18,32,32
S|181|0,0,14,18,32,18;14,0,0,18,32,14
S|182|14,0,0,18,32,18
S|183|0,0,14,18,32,18;14,0,18,18,32,32
S|184|14,0,14,18,32,32
S|185|0,0,14,18,32,18
S|186|14,0,14,18,32,18
S|187|0,0,14,32,32,18;14,0,0,18,32,14;14,0,18,18,32,32
S|188|14,0,0,18,32,32;18,0,14,32,32,18
S|189|0,0,14,32,32,18;14,0,0,18,32,14
S|190|14,0,0,18,32,18;18,0,14,32,32,18
S|191|0,0,14,32,32,18;14,0,18,18,32,32
S|192|14,0,14,18,32,32;18,0,14,32,32,18
S|193|0,0,14,32,32,18
S|194|14,0,14,32,32,18
S|195|0,0,14,18,32,18;14,0,0,18,32,14;14,0,18,18,32,32
S|196|14,0,0,18,32,32
S|197|0,0,14,18,32,18;14,0,0,18,32,14
S|198|14,0,0,18,32,18
S|199|0,0,14,18,32,18;14,0,18,18,32,32
S|200|14,0,14,18,32,32
S|201|0,0,14,18,32,18
S|202|14,0,14,18,32,18
S|203|0,0,14,32,32,18;14,0,0,18,32,14;14,0,18,18,32,32
S|204|14,0,0,18,32,32;18,0,14,32,32,18
S|205|0,0,14,32,32,18;14,0,0,18,32,14
S|206|14,0,0,18,32,18;18,0,14,32,32,18
S|207|0,0,14,32,32,18;14,0,18,18,32,32
S|208|14,0,14,18,32,32;18,0,14,32,32,18
S|209|0,0,14,32,32,18
S|210|14,0,14,32,32,18
S|211|0,0,14,18,32,18;14,0,0,18,32,14;14,0,18,18,32,32
S|212|14,0,0,18,32,32
S|213|0,0,14,18,32,18;14,0,0,18,32,14
S|214|14,0,0,18,32,18
S|215|0,0,14,18,32,18;14,0,18,18,32,32
S|216|14,0,14,18,32,32
S|217|0,0,14,18,32,18
S|218|14,0,14,18,32,18
S|219|0,0,14,32,32,18;14,0,0,18,32,14;14,0,18,18,32,32
S|220|14,0,0,18,32,32;18,0,14,32,32,18
S|221|0,0,14,32,32,18;14,0,0,18,32,14
S|222|14,0,0,18,32,18;18,0,14,32,32,18
S|223|0,0,14,32,32,18;14,0,18,18,32,32
S|224|14,0,14,18,32,32;18,0,14,32,32,18
S|225|0,0,14,32,32,18
S|226|14,0,14,32,32,18
S|227|0,0,14,18,32,18;14,0,0,18,32,14;14,0,18,18,32,32
S|228|14,0,0,18,32,32
S|229|0,0,14,18,32,18;14,0,0,18,32,14
S|230|14,0,0,18,32,18
S|231|0,0,14,18,32,18;14,0,18,18,32,32
S|232|14,0,14,18,32,32
S|233|0,0,14,18,32,18
S|234|14,0,14,18,32,18
S|235|0,0,14,32,32,18;14,0,0,18,32,14;14,0,18,18,32,32
S|236|14,0,0,18,32,32;18,0,14,32,32,18
S|237|0,0,14,32,32,18;14,0,0,18,32,14
S|238|14,0,0,18,32,18;18,0,14,32,32,18
S|239|0,0,14,32,32,18;14,0,18,18,32,32
S|240|14,0,14,18,32,32;18,0,14,32,32,18
S|241|0,0,14,32,32,18
S|242|14,0,14,32,32,18
S|243|0,0,14,18,32,18;14,0,0,18,32,14;14,0,18,18,32,32
S|244|14,0,0,18,32,32
S|245|0,0,14,18,32,18;14,0,0,18,32,14
S|246|14,0,0,18,32,18
S|247|0,0,14,18,32,18;14,0,18,18,32,32
S|248|14,0,14,18,32,32
S|249|0,0,14,18,32,18
S|250|14,0,14,18,32,18
S|251|0,13,13,32,19,19
S|252|13,0,13,19,32,19
S|253|13,13,0,19,19,32
S|254|0,0,14,32,32,18;14,0,0,18,32,14;14,0,18,18,32,32
S|255|14,0,0,18,32,32;18,0,14,32,32,18
S|256|0,0,14,32,32,18;14,0,0,18,32,14
S|257|14,0,0,18,32,18;18,0,14,32,32,18
S|258|0,0,14,32,32,18;14,0,18,18,32,32
S|259|14,0,14,18,32,32;18,0,14,32,32,18
S|260|0,0,14,32,32,18
S|261|14,0,14,32,32,18
S|262|0,0,14,18,32,18;14,0,0,18,32,14;14,0,18,18,32,32
S|263|14,0,0,18,32,32
S|264|0,0,14,18,32,18;14,0,0,18,32,14
S|265|14,0,0,18,32,18
S|266|0,0,14,18,32,18;14,0,18,18,32,32
S|267|14,0,14,18,32,32
S|268|0,0,14,18,32,18
S|269|14,0,14,18,32,18
S|270|0,0,12,32,48,20
S|271|12,0,0,20,48,32
S|272|2,0,2,30,3,30
S|273|0,16,0,32,32,32
S|274|0,0,0,32,16,32
S|275|8,0,8,24,48,24
S|276|0,0,10,24,48,22;8,0,8,24,48,10;8,0,22,24,48,24
S|277|0,0,10,24,48,22;8,0,8,24,48,10;8,0,22,24,48,24
S|278|0,0,10,22,48,22
S|279|0,0,10,22,48,22
S|280|8,0,8,24,48,24;10,0,24,22,48,32
S|281|0,0,10,24,48,22;8,0,8,24,48,10;8,0,22,24,48,24;10,0,24,22,48,32
S|282|0,0,10,24,48,22;8,0,8,24,48,10;8,0,22,24,48,24;10,0,24,22,48,32
S|283|10,0,10,22,48,32
S|284|0,0,10,22,48,22;10,0,22,22,48,32
S|285|0,0,10,22,48,22;10,0,22,22,48,32
S|286|8,0,8,24,48,24;10,0,24,22,48,32
S|287|0,0,10,24,48,22;8,0,8,24,48,10;8,0,22,24,48,24;10,0,24,22,48,32
S|288|0,0,10,24,48,22;8,0,8,24,48,10;8,0,22,24,48,24;10,0,24,22,48,32
S|289|10,0,10,22,48,32
S|290|0,0,10,22,48,22;10,0,22,22,48,32
S|291|0,0,10,22,48,22;10,0,22,22,48,32
S|292|8,0,8,24,48,24;10,0,0,22,48,8
S|293|0,0,10,24,48,22;8,0,8,24,48,10;8,0,22,24,48,24;10,0,0,22,48,8
S|294|0,0,10,24,48,22;8,0,8,24,48,10;8,0,22,24,48,24;10,0,0,22,48,8
S|295|10,0,0,22,48,22
S|296|0,0,10,22,48,22;10,0,0,22,48,10
S|297|0,0,10,22,48,22;10,0,0,22,48,10
S|298|8,0,8,24,48,24;10,0,0,22,48,8;10,0,24,22,48,32
S|299|0,0,10,24,48,22;8,0,8,24,48,10;8,0,22,24,48,24;10,0,0,22,48,8;10,0,24,22,48,32
S|300|0,0,10,24,48,22;8,0,8,24,48,10;8,0,22,24,48,24;10,0,0,22,48,8;10,0,24,22,48,32
S|301|10,0,0,22,48,32
S|302|0,0,10,22,48,22;10,0,0,22,48,10;10,0,22,22,48,32
S|303|0,0,10,22,48,22;10,0,0,22,48,10;10,0,22,22,48,32
S|304|8,0,8,24,48,24;10,0,0,22,48,8;10,0,24,22,48,32
S|305|0,0,10,24,48,22;8,0,8,24,48,10;8,0,22,24,48,24;10,0,0,22,48,8;10,0,24,22,48,32
S|306|0,0,10,24,48,22;8,0,8,24,48,10;8,0,22,24,48,24;10,0,0,22,48,8;10,0,24,22,48,32
S|307|10,0,0,22,48,32
S|308|0,0,10,22,48,22;10,0,0,22,48,10;10,0,22,22,48,32
S|309|0,0,10,22,48,22;10,0,0,22,48,10;10,0,22,22,48,32
S|310|8,0,8,24,48,24;10,0,0,22,48,8
S|311|0,0,10,24,48,22;8,0,8,24,48,10;8,0,22,24,48,24;10,0,0,22,48,8
S|312|0,0,10,24,48,22;8,0,8,24,48,10;8,0,22,24,48,24;10,0,0,22,48,8
S|313|10,0,0,22,48,22
S|314|0,0,10,22,48,22;10,0,0,22,48,10
S|315|0,0,10,22,48,22;10,0,0,22,48,10
S|316|8,0,8,24,48,24;10,0,0,22,48,8;10,0,24,22,48,32
S|317|0,0,10,24,48,22;8,0,8,24,48,10;8,0,22,24,48,24;10,0,0,22,48,8;10,0,24,22,48,32
S|318|0,0,10,24,48,22;8,0,8,24,48,10;8,0,22,24,48,24;10,0,0,22,48,8;10,0,24,22,48,32
S|319|10,0,0,22,48,32
S|320|0,0,10,22,48,22;10,0,0,22,48,10;10,0,22,22,48,32
S|321|0,0,10,22,48,22;10,0,0,22,48,10;10,0,22,22,48,32
S|322|8,0,8,24,48,24;10,0,0,22,48,8;10,0,24,22,48,32
S|323|0,0,10,24,48,22;8,0,8,24,48,10;8,0,22,24,48,24;10,0,0,22,48,8;10,0,24,22,48,32
S|324|0,0,10,24,48,22;8,0,8,24,48,10;8,0,22,24,48,24;10,0,0,22,48,8;10,0,24,22,48,32
S|325|10,0,0,22,48,32
S|326|0,0,10,22,48,22;10,0,0,22,48,10;10,0,22,22,48,32
S|327|0,0,10,22,48,22;10,0,0,22,48,10;10,0,22,22,48,32
S|328|8,0,8,24,48,24;24,0,10,32,48,22
S|329|0,0,10,32,48,22;8,0,8,24,48,10;8,0,22,24,48,24
S|330|0,0,10,32,48,22;8,0,8,24,48,10;8,0,22,24,48,24
S|331|10,0,10,32,48,22
S|332|0,0,10,32,48,22
S|333|0,0,10,32,48,22
S|334|8,0,8,24,48,24;10,0,24,22,48,32;24,0,10,32,48,22
S|335|0,0,10,32,48,22;8,0,8,24,48,10;8,0,22,24,48,24;10,0,24,22,48,32
S|336|0,0,10,32,48,22;8,0,8,24,48,10;8,0,22,24,48,24;10,0,24,22,48,32
S|337|10,0,10,22,48,32;22,0,10,32,48,22
S|338|0,0,10,32,48,22;10,0,22,22,48,32
S|339|0,0,10,32,48,22;10,0,22,22,48,32
S|340|8,0,8,24,48,24;10,0,24,22,48,32;24,0,10,32,48,22
S|341|0,0,10,32,48,22;8,0,8,24,48,10;8,0,22,24,48,24;10,0,24,22,48,32
S|342|0,0,10,32,48,22;8,0,8,24,48,10;8,0,22,24,48,24;10,0,24,22,48,32
S|343|10,0,10,22,48,32;22,0,10,32,48,22
S|344|0,0,10,32,48,22;10,0,22,22,48,32
S|345|0,0,10,32,48,22;10,0,22,22,48,32
S|346|8,0,8,24,48,24;10,0,0,22,48,8;24,0,10,32,48,22
S|347|0,0,10,32,48,22;8,0,8,24,48,10;8,0,22,24,48,24;10,0,0,22,48,8
S|348|0,0,10,32,48,22;8,0,8,24,48,10;8,0,22,24,48,24;10,0,0,22,48,8
S|349|10,0,0,22,48,22;22,0,10,32,48,22
S|350|0,0,10,32,48,22;10,0,0,22,48,10
S|351|0,0,10,32,48,22;10,0,0,22,48,10
S|352|8,0,8,24,48,24;10,0,0,22,48,8;10,0,24,22,48,32;24,0,10,32,48,22
S|353|0,0,10,32,48,22;8,0,8,24,48,10;8,0,22,24,48,24;10,0,0,22,48,8;10,0,24,22,48,32
S|354|0,0,10,32,48,22;8,0,8,24,48,10;8,0,22,24,48,24;10,0,0,22,48,8;10,0,24,22,48,32
S|355|10,0,0,22,48,32;22,0,10,32,48,22
S|356|0,0,10,32,48,22;10,0,0,22,48,10;10,0,22,22,48,32
S|357|0,0,10,32,48,22;10,0,0,22,48,10;10,0,22,22,48,32
S|358|8,0,8,24,48,24;10,0,0,22,48,8;10,0,24,22,48,32;24,0,10,32,48,22
S|359|0,0,10,32,48,22;8,0,8,24,48,10;8,0,22,24,48,24;10,0,0,22,48,8;10,0,24,22,48,32
S|360|0,0,10,32,48,22;8,0,8,24,48,10;8,0,22,24,48,24;10,0,0,22,48,8;10,0,24,22,48,32
S|361|10,0,0,22,48,32;22,0,10,32,48,22
S|362|0,0,10,32,48,22;10,0,0,22,48,10;10,0,22,22,48,32
S|363|0,0,10,32,48,22;10,0,0,22,48,10;10,0,22,22,48,32
S|364|8,0,8,24,48,24;10,0,0,22,48,8;24,0,10,32,48,22
S|365|0,0,10,32,48,22;8,0,8,24,48,10;8,0,22,24,48,24;10,0,0,22,48,8
S|366|0,0,10,32,48,22;8,0,8,24,48,10;8,0,22,24,48,24;10,0,0,22,48,8
S|367|10,0,0,22,48,22;22,0,10,32,48,22
S|368|0,0,10,32,48,22;10,0,0,22,48,10
S|369|0,0,10,32,48,22;10,0,0,22,48,10
S|370|8,0,8,24,48,24;10,0,0,22,48,8;10,0,24,22,48,32;24,0,10,32,48,22
S|371|0,0,10,32,48,22;8,0,8,24,48,10;8,0,22,24,48,24;10,0,0,22,48,8;10,0,24,22,48,32
S|372|0,0,10,32,48,22;8,0,8,24,48,10;8,0,22,24,48,24;10,0,0,22,48,8;10,0,24,22,48,32
S|373|10,0,0,22,48,32;22,0,10,32,48,22
S|374|0,0,10,32,48,22;10,0,0,22,48,10;10,0,22,22,48,32
S|375|0,0,10,32,48,22;10,0,0,22,48,10;10,0,22,22,48,32
S|376|8,0,8,24,48,24;10,0,0,22,48,8;10,0,24,22,48,32;24,0,10,32,48,22
S|377|0,0,10,32,48,22;8,0,8,24,48,10;8,0,22,24,48,24;10,0,0,22,48,8;10,0,24,22,48,32
S|378|0,0,10,32,48,22;8,0,8,24,48,10;8,0,22,24,48,24;10,0,0,22,48,8;10,0,24,22,48,32
S|379|10,0,0,22,48,32;22,0,10,32,48,22
S|380|0,0,10,32,48,22;10,0,0,22,48,10;10,0,22,22,48,32
S|381|0,0,10,32,48,22;10,0,0,22,48,10;10,0,22,22,48,32
S|382|8,0,8,24,48,24;24,0,10,32,48,22
S|383|0,0,10,32,48,22;8,0,8,24,48,10;8,0,22,24,48,24
S|384|0,0,10,32,48,22;8,0,8,24,48,10;8,0,22,24,48,24
S|385|10,0,10,32,48,22
S|386|0,0,10,32,48,22
S|387|0,0,10,32,48,22
S|388|8,0,8,24,48,24;10,0,24,22,48,32;24,0,10,32,48,22
S|389|0,0,10,32,48,22;8,0,8,24,48,10;8,0,22,24,48,24;10,0,24,22,48,32
S|390|0,0,10,32,48,22;8,0,8,24,48,10;8,0,22,24,48,24;10,0,24,22,48,32
S|391|10,0,10,22,48,32;22,0,10,32,48,22
S|392|0,0,10,32,48,22;10,0,22,22,48,32
S|393|0,0,10,32,48,22;10,0,22,22,48,32
S|394|8,0,8,24,48,24;10,0,24,22,48,32;24,0,10,32,48,22
S|395|0,0,10,32,48,22;8,0,8,24,48,10;8,0,22,24,48,24;10,0,24,22,48,32
S|396|0,0,10,32,48,22;8,0,8,24,48,10;8,0,22,24,48,24;10,0,24,22,48,32
S|397|10,0,10,22,48,32;22,0,10,32,48,22
S|398|0,0,10,32,48,22;10,0,22,22,48,32
S|399|0,0,10,32,48,22;10,0,22,22,48,32
S|400|8,0,8,24,48,24;10,0,0,22,48,8;24,0,10,32,48,22
S|401|0,0,10,32,48,22;8,0,8,24,48,10;8,0,22,24,48,24;10,0,0,22,48,8
S|402|0,0,10,32,48,22;8,0,8,24,48,10;8,0,22,24,48,24;10,0,0,22,48,8
S|403|10,0,0,22,48,22;22,0,10,32,48,22
S|404|0,0,10,32,48,22;10,0,0,22,48,10
S|405|0,0,10,32,48,22;10,0,0,22,48,10
S|406|8,0,8,24,48,24;10,0,0,22,48,8;10,0,24,22,48,32;24,0,10,32,48,22
S|407|0,0,10,32,48,22;8,0,8,24,48,10;8,0,22,24,48,24;10,0,0,22,48,8;10,0,24,22,48,32
S|408|0,0,10,32,48,22;8,0,8,24,48,10;8,0,22,24,48,24;10,0,0,22,48,8;10,0,24,22,48,32
S|409|10,0,0,22,48,32;22,0,10,32,48,22
S|410|0,0,10,32,48,22;10,0,0,22,48,10;10,0,22,22,48,32
S|411|0,0,10,32,48,22;10,0,0,22,48,10;10,0,22,22,48,32
S|412|8,0,8,24,48,24;10,0,0,22,48,8;10,0,24,22,48,32;24,0,10,32,48,22
S|413|0,0,10,32,48,22;8,0,8,24,48,10;8,0,22,24,48,24;10,0,0,22,48,8;10,0,24,22,48,32
S|414|0,0,10,32,48,22;8,0,8,24,48,10;8,0,22,24,48,24;10,0,0,22,48,8;10,0,24,22,48,32
S|415|10,0,0,22,48,32;22,0,10,32,48,22
S|416|0,0,10,32,48,22;10,0,0,22,48,10;10,0,22,22,48,32
S|417|0,0,10,32,48,22;10,0,0,22,48,10;10,0,22,22,48,32
S|418|8,0,8,24,48,24;10,0,0,22,48,8;24,0,10,32,48,22
S|419|0,0,10,32,48,22;8,0,8,24,48,10;8,0,22,24,48,24;10,0,0,22,48,8
S|420|0,0,10,32,48,22;8,0,8,24,48,10;8,0,22,24,48,24;10,0,0,22,48,8
S|421|10,0,0,22,48,22;22,0,10,32,48,22
S|422|0,0,10,32,48,22;10,0,0,22,48,10
S|423|0,0,10,32,48,22;10,0,0,22,48,10
S|424|8,0,8,24,48,24;10,0,0,22,48,8;10,0,24,22,48,32;24,0,10,32,48,22
S|425|0,0,10,32,48,22;8,0,8,24,48,10;8,0,22,24,48,24;10,0,0,22,48,8;10,0,24,22,48,32
S|426|0,0,10,32,48,22;8,0,8,24,48,10;8,0,22,24,48,24;10,0,0,22,48,8;10,0,24,22,48,32
S|427|10,0,0,22,48,32;22,0,10,32,48,22
S|428|0,0,10,32,48,22;10,0,0,22,48,10;10,0,22,22,48,32
S|429|0,0,10,32,48,22;10,0,0,22,48,10;10,0,22,22,48,32
S|430|8,0,8,24,48,24;10,0,0,22,48,8;10,0,24,22,48,32;24,0,10,32,48,22
S|431|0,0,10,32,48,22;8,0,8,24,48,10;8,0,22,24,48,24;10,0,0,22,48,8;10,0,24,22,48,32
S|432|0,0,10,32,48,22;8,0,8,24,48,10;8,0,22,24,48,24;10,0,0,22,48,8;10,0,24,22,48,32
S|433|10,0,0,22,48,32;22,0,10,32,48,22
S|434|0,0,10,32,48,22;10,0,0,22,48,10;10,0,22,22,48,32
S|435|0,0,10,32,48,22;10,0,0,22,48,10;10,0,22,22,48,32
S|436|0,0,12,32,48,20;12,0,0,20,48,12;12,0,20,20,48,32
S|437|12,0,0,20,48,32;20,0,12,32,48,20
S|438|0,0,12,32,48,20;12,0,0,20,48,12
S|439|12,0,0,20,48,20;20,0,12,32,48,20
S|440|0,0,12,32,48,20;12,0,20,20,48,32
S|441|12,0,12,20,48,32;20,0,12,32,48,20
S|442|0,0,12,32,48,20
S|443|12,0,12,32,48,20
S|444|0,0,12,20,48,20;12,0,0,20,48,12;12,0,20,20,48,32
S|445|12,0,0,20,48,32
S|446|0,0,12,20,48,20;12,0,0,20,48,12
S|447|12,0,0,20,48,20
S|448|0,0,12,20,48,20;12,0,20,20,48,32
S|449|12,0,12,20,48,32
S|450|0,0,12,20,48,20
S|451|12,0,12,20,48,20
S|452|0,0,0,32,24,32
S|453|2,0,2,30,4,30;14,4,14,18,28,18
S|454|0,0,0,4,32,8;0,0,24,4,32,32;4,0,0,8,32,4;4,0,28,8,32,32;24,0,0,32,32,4;24,0,28,32,32,32;28,0,4,32,32,8;28,0,24,32,32,28;0,6,8,32,8,24;4,6,4,28,8,8;4,6,24,28,8,28;8,6,0,24,32,4;8,6,28,24,32,32;0,8,8,4,32,24;28,8,8,32,32,24
S|455|0,0,0,32,26,32;8,26,8,24,32,24
S|456|0,0,0,32,26,32
S|457|2,0,2,30,32,30
S|458|12,14,2,20,24,10
S|459|12,14,22,20,24,30
S|460|2,14,12,10,24,20
S|461|22,14,12,30,24,20
S|462|10,10,2,22,24,14
S|463|10,10,18,22,24,30
S|464|2,10,10,14,24,22
S|465|18,10,10,30,24,22
S|466|8,6,2,24,24,18
S|467|8,6,14,24,24,30
S|468|2,6,8,18,24,24
S|469|14,6,8,30,24,24
S|470|2,0,2,30,28,30
S|471|8,0,8,24,48,24
S|472|0,0,10,24,48,22;8,0,8,24,48,10;8,0,22,24,48,24
S|473|0,0,10,24,48,22;8,0,8,24,48,10;8,0,22,24,48,24
S|474|0,0,10,22,48,22
S|475|0,0,10,22,48,22
S|476|8,0,8,24,48,24;10,0,24,22,48,32
S|477|0,0,10,24,48,22;8,0,8,24,48,10;8,0,22,24,48,24;10,0,24,22,48,32
S|478|0,0,10,24,48,22;8,0,8,24,48,10;8,0,22,24,48,24;10,0,24,22,48,32
S|479|10,0,10,22,48,32
S|480|0,0,10,22,48,22;10,0,22,22,48,32
S|481|0,0,10,22,48,22;10,0,22,22,48,32
S|482|8,0,8,24,48,24;10,0,24,22,48,32
S|483|0,0,10,24,48,22;8,0,8,24,48,10;8,0,22,24,48,24;10,0,24,22,48,32
S|484|0,0,10,24,48,22;8,0,8,24,48,10;8,0,22,24,48,24;10,0,24,22,48,32
S|485|10,0,10,22,48,32
S|486|0,0,10,22,48,22;10,0,22,22,48,32
S|487|0,0,10,22,48,22;10,0,22,22,48,32
S|488|8,0,8,24,48,24;10,0,0,22,48,8
S|489|0,0,10,24,48,22;8,0,8,24,48,10;8,0,22,24,48,24;10,0,0,22,48,8
S|490|0,0,10,24,48,22;8,0,8,24,48,10;8,0,22,24,48,24;10,0,0,22,48,8
S|491|10,0,0,22,48,22
S|492|0,0,10,22,48,22;10,0,0,22,48,10
S|493|0,0,10,22,48,22;10,0,0,22,48,10
S|494|8,0,8,24,48,24;10,0,0,22,48,8;10,0,24,22,48,32
S|495|0,0,10,24,48,22;8,0,8,24,48,10;8,0,22,24,48,24;10,0,0,22,48,8;10,0,24,22,48,32
S|496|0,0,10,24,48,22;8,0,8,24,48,10;8,0,22,24,48,24;10,0,0,22,48,8;10,0,24,22,48,32
S|497|10,0,0,22,48,32
S|498|0,0,10,22,48,22;10,0,0,22,48,10;10,0,22,22,48,32
S|499|0,0,10,22,48,22;10,0,0,22,48,10;10,0,22,22,48,32
S|500|8,0,8,24,48,24;10,0,0,22,48,8;10,0,24,22,48,32
S|501|0,0,10,24,48,22;8,0,8,24,48,10;8,0,22,24,48,24;10,0,0,22,48,8;10,0,24,22,48,32
S|502|0,0,10,24,48,22;8,0,8,24,48,10;8,0,22,24,48,24;10,0,0,22,48,8;10,0,24,22,48,32
S|503|10,0,0,22,48,32
S|504|0,0,10,22,48,22;10,0,0,22,48,10;10,0,22,22,48,32
S|505|0,0,10,22,48,22;10,0,0,22,48,10;10,0,22,22,48,32
S|506|8,0,8,24,48,24;10,0,0,22,48,8
S|507|0,0,10,24,48,22;8,0,8,24,48,10;8,0,22,24,48,24;10,0,0,22,48,8
S|508|0,0,10,24,48,22;8,0,8,24,48,10;8,0,22,24,48,24;10,0,0,22,48,8
S|509|10,0,0,22,48,22
S|510|0,0,10,22,48,22;10,0,0,22,48,10
S|511|0,0,10,22,48,22;10,0,0,22,48,10
S|512|8,0,8,24,48,24;10,0,0,22,48,8;10,0,24,22,48,32
S|513|0,0,10,24,48,22;8,0,8,24,48,10;8,0,22,24,48,24;10,0,0,22,48,8;10,0,24,22,48,32
S|514|0,0,10,24,48,22;8,0,8,24,48,10;8,0,22,24,48,24;10,0,0,22,48,8;10,0,24,22,48,32
S|515|10,0,0,22,48,32
S|516|0,0,10,22,48,22;10,0,0,22,48,10;10,0,22,22,48,32
S|517|0,0,10,22,48,22;10,0,0,22,48,10;10,0,22,22,48,32
S|518|8,0,8,24,48,24;10,0,0,22,48,8;10,0,24,22,48,32
S|519|0,0,10,24,48,22;8,0,8,24,48,10;8,0,22,24,48,24;10,0,0,22,48,8;10,0,24,22,48,32
S|520|0,0,10,24,48,22;8,0,8,24,48,10;8,0,22,24,48,24;10,0,0,22,48,8;10,0,24,22,48,32
S|521|10,0,0,22,48,32
S|522|0,0,10,22,48,22;10,0,0,22,48,10;10,0,22,22,48,32
S|523|0,0,10,22,48,22;10,0,0,22,48,10;10,0,22,22,48,32
S|524|8,0,8,24,48,24;24,0,10,32,48,22
S|525|0,0,10,32,48,22;8,0,8,24,48,10;8,0,22,24,48,24
S|526|0,0,10,32,48,22;8,0,8,24,48,10;8,0,22,24,48,24
S|527|10,0,10,32,48,22
S|528|0,0,10,32,48,22
S|529|0,0,10,32,48,22
S|530|8,0,8,24,48,24;10,0,24,22,48,32;24,0,10,32,48,22
S|531|0,0,10,32,48,22;8,0,8,24,48,10;8,0,22,24,48,24;10,0,24,22,48,32
S|532|0,0,10,32,48,22;8,0,8,24,48,10;8,0,22,24,48,24;10,0,24,22,48,32
S|533|10,0,10,22,48,32;22,0,10,32,48,22
S|534|0,0,10,32,48,22;10,0,22,22,48,32
S|535|0,0,10,32,48,22;10,0,22,22,48,32
S|536|8,0,8,24,48,24;10,0,24,22,48,32;24,0,10,32,48,22
S|537|0,0,10,32,48,22;8,0,8,24,48,10;8,0,22,24,48,24;10,0,24,22,48,32
S|538|0,0,10,32,48,22;8,0,8,24,48,10;8,0,22,24,48,24;10,0,24,22,48,32
S|539|10,0,10,22,48,32;22,0,10,32,48,22
S|540|0,0,10,32,48,22;10,0,22,22,48,32
S|541|0,0,10,32,48,22;10,0,22,22,48,32
S|542|8,0,8,24,48,24;10,0,0,22,48,8;24,0,10,32,48,22
S|543|0,0,10,32,48,22;8,0,8,24,48,10;8,0,22,24,48,24;10,0,0,22,48,8
S|544|0,0,10,32,48,22;8,0,8,24,48,10;8,0,22,24,48,24;10,0,0,22,48,8
S|545|10,0,0,22,48,22;22,0,10,32,48,22
S|546|0,0,10,32,48,22;10,0,0,22,48,10
S|547|0,0,10,32,48,22;10,0,0,22,48,10
S|548|8,0,8,24,48,24;10,0,0,22,48,8;10,0,24,22,48,32;24,0,10,32,48,22
S|549|0,0,10,32,48,22;8,0,8,24,48,10;8,0,22,24,48,24;10,0,0,22,48,8;10,0,24,22,48,32
S|550|0,0,10,32,48,22;8,0,8,24,48,10;8,0,22,24,48,24;10,0,0,22,48,8;10,0,24,22,48,32
S|551|10,0,0,22,48,32;22,0,10,32,48,22
S|552|0,0,10,32,48,22;10,0,0,22,48,10;10,0,22,22,48,32
S|553|0,0,10,32,48,22;10,0,0,22,48,10;10,0,22,22,48,32
S|554|8,0,8,24,48,24;10,0,0,22,48,8;10,0,24,22,48,32;24,0,10,32,48,22
S|555|0,0,10,32,48,22;8,0,8,24,48,10;8,0,22,24,48,24;10,0,0,22,48,8;10,0,24,22,48,32
S|556|0,0,10,32,48,22;8,0,8,24,48,10;8,0,22,24,48,24;10,0,0,22,48,8;10,0,24,22,48,32
S|557|10,0,0,22,48,32;22,0,10,32,48,22
S|558|0,0,10,32,48,22;10,0,0,22,48,10;10,0,22,22,48,32
S|559|0,0,10,32,48,22;10,0,0,22,48,10;10,0,22,22,48,32
S|560|8,0,8,24,48,24;10,0,0,22,48,8;24,0,10,32,48,22
S|561|0,0,10,32,48,22;8,0,8,24,48,10;8,0,22,24,48,24;10,0,0,22,48,8
S|562|0,0,10,32,48,22;8,0,8,24,48,10;8,0,22,24,48,24;10,0,0,22,48,8
S|563|10,0,0,22,48,22;22,0,10,32,48,22
S|564|0,0,10,32,48,22;10,0,0,22,48,10
S|565|0,0,10,32,48,22;10,0,0,22,48,10
S|566|8,0,8,24,48,24;10,0,0,22,48,8;10,0,24,22,48,32;24,0,10,32,48,22
S|567|0,0,10,32,48,22;8,0,8,24,48,10;8,0,22,24,48,24;10,0,0,22,48,8;10,0,24,22,48,32
S|568|0,0,10,32,48,22;8,0,8,24,48,10;8,0,22,24,48,24;10,0,0,22,48,8;10,0,24,22,48,32
S|569|10,0,0,22,48,32;22,0,10,32,48,22
S|570|0,0,10,32,48,22;10,0,0,22,48,10;10,0,22,22,48,32
S|571|0,0,10,32,48,22;10,0,0,22,48,10;10,0,22,22,48,32
S|572|8,0,8,24,48,24;10,0,0,22,48,8;10,0,24,22,48,32;24,0,10,32,48,22
S|573|0,0,10,32,48,22;8,0,8,24,48,10;8,0,22,24,48,24;10,0,0,22,48,8;10,0,24,22,48,32
S|574|0,0,10,32,48,22;8,0,8,24,48,10;8,0,22,24,48,24;10,0,0,22,48,8;10,0,24,22,48,32
S|575|10,0,0,22,48,32;22,0,10,32,48,22
S|576|0,0,10,32,48,22;10,0,0,22,48,10;10,0,22,22,48,32
S|577|0,0,10,32,48,22;10,0,0,22,48,10;10,0,22,22,48,32
S|578|8,0,8,24,48,24;24,0,10,32,48,22
S|579|0,0,10,32,48,22;8,0,8,24,48,10;8,0,22,24,48,24
S|580|0,0,10,32,48,22;8,0,8,24,48,10;8,0,22,24,48,24
S|581|10,0,10,32,48,22
S|582|0,0,10,32,48,22
S|583|0,0,10,32,48,22
S|584|8,0,8,24,48,24;10,0,24,22,48,32;24,0,10,32,48,22
S|585|0,0,10,32,48,22;8,0,8,24,48,10;8,0,22,24,48,24;10,0,24,22,48,32
S|586|0,0,10,32,48,22;8,0,8,24,48,10;8,0,22,24,48,24;10,0,24,22,48,32
S|587|10,0,10,22,48,32;22,0,10,32,48,22
S|588|0,0,10,32,48,22;10,0,22,22,48,32
S|589|0,0,10,32,48,22;10,0,22,22,48,32
S|590|8,0,8,24,48,24;10,0,24,22,48,32;24,0,10,32,48,22
S|591|0,0,10,32,48,22;8,0,8,24,48,10;8,0,22,24,48,24;10,0,24,22,48,32
S|592|0,0,10,32,48,22;8,0,8,24,48,10;8,0,22,24,48,24;10,0,24,22,48,32
S|593|10,0,10,22,48,32;22,0,10,32,48,22
S|594|0,0,10,32,48,22;10,0,22,22,48,32
S|595|0,0,10,32,48,22;10,0,22,22,48,32
S|596|8,0,8,24,48,24;10,0,0,22,48,8;24,0,10,32,48,22
S|597|0,0,10,32,48,22;8,0,8,24,48,10;8,0,22,24,48,24;10,0,0,22,48,8
S|598|0,0,10,32,48,22;8,0,8,24,48,10;8,0,22,24,48,24;10,0,0,22,48,8
S|599|10,0,0,22,48,22;22,0,10,32,48,22
S|600|0,0,10,32,48,22;10,0,0,22,48,10
S|601|0,0,10,32,48,22;10,0,0,22,48,10
S|602|8,0,8,24,48,24;10,0,0,22,48,8;10,0,24,22,48,32;24,0,10,32,48,22
S|603|0,0,10,32,48,22;8,0,8,24,48,10;8,0,22,24,48,24;10,0,0,22,48,8;10,0,24,22,48,32
S|604|0,0,10,32,48,22;8,0,8,24,48,10;8,0,22,24,48,24;10,0,0,22,48,8;10,0,24,22,48,32
S|605|10,0,0,22,48,32;22,0,10,32,48,22
S|606|0,0,10,32,48,22;10,0,0,22,48,10;10,0,22,22,48,32
S|607|0,0,10,32,48,22;10,0,0,22,48,10;10,0,22,22,48,32
S|608|8,0,8,24,48,24;10,0,0,22,48,8;10,0,24,22,48,32;24,0,10,32,48,22
S|609|0,0,10,32,48,22;8,0,8,24,48,10;8,0,22,24,48,24;10,0,0,22,48,8;10,0,24,22,48,32
S|610|0,0,10,32,48,22;8,0,8,24,48,10;8,0,22,24,48,24;10,0,0,22,48,8;10,0,24,22,48,32
S|611|10,0,0,22,48,32;22,0,10,32,48,22
S|612|0,0,10,32,48,22;10,0,0,22,48,10;10,0,22,22,48,32
S|613|0,0,10,32,48,22;10,0,0,22,48,10;10,0,22,22,48,32
S|614|8,0,8,24,48,24;10,0,0,22,48,8;24,0,10,32,48,22
S|615|0,0,10,32,48,22;8,0,8,24,48,10;8,0,22,24,48,24;10,0,0,22,48,8
S|616|0,0,10,32,48,22;8,0,8,24,48,10;8,0,22,24,48,24;10,0,0,22,48,8
S|617|10,0,0,22,48,22;22,0,10,32,48,22
S|618|0,0,10,32,48,22;10,0,0,22,48,10
S|619|0,0,10,32,48,22;10,0,0,22,48,10
S|620|8,0,8,24,48,24;10,0,0,22,48,8;10,0,24,22,48,32;24,0,10,32,48,22
S|621|0,0,10,32,48,22;8,0,8,24,48,10;8,0,22,24,48,24;10,0,0,22,48,8;10,0,24,22,48,32
S|622|0,0,10,32,48,22;8,0,8,24,48,10;8,0,22,24,48,24;10,0,0,22,48,8;10,0,24,22,48,32
S|623|10,0,0,22,48,32;22,0,10,32,48,22
S|624|0,0,10,32,48,22;10,0,0,22,48,10;10,0,22,22,48,32
S|625|0,0,10,32,48,22;10,0,0,22,48,10;10,0,22,22,48,32
S|626|8,0,8,24,48,24;10,0,0,22,48,8;10,0,24,22,48,32;24,0,10,32,48,22
S|627|0,0,10,32,48,22;8,0,8,24,48,10;8,0,22,24,48,24;10,0,0,22,48,8;10,0,24,22,48,32
S|628|0,0,10,32,48,22;8,0,8,24,48,10;8,0,22,24,48,24;10,0,0,22,48,8;10,0,24,22,48,32
S|629|10,0,0,22,48,32;22,0,10,32,48,22
S|630|0,0,10,32,48,22;10,0,0,22,48,10;10,0,22,22,48,32
S|631|0,0,10,32,48,22;10,0,0,22,48,10;10,0,22,22,48,32
S|632|8,0,8,24,48,24
S|633|0,0,10,24,48,22;8,0,8,24,48,10;8,0,22,24,48,24
S|634|0,0,10,24,48,22;8,0,8,24,48,10;8,0,22,24,48,24
S|635|0,0,10,22,48,22
S|636|0,0,10,22,48,22
S|637|8,0,8,24,48,24;10,0,24,22,48,32
S|638|0,0,10,24,48,22;8,0,8,24,48,10;8,0,22,24,48,24;10,0,24,22,48,32
S|639|0,0,10,24,48,22;8,0,8,24,48,10;8,0,22,24,48,24;10,0,24,22,48,32
S|640|10,0,10,22,48,32
S|641|0,0,10,22,48,22;10,0,22,22,48,32
S|642|0,0,10,22,48,22;10,0,22,22,48,32
S|643|8,0,8,24,48,24;10,0,24,22,48,32
S|644|0,0,10,24,48,22;8,0,8,24,48,10;8,0,22,24,48,24;10,0,24,22,48,32
S|645|0,0,10,24,48,22;8,0,8,24,48,10;8,0,22,24,48,24;10,0,24,22,48,32
S|646|10,0,10,22,48,32
S|647|0,0,10,22,48,22;10,0,22,22,48,32
S|648|0,0,10,22,48,22;10,0,22,22,48,32
S|649|8,0,8,24,48,24;10,0,0,22,48,8
S|650|0,0,10,24,48,22;8,0,8,24,48,10;8,0,22,24,48,24;10,0,0,22,48,8
S|651|0,0,10,24,48,22;8,0,8,24,48,10;8,0,22,24,48,24;10,0,0,22,48,8
S|652|10,0,0,22,48,22
S|653|0,0,10,22,48,22;10,0,0,22,48,10
S|654|0,0,10,22,48,22;10,0,0,22,48,10
S|655|8,0,8,24,48,24;10,0,0,22,48,8;10,0,24,22,48,32
S|656|0,0,10,24,48,22;8,0,8,24,48,10;8,0,22,24,48,24;10,0,0,22,48,8;10,0,24,22,48,32
S|657|0,0,10,24,48,22;8,0,8,24,48,10;8,0,22,24,48,24;10,0,0,22,48,8;10,0,24,22,48,32
S|658|10,0,0,22,48,32
S|659|0,0,10,22,48,22;10,0,0,22,48,10;10,0,22,22,48,32
S|660|0,0,10,22,48,22;10,0,0,22,48,10;10,0,22,22,48,32
S|661|8,0,8,24,48,24;10,0,0,22,48,8;10,0,24,22,48,32
S|662|0,0,10,24,48,22;8,0,8,24,48,10;8,0,22,24,48,24;10,0,0,22,48,8;10,0,24,22,48,32
S|663|0,0,10,24,48,22;8,0,8,24,48,10;8,0,22,24,48,24;10,0,0,22,48,8;10,0,24,22,48,32
S|664|10,0,0,22,48,32
S|665|0,0,10,22,48,22;10,0,0,22,48,10;10,0,22,22,48,32
S|666|0,0,10,22,48,22;10,0,0,22,48,10;10,0,22,22,48,32
S|667|8,0,8,24,48,24;10,0,0,22,48,8
S|668|0,0,10,24,48,22;8,0,8,24,48,10;8,0,22,24,48,24;10,0,0,22,48,8
S|669|0,0,10,24,48,22;8,0,8,24,48,10;8,0,22,24,48,24;10,0,0,22,48,8
S|670|10,0,0,22,48,22
S|671|0,0,10,22,48,22;10,0,0,22,48,10
S|672|0,0,10,22,48,22;10,0,0,22,48,10
S|673|8,0,8,24,48,24;10,0,0,22,48,8;10,0,24,22,48,32
S|674|0,0,10,24,48,22;8,0,8,24,48,10;8,0,22,24,48,24;10,0,0,22,48,8;10,0,24,22,48,32
S|675|0,0,10,24,48,22;8,0,8,24,48,10;8,0,22,24,48,24;10,0,0,22,48,8;10,0,24,22,48,32
S|676|10,0,0,22,48,32
S|677|0,0,10,22,48,22;10,0,0,22,48,10;10,0,22,22,48,32
S|678|0,0,10,22,48,22;10,0,0,22,48,10;10,0,22,22,48,32
S|679|8,0,8,24,48,24;10,0,0,22,48,8;10,0,24,22,48,32
S|680|0,0,10,24,48,22;8,0,8,24,48,10;8,0,22,24,48,24;10,0,0,22,48,8;10,0,24,22,48,32
S|681|0,0,10,24,48,22;8,0,8,24,48,10;8,0,22,24,48,24;10,0,0,22,48,8;10,0,24,22,48,32
S|682|10,0,0,22,48,32
S|683|0,0,10,22,48,22;10,0,0,22,48,10;10,0,22,22,48,32
S|684|0,0,10,22,48,22;10,0,0,22,48,10;10,0,22,22,48,32
S|685|8,0,8,24,48,24;24,0,10,32,48,22
S|686|0,0,10,32,48,22;8,0,8,24,48,10;8,0,22,24,48,24
S|687|0,0,10,32,48,22;8,0,8,24,48,10;8,0,22,24,48,24
S|688|10,0,10,32,48,22
S|689|0,0,10,32,48,22
S|690|0,0,10,32,48,22
S|691|8,0,8,24,48,24;10,0,24,22,48,32;24,0,10,32,48,22
S|692|0,0,10,32,48,22;8,0,8,24,48,10;8,0,22,24,48,24;10,0,24,22,48,32
S|693|0,0,10,32,48,22;8,0,8,24,48,10;8,0,22,24,48,24;10,0,24,22,48,32
S|694|10,0,10,22,48,32;22,0,10,32,48,22
S|695|0,0,10,32,48,22;10,0,22,22,48,32
S|696|0,0,10,32,48,22;10,0,22,22,48,32
S|697|8,0,8,24,48,24;10,0,24,22,48,32;24,0,10,32,48,22
S|698|0,0,10,32,48,22;8,0,8,24,48,10;8,0,22,24,48,24;10,0,24,22,48,32
S|699|0,0,10,32,48,22;8,0,8,24,48,10;8,0,22,24,48,24;10,0,24,22,48,32
S|700|10,0,10,22,48,32;22,0,10,32,48,22
S|701|0,0,10,32,48,22;10,0,22,22,48,32
S|702|0,0,10,32,48,22;10,0,22,22,48,32
S|703|8,0,8,24,48,24;10,0,0,22,48,8;24,0,10,32,48,22
S|704|0,0,10,32,48,22;8,0,8,24,48,10;8,0,22,24,48,24;10,0,0,22,48,8
S|705|0,0,10,32,48,22;8,0,8,24,48,10;8,0,22,24,48,24;10,0,0,22,48,8
S|706|10,0,0,22,48,22;22,0,10,32,48,22
S|707|0,0,10,32,48,22;10,0,0,22,48,10
S|708|0,0,10,32,48,22;10,0,0,22,48,10
S|709|8,0,8,24,48,24;10,0,0,22,48,8;10,0,24,22,48,32;24,0,10,32,48,22
S|710|0,0,10,32,48,22;8,0,8,24,48,10;8,0,22,24,48,24;10,0,0,22,48,8;10,0,24,22,48,32
S|711|0,0,10,32,48,22;8,0,8,24,48,10;8,0,22,24,48,24;10,0,0,22,48,8;10,0,24,22,48,32
S|712|10,0,0,22,48,32;22,0,10,32,48,22
S|713|0,0,10,32,48,22;10,0,0,22,48,10;10,0,22,22,48,32
S|714|0,0,10,32,48,22;10,0,0,22,48,10;10,0,22,22,48,32
S|715|8,0,8,24,48,24;10,0,0,22,48,8;10,0,24,22,48,32;24,0,10,32,48,22
S|716|0,0,10,32,48,22;8,0,8,24,48,10;8,0,22,24,48,24;10,0,0,22,48,8;10,0,24,22,48,32
S|717|0,0,10,32,48,22;8,0,8,24,48,10;8,0,22,24,48,24;10,0,0,22,48,8;10,0,24,22,48,32
S|718|10,0,0,22,48,32;22,0,10,32,48,22
S|719|0,0,10,32,48,22;10,0,0,22,48,10;10,0,22,22,48,32
S|720|0,0,10,32,48,22;10,0,0,22,48,10;10,0,22,22,48,32
S|721|8,0,8,24,48,24;10,0,0,22,48,8;24,0,10,32,48,22
S|722|0,0,10,32,48,22;8,0,8,24,48,10;8,0,22,24,48,24;10,0,0,22,48,8
S|723|0,0,10,32,48,22;8,0,8,24,48,10;8,0,22,24,48,24;10,0,0,22,48,8
S|724|10,0,0,22,48,22;22,0,10,32,48,22
S|725|0,0,10,32,48,22;10,0,0,22,48,10
S|726|0,0,10,32,48,22;10,0,0,22,48,10
S|727|8,0,8,24,48,24;10,0,0,22,48,8;10,0,24,22,48,32;24,0,10,32,48,22
S|728|0,0,10,32,48,22;8,0,8,24,48,10;8,0,22,24,48,24;10,0,0,22,48,8;10,0,24,22,48,32
S|729|0,0,10,32,48,22;8,0,8,24,48,10;8,0,22,24,48,24;10,0,0,22,48,8;10,0,24,22,48,32
S|730|10,0,0,22,48,32;22,0,10,32,48,22
S|731|0,0,10,32,48,22;10,0,0,22,48,10;10,0,22,22,48,32
S|732|0,0,10,32,48,22;10,0,0,22,48,10;10,0,22,22,48,32
S|733|8,0,8,24,48,24;10,0,0,22,48,8;10,0,24,22,48,32;24,0,10,32,48,22
S|734|0,0,10,32,48,22;8,0,8,24,48,10;8,0,22,24,48,24;10,0,0,22,48,8;10,0,24,22,48,32
S|735|0,0,10,32,48,22;8,0,8,24,48,10;8,0,22,24,48,24;10,0,0,22,48,8;10,0,24,22,48,32
S|736|10,0,0,22,48,32;22,0,10,32,48,22
S|737|0,0,10,32,48,22;10,0,0,22,48,10;10,0,22,22,48,32
S|738|0,0,10,32,48,22;10,0,0,22,48,10;10,0,22,22,48,32
S|739|8,0,8,24,48,24;24,0,10,32,48,22
S|740|0,0,10,32,48,22;8,0,8,24,48,10;8,0,22,24,48,24
S|741|0,0,10,32,48,22;8,0,8,24,48,10;8,0,22,24,48,24
S|742|10,0,10,32,48,22
S|743|0,0,10,32,48,22
S|744|0,0,10,32,48,22
S|745|8,0,8,24,48,24;10,0,24,22,48,32;24,0,10,32,48,22
S|746|0,0,10,32,48,22;8,0,8,24,48,10;8,0,22,24,48,24;10,0,24,22,48,32
S|747|0,0,10,32,48,22;8,0,8,24,48,10;8,0,22,24,48,24;10,0,24,22,48,32
S|748|10,0,10,22,48,32;22,0,10,32,48,22
S|749|0,0,10,32,48,22;10,0,22,22,48,32
S|750|0,0,10,32,48,22;10,0,22,22,48,32
S|751|8,0,8,24,48,24;10,0,24,22,48,32;24,0,10,32,48,22
S|752|0,0,10,32,48,22;8,0,8,24,48,10;8,0,22,24,48,24;10,0,24,22,48,32
S|753|0,0,10,32,48,22;8,0,8,24,48,10;8,0,22,24,48,24;10,0,24,22,48,32
S|754|10,0,10,22,48,32;22,0,10,32,48,22
S|755|0,0,10,32,48,22;10,0,22,22,48,32
S|756|0,0,10,32,48,22;10,0,22,22,48,32
S|757|8,0,8,24,48,24;10,0,0,22,48,8;24,0,10,32,48,22
S|758|0,0,10,32,48,22;8,0,8,24,48,10;8,0,22,24,48,24;10,0,0,22,48,8
S|759|0,0,10,32,48,22;8,0,8,24,48,10;8,0,22,24,48,24;10,0,0,22,48,8
S|760|10,0,0,22,48,22;22,0,10,32,48,22
S|761|0,0,10,32,48,22;10,0,0,22,48,10
S|762|0,0,10,32,48,22;10,0,0,22,48,10
S|763|8,0,8,24,48,24;10,0,0,22,48,8;10,0,24,22,48,32;24,0,10,32,48,22
S|764|0,0,10,32,48,22;8,0,8,24,48,10;8,0,22,24,48,24;10,0,0,22,48,8;10,0,24,22,48,32
S|765|0,0,10,32,48,22;8,0,8,24,48,10;8,0,22,24,48,24;10,0,0,22,48,8;10,0,24,22,48,32
S|766|10,0,0,22,48,32;22,0,10,32,48,22
S|767|0,0,10,32,48,22;10,0,0,22,48,10;10,0,22,22,48,32
S|768|0,0,10,32,48,22;10,0,0,22,48,10;10,0,22,22,48,32
S|769|8,0,8,24,48,24;10,0,0,22,48,8;10,0,24,22,48,32;24,0,10,32,48,22
S|770|0,0,10,32,48,22;8,0,8,24,48,10;8,0,22,24,48,24;10,0,0,22,48,8;10,0,24,22,48,32
S|771|0,0,10,32,48,22;8,0,8,24,48,10;8,0,22,24,48,24;10,0,0,22,48,8;10,0,24,22,48,32
S|772|10,0,0,22,48,32;22,0,10,32,48,22
S|773|0,0,10,32,48,22;10,0,0,22,48,10;10,0,22,22,48,32
S|774|0,0,10,32,48,22;10,0,0,22,48,10;10,0,22,22,48,32
S|775|8,0,8,24,48,24;10,0,0,22,48,8;24,0,10,32,48,22
S|776|0,0,10,32,48,22;8,0,8,24,48,10;8,0,22,24,48,24;10,0,0,22,48,8
S|777|0,0,10,32,48,22;8,0,8,24,48,10;8,0,22,24,48,24;10,0,0,22,48,8
S|778|10,0,0,22,48,22;22,0,10,32,48,22
S|779|0,0,10,32,48,22;10,0,0,22,48,10
S|780|0,0,10,32,48,22;10,0,0,22,48,10
S|781|8,0,8,24,48,24;10,0,0,22,48,8;10,0,24,22,48,32;24,0,10,32,48,22
S|782|0,0,10,32,48,22;8,0,8,24,48,10;8,0,22,24,48,24;10,0,0,22,48,8;10,0,24,22,48,32
S|783|0,0,10,32,48,22;8,0,8,24,48,10;8,0,22,24,48,24;10,0,0,22,48,8;10,0,24,22,48,32
S|784|10,0,0,22,48,32;22,0,10,32,48,22
S|785|0,0,10,32,48,22;10,0,0,22,48,10;10,0,22,22,48,32
S|786|0,0,10,32,48,22;10,0,0,22,48,10;10,0,22,22,48,32
S|787|8,0,8,24,48,24;10,0,0,22,48,8;10,0,24,22,48,32;24,0,10,32,48,22
S|788|0,0,10,32,48,22;8,0,8,24,48,10;8,0,22,24,48,24;10,0,0,22,48,8;10,0,24,22,48,32
S|789|0,0,10,32,48,22;8,0,8,24,48,10;8,0,22,24,48,24;10,0,0,22,48,8;10,0,24,22,48,32
S|790|10,0,0,22,48,32;22,0,10,32,48,22
S|791|0,0,10,32,48,22;10,0,0,22,48,10;10,0,22,22,48,32
S|792|0,0,10,32,48,22;10,0,0,22,48,10;10,0,22,22,48,32
S|793|10,0,10,22,12,22
S|794|8,0,8,24,16,24
S|795|8,8,16,24,24,32
S|796|8,8,0,24,24,16
S|797|16,8,8,32,24,24
S|798|0,8,8,16,24,24
S|799|6,0,6,26,16,26
S|800|6,8,16,26,24,32
S|801|6,8,0,26,24,16
S|802|16,8,6,32,24,26
S|803|0,8,6,16,24,26
S|804|4,0,4,28,8,28;8,8,6,24,10,26;12,10,8,20,32,24;6,20,0,12,32,32;12,20,0,26,32,8;12,20,24,26,32,32;20,20,8,26,32,24
S|805|4,0,4,28,8,28;6,8,8,26,10,24;8,10,12,24,32,20;0,20,6,8,32,26;8,20,6,32,32,12;8,20,20,32,32,26;24,20,12,32,32,20
S|806|0,0,0,32,12,32
S|807|12,0,12,20,22,20;8,8,8,12,22,24;12,8,8,24,22,12;12,8,20,24,22,24;20,8,12,24,22,20;0,20,0,8,22,32;8,20,0,32,22,8;8,20,24,32,22,32;24,20,8,32,22,24;0,22,0,4,32,32;4,22,0,32,32,4;4,22,28,32,32,32;28,22,4,32,32,28
S|808|8,8,8,24,22,24;12,8,0,20,16,8;0,20,0,8,22,32;8,20,0,32,22,8;8,20,24,32,22,32;24,20,8,32,22,24;0,22,0,4,32,32;4,22,0,32,32,4;4,22,28,32,32,32;28,22,4,32,32,28
S|809|8,8,8,24,22,24;12,8,24,20,16,32;0,20,0,8,22,32;8,20,0,32,22,8;8,20,24,32,22,32;24,20,8,32,22,24;0,22,0,4,32,32;4,22,0,32,32,4;4,22,28,32,32,32;28,22,4,32,32,28
S|810|0,8,12,24,16,20;8,8,8,24,22,12;8,8,20,24,22,24;8,16,12,24,22,20;0,20,0,8,22,32;8,20,0,32,22,8;8,20,24,32,22,32;24,20,8,32,22,24;0,22,0,4,32,32;4,22,0,32,32,4;4,22,28,32,32,32;28,22,4,32,32,28
S|811|8,8,8,24,22,24;24,8,12,32,16,20;0,20,0,8,22,32;8,20,0,32,22,8;8,20,24,32,22,32;24,20,8,32,22,24;0,22,0,4,32,32;4,22,0,32,32,4;4,22,28,32,32,32;28,22,4,32,32,28
S|812|0,0,14,32,32,18;14,0,0,18,32,14;14,0,18,18,32,32
S|813|14,0,0,18,32,32;18,0,14,32,32,18
S|814|0,0,14,32,32,18;14,0,0,18,32,14
S|815|14,0,0,18,32,18;18,0,14,32,32,18
S|816|0,0,14,32,32,18;14,0,18,18,32,32
S|817|14,0,14,18,32,32;18,0,14,32,32,18
S|818|0,0,14,32,32,18
S|819|14,0,14,32,32,18
S|820|0,0,14,18,32,18;14,0,0,18,32,14;14,0,18,18,32,32
S|821|14,0,0,18,32,32
S|822|0,0,14,18,32,18;14,0,0,18,32,14
S|823|14,0,0,18,32,18
S|824|0,0,14,18,32,18;14,0,18,18,32,32
S|825|14,0,14,18,32,32
S|826|0,0,14,18,32,18
S|827|14,0,14,18,32,18
S|828|0,0,14,32,32,18;14,0,0,18,32,14;14,0,18,18,32,32
S|829|14,0,0,18,32,32;18,0,14,32,32,18
S|830|0,0,14,32,32,18;14,0,0,18,32,14
S|831|14,0,0,18,32,18;18,0,14,32,32,18
S|832|0,0,14,32,32,18;14,0,18,18,32,32
S|833|14,0,14,18,32,32;18,0,14,32,32,18
S|834|0,0,14,32,32,18
S|835|14,0,14,32,32,18
S|836|0,0,14,18,32,18;14,0,0,18,32,14;14,0,18,18,32,32
S|837|14,0,0,18,32,32
S|838|0,0,14,18,32,18;14,0,0,18,32,14
S|839|14,0,0,18,32,18
S|840|0,0,14,18,32,18;14,0,18,18,32,32
S|841|14,0,14,18,32,32
S|842|0,0,14,18,32,18
S|843|14,0,14,18,32,18
S|844|0,0,14,32,32,18;14,0,0,18,32,14;14,0,18,18,32,32
S|845|14,0,0,18,32,32;18,0,14,32,32,18
S|846|0,0,14,32,32,18;14,0,0,18,32,14
S|847|14,0,0,18,32,18;18,0,14,32,32,18
S|848|0,0,14,32,32,18;14,0,18,18,32,32
S|849|14,0,14,18,32,32;18,0,14,32,32,18
S|850|0,0,14,32,32,18
S|851|14,0,14,32,32,18
S|852|0,0,14,18,32,18;14,0,0,18,32,14;14,0,18,18,32,32
S|853|14,0,0,18,32,32
S|854|0,0,14,18,32,18;14,0,0,18,32,14
S|855|14,0,0,18,32,18
S|856|0,0,14,18,32,18;14,0,18,18,32,32
S|857|14,0,14,18,32,32
S|858|0,0,14,18,32,18
S|859|14,0,14,18,32,18
S|860|0,0,14,32,32,18;14,0,0,18,32,14;14,0,18,18,32,32
S|861|14,0,0,18,32,32;18,0,14,32,32,18
S|862|0,0,14,32,32,18;14,0,0,18,32,14
S|863|14,0,0,18,32,18;18,0,14,32,32,18
S|864|0,0,14,32,32,18;14,0,18,18,32,32
S|865|14,0,14,18,32,32;18,0,14,32,32,18
S|866|0,0,14,32,32,18
S|867|14,0,14,32,32,18
S|868|0,0,14,18,32,18;14,0,0,18,32,14;14,0,18,18,32,32
S|869|14,0,0,18,32,32
S|870|0,0,14,18,32,18;14,0,0,18,32,14
S|871|14,0,0,18,32,18
S|872|0,0,14,18,32,18;14,0,18,18,32,32
S|873|14,0,14,18,32,32
S|874|0,0,14,18,32,18
S|875|14,0,14,18,32,18
S|876|0,0,14,32,32,18;14,0,0,18,32,14;14,0,18,18,32,32
S|877|14,0,0,18,32,32;18,0,14,32,32,18
S|878|0,0,14,32,32,18;14,0,0,18,32,14
S|879|14,0,0,18,32,18;18,0,14,32,32,18
S|880|0,0,14,32,32,18;14,0,18,18,32,32
S|881|14,0,14,18,32,32;18,0,14,32,32,18
S|882|0,0,14,32,32,18
S|883|14,0,14,32,32,18
S|884|0,0,14,18,32,18;14,0,0,18,32,14;14,0,18,18,32,32
S|885|14,0,0,18,32,32
S|886|0,0,14,18,32,18;14,0,0,18,32,14
S|887|14,0,0,18,32,18
S|888|0,0,14,18,32,18;14,0,18,18,32,32
S|889|14,0,14,18,32,32
S|890|0,0,14,18,32,18
S|891|14,0,14,18,32,18
S|892|0,0,14,32,32,18;14,0,0,18,32,14;14,0,18,18,32,32
S|893|14,0,0,18,32,32;18,0,14,32,32,18
S|894|0,0,14,32,32,18;14,0,0,18,32,14
S|895|14,0,0,18,32,18;18,0,14,32,32,18
S|896|0,0,14,32,32,18;14,0,18,18,32,32
S|897|14,0,14,18,32,32;18,0,14,32,32,18
S|898|0,0,14,32,32,18
S|899|14,0,14,32,32,18
S|900|0,0,14,18,32,18;14,0,0,18,32,14;14,0,18,18,32,32
S|901|14,0,0,18,32,32
S|902|0,0,14,18,32,18;14,0,0,18,32,14
S|903|14,0,0,18,32,18
S|904|0,0,14,18,32,18;14,0,18,18,32,32
S|905|14,0,14,18,32,32
S|906|0,0,14,18,32,18
S|907|14,0,14,18,32,18
S|908|0,0,14,32,32,18;14,0,0,18,32,14;14,0,18,18,32,32
S|909|14,0,0,18,32,32;18,0,14,32,32,18
S|910|0,0,14,32,32,18;14,0,0,18,32,14
S|911|14,0,0,18,32,18;18,0,14,32,32,18
S|912|0,0,14,32,32,18;14,0,18,18,32,32
S|913|14,0,14,18,32,32;18,0,14,32,32,18
S|914|0,0,14,32,32,18
S|915|14,0,14,32,32,18
S|916|0,0,14,18,32,18;14,0,0,18,32,14;14,0,18,18,32,32
S|917|14,0,0,18,32,32
S|918|0,0,14,18,32,18;14,0,0,18,32,14
S|919|14,0,0,18,32,18
S|920|0,0,14,18,32,18;14,0,18,18,32,32
S|921|14,0,14,18,32,32
S|922|0,0,14,18,32,18
S|923|14,0,14,18,32,18
S|924|0,0,14,32,32,18;14,0,0,18,32,14;14,0,18,18,32,32
S|925|14,0,0,18,32,32;18,0,14,32,32,18
S|926|0,0,14,32,32,18;14,0,0,18,32,14
S|927|14,0,0,18,32,18;18,0,14,32,32,18
S|928|0,0,14,32,32,18;14,0,18,18,32,32
S|929|14,0,14,18,32,32;18,0,14,32,32,18
S|930|0,0,14,32,32,18
S|931|14,0,14,32,32,18
S|932|0,0,14,18,32,18;14,0,0,18,32,14;14,0,18,18,32,32
S|933|14,0,0,18,32,32
S|934|0,0,14,18,32,18;14,0,0,18,32,14
S|935|14,0,0,18,32,18
S|936|0,0,14,18,32,18;14,0,18,18,32,32
S|937|14,0,14,18,32,32
S|938|0,0,14,18,32,18
S|939|14,0,14,18,32,18
S|940|0,0,14,32,32,18;14,0,0,18,32,14;14,0,18,18,32,32
S|941|14,0,0,18,32,32;18,0,14,32,32,18
S|942|0,0,14,32,32,18;14,0,0,18,32,14
S|943|14,0,0,18,32,18;18,0,14,32,32,18
S|944|0,0,14,32,32,18;14,0,18,18,32,32
S|945|14,0,14,18,32,32;18,0,14,32,32,18
S|946|0,0,14,32,32,18
S|947|14,0,14,32,32,18
S|948|0,0,14,18,32,18;14,0,0,18,32,14;14,0,18,18,32,32
S|949|14,0,0,18,32,32
S|950|0,0,14,18,32,18;14,0,0,18,32,14
S|951|14,0,0,18,32,18
S|952|0,0,14,18,32,18;14,0,18,18,32,32
S|953|14,0,14,18,32,32
S|954|0,0,14,18,32,18
S|955|14,0,14,18,32,18
S|956|0,0,14,32,32,18;14,0,0,18,32,14;14,0,18,18,32,32
S|957|14,0,0,18,32,32;18,0,14,32,32,18
S|958|0,0,14,32,32,18;14,0,0,18,32,14
S|959|14,0,0,18,32,18;18,0,14,32,32,18
S|960|0,0,14,32,32,18;14,0,18,18,32,32
S|961|14,0,14,18,32,32;18,0,14,32,32,18
S|962|0,0,14,32,32,18
S|963|14,0,14,32,32,18
S|964|0,0,14,18,32,18;14,0,0,18,32,14;14,0,18,18,32,32
S|965|14,0,0,18,32,32
S|966|0,0,14,18,32,18;14,0,0,18,32,14
S|967|14,0,0,18,32,18
S|968|0,0,14,18,32,18;14,0,18,18,32,32
S|969|14,0,14,18,32,32
S|970|0,0,14,18,32,18
S|971|14,0,14,18,32,18
S|972|0,0,14,32,32,18;14,0,0,18,32,14;14,0,18,18,32,32
S|973|14,0,0,18,32,32;18,0,14,32,32,18
S|974|0,0,14,32,32,18;14,0,0,18,32,14
S|975|14,0,0,18,32,18;18,0,14,32,32,18
S|976|0,0,14,32,32,18;14,0,18,18,32,32
S|977|14,0,14,18,32,32;18,0,14,32,32,18
S|978|0,0,14,32,32,18
S|979|14,0,14,32,32,18
S|980|0,0,14,18,32,18;14,0,0,18,32,14;14,0,18,18,32,32
S|981|14,0,0,18,32,32
S|982|0,0,14,18,32,18;14,0,0,18,32,14
S|983|14,0,0,18,32,18
S|984|0,0,14,18,32,18;14,0,18,18,32,32
S|985|14,0,14,18,32,32
S|986|0,0,14,18,32,18
S|987|14,0,14,18,32,18
S|988|0,0,14,32,32,18;14,0,0,18,32,14;14,0,18,18,32,32
S|989|14,0,0,18,32,32;18,0,14,32,32,18
S|990|0,0,14,32,32,18;14,0,0,18,32,14
S|991|14,0,0,18,32,18;18,0,14,32,32,18
S|992|0,0,14,32,32,18;14,0,18,18,32,32
S|993|14,0,14,18,32,32;18,0,14,32,32,18
S|994|0,0,14,32,32,18
S|995|14,0,14,32,32,18
S|996|0,0,14,18,32,18;14,0,0,18,32,14;14,0,18,18,32,32
S|997|14,0,0,18,32,32
S|998|0,0,14,18,32,18;14,0,0,18,32,14
S|999|14,0,0,18,32,18
S|1000|0,0,14,18,32,18;14,0,18,18,32,32
S|1001|14,0,14,18,32,32
S|1002|0,0,14,18,32,18
S|1003|14,0,14,18,32,18
S|1004|0,0,14,32,32,18;14,0,0,18,32,14;14,0,18,18,32,32
S|1005|14,0,0,18,32,32;18,0,14,32,32,18
S|1006|0,0,14,32,32,18;14,0,0,18,32,14
S|1007|14,0,0,18,32,18;18,0,14,32,32,18
S|1008|0,0,14,32,32,18;14,0,18,18,32,32
S|1009|14,0,14,18,32,32;18,0,14,32,32,18
S|1010|0,0,14,32,32,18
S|1011|14,0,14,32,32,18
S|1012|0,0,14,18,32,18;14,0,0,18,32,14;14,0,18,18,32,32
S|1013|14,0,0,18,32,32
S|1014|0,0,14,18,32,18;14,0,0,18,32,14
S|1015|14,0,0,18,32,18
S|1016|0,0,14,18,32,18;14,0,18,18,32,32
S|1017|14,0,14,18,32,32
S|1018|0,0,14,18,32,18
S|1019|14,0,14,18,32,18
S|1020|0,0,14,32,32,18;14,0,0,18,32,14;14,0,18,18,32,32
S|1021|14,0,0,18,32,32;18,0,14,32,32,18
S|1022|0,0,14,32,32,18;14,0,0,18,32,14
S|1023|14,0,0,18,32,18;18,0,14,32,32,18
S|1024|0,0,14,32,32,18;14,0,18,18,32,32
S|1025|14,0,14,18,32,32;18,0,14,32,32,18
S|1026|0,0,14,32,32,18
S|1027|14,0,14,32,32,18
S|1028|0,0,14,18,32,18;14,0,0,18,32,14;14,0,18,18,32,32
S|1029|14,0,0,18,32,32
S|1030|0,0,14,18,32,18;14,0,0,18,32,14
S|1031|14,0,0,18,32,18
S|1032|0,0,14,18,32,18;14,0,18,18,32,32
S|1033|14,0,14,18,32,32
S|1034|0,0,14,18,32,18
S|1035|14,0,14,18,32,18
S|1036|0,0,14,32,32,18;14,0,0,18,32,14;14,0,18,18,32,32
S|1037|14,0,0,18,32,32;18,0,14,32,32,18
S|1038|0,0,14,32,32,18;14,0,0,18,32,14
S|1039|14,0,0,18,32,18;18,0,14,32,32,18
S|1040|0,0,14,32,32,18;14,0,18,18,32,32
S|1041|14,0,14,18,32,32;18,0,14,32,32,18
S|1042|0,0,14,32,32,18
S|1043|14,0,14,32,32,18
S|1044|0,0,14,18,32,18;14,0,0,18,32,14;14,0,18,18,32,32
S|1045|14,0,0,18,32,32
S|1046|0,0,14,18,32,18;14,0,0,18,32,14
S|1047|14,0,0,18,32,18
S|1048|0,0,14,18,32,18;14,0,18,18,32,32
S|1049|14,0,14,18,32,32
S|1050|0,0,14,18,32,18
S|1051|14,0,14,18,32,18
S|1052|0,0,14,32,32,18;14,0,0,18,32,14;14,0,18,18,32,32
S|1053|14,0,0,18,32,32;18,0,14,32,32,18
S|1054|0,0,14,32,32,18;14,0,0,18,32,14
S|1055|14,0,0,18,32,18;18,0,14,32,32,18
S|1056|0,0,14,32,32,18;14,0,18,18,32,32
S|1057|14,0,14,18,32,32;18,0,14,32,32,18
S|1058|0,0,14,32,32,18
S|1059|14,0,14,32,32,18
S|1060|0,0,14,18,32,18;14,0,0,18,32,14;14,0,18,18,32,32
S|1061|14,0,0,18,32,32
S|1062|0,0,14,18,32,18;14,0,0,18,32,14
S|1063|14,0,0,18,32,18
S|1064|0,0,14,18,32,18;14,0,18,18,32,32
S|1065|14,0,14,18,32,32
S|1066|0,0,14,18,32,18
S|1067|14,0,14,18,32,18
S|1068|0,0,0,32,2,32
S|1069|0,0,12,32,48,20;12,0,0,20,48,12;12,0,20,20,48,32
S|1070|12,0,0,20,48,32;20,0,12,32,48,20
S|1071|0,0,12,32,48,20;12,0,0,20,48,12
S|1072|12,0,0,20,48,20;20,0,12,32,48,20
S|1073|0,0,12,32,48,20;12,0,20,20,48,32
S|1074|12,0,12,20,48,32;20,0,12,32,48,20
S|1075|0,0,12,32,48,20
S|1076|12,0,12,32,48,20
S|1077|0,0,12,20,48,20;12,0,0,20,48,12;12,0,20,20,48,32
S|1078|12,0,0,20,48,32
S|1079|0,0,12,20,48,20;12,0,0,20,48,12
S|1080|12,0,0,20,48,20
S|1081|0,0,12,20,48,20;12,0,20,20,48,32
S|1082|12,0,12,20,48,32
S|1083|0,0,12,20,48,20
S|1084|12,0,12,20,48,20
S|1085|0,0,12,32,48,20;12,0,0,20,48,12;12,0,20,20,48,32
S|1086|12,0,0,20,48,32;20,0,12,32,48,20
S|1087|0,0,12,32,48,20;12,0,0,20,48,12
S|1088|12,0,0,20,48,20;20,0,12,32,48,20
S|1089|0,0,12,32,48,20;12,0,20,20,48,32
S|1090|12,0,12,20,48,32;20,0,12,32,48,20
S|1091|0,0,12,32,48,20
S|1092|12,0,12,32,48,20
S|1093|0,0,12,20,48,20;12,0,0,20,48,12;12,0,20,20,48,32
S|1094|12,0,0,20,48,32
S|1095|0,0,12,20,48,20;12,0,0,20,48,12
S|1096|12,0,0,20,48,20
S|1097|0,0,12,20,48,20;12,0,20,20,48,32
S|1098|12,0,12,20,48,32
S|1099|0,0,12,20,48,20
S|1100|12,0,12,20,48,20
S|1101|0,0,12,32,48,20;12,0,0,20,48,12;12,0,20,20,48,32
S|1102|12,0,0,20,48,32;20,0,12,32,48,20
S|1103|0,0,12,32,48,20;12,0,0,20,48,12
S|1104|12,0,0,20,48,20;20,0,12,32,48,20
S|1105|0,0,12,32,48,20;12,0,20,20,48,32
S|1106|12,0,12,20,48,32;20,0,12,32,48,20
S|1107|0,0,12,32,48,20
S|1108|12,0,12,32,48,20
S|1109|0,0,12,20,48,20;12,0,0,20,48,12;12,0,20,20,48,32
S|1110|12,0,0,20,48,32
S|1111|0,0,12,20,48,20;12,0,0,20,48,12
S|1112|12,0,0,20,48,20
S|1113|0,0,12,20,48,20;12,0,20,20,48,32
S|1114|12,0,12,20,48,32
S|1115|0,0,12,20,48,20
S|1116|12,0,12,20,48,20
S|1117|0,0,12,32,48,20;12,0,0,20,48,12;12,0,20,20,48,32
S|1118|12,0,0,20,48,32;20,0,12,32,48,20
S|1119|0,0,12,32,48,20;12,0,0,20,48,12
S|1120|12,0,0,20,48,20;20,0,12,32,48,20
S|1121|0,0,12,32,48,20;12,0,20,20,48,32
S|1122|12,0,12,20,48,32;20,0,12,32,48,20
S|1123|0,0,12,32,48,20
S|1124|12,0,12,32,48,20
S|1125|0,0,12,20,48,20;12,0,0,20,48,12;12,0,20,20,48,32
S|1126|12,0,0,20,48,32
S|1127|0,0,12,20,48,20;12,0,0,20,48,12
S|1128|12,0,0,20,48,20
S|1129|0,0,12,20,48,20;12,0,20,20,48,32
S|1130|12,0,12,20,48,32
S|1131|0,0,12,20,48,20
S|1132|12,0,12,20,48,20
S|1133|0,0,12,32,48,20;12,0,0,20,48,12;12,0,20,20,48,32
S|1134|12,0,0,20,48,32;20,0,12,32,48,20
S|1135|0,0,12,32,48,20;12,0,0,20,48,12
S|1136|12,0,0,20,48,20;20,0,12,32,48,20
S|1137|0,0,12,32,48,20;12,0,20,20,48,32
S|1138|12,0,12,20,48,32;20,0,12,32,48,20
S|1139|0,0,12,32,48,20
S|1140|12,0,12,32,48,20
S|1141|0,0,12,20,48,20;12,0,0,20,48,12;12,0,20,20,48,32
S|1142|12,0,0,20,48,32
S|1143|0,0,12,20,48,20;12,0,0,20,48,12
S|1144|12,0,0,20,48,20
S|1145|0,0,12,20,48,20;12,0,20,20,48,32
S|1146|12,0,12,20,48,32
S|1147|0,0,12,20,48,20
S|1148|12,0,12,20,48,20
S|1149|0,0,12,32,48,20;12,0,0,20,48,12;12,0,20,20,48,32
S|1150|12,0,0,20,48,32;20,0,12,32,48,20
S|1151|0,0,12,32,48,20;12,0,0,20,48,12
S|1152|12,0,0,20,48,20;20,0,12,32,48,20
S|1153|0,0,12,32,48,20;12,0,20,20,48,32
S|1154|12,0,12,20,48,32;20,0,12,32,48,20
S|1155|0,0,12,32,48,20
S|1156|12,0,12,32,48,20
S|1157|0,0,12,20,48,20;12,0,0,20,48,12;12,0,20,20,48,32
S|1158|12,0,0,20,48,32
S|1159|0,0,12,20,48,20;12,0,0,20,48,12
S|1160|12,0,0,20,48,20
S|1161|0,0,12,20,48,20;12,0,20,20,48,32
S|1162|12,0,12,20,48,32
S|1163|0,0,12,20,48,20
S|1164|12,0,12,20,48,20
S|1165|0,0,12,32,48,20;12,0,0,20,48,12;12,0,20,20,48,32
S|1166|12,0,0,20,48,32;20,0,12,32,48,20
S|1167|0,0,12,32,48,20;12,0,0,20,48,12
S|1168|12,0,0,20,48,20;20,0,12,32,48,20
S|1169|0,0,12,32,48,20;12,0,20,20,48,32
S|1170|12,0,12,20,48,32;20,0,12,32,48,20
S|1171|0,0,12,32,48,20
S|1172|12,0,12,32,48,20
S|1173|0,0,12,20,48,20;12,0,0,20,48,12;12,0,20,20,48,32
S|1174|12,0,0,20,48,32
S|1175|0,0,12,20,48,20;12,0,0,20,48,12
S|1176|12,0,0,20,48,20
S|1177|0,0,12,20,48,20;12,0,20,20,48,32
S|1178|12,0,12,20,48,32
S|1179|0,0,12,20,48,20
S|1180|12,0,12,20,48,20
S|1181|0,0,12,32,48,20;12,0,0,20,48,12;12,0,20,20,48,32
S|1182|12,0,0,20,48,32;20,0,12,32,48,20
S|1183|0,0,12,32,48,20;12,0,0,20,48,12
S|1184|12,0,0,20,48,20;20,0,12,32,48,20
S|1185|0,0,12,32,48,20;12,0,20,20,48,32
S|1186|12,0,12,20,48,32;20,0,12,32,48,20
S|1187|0,0,12,32,48,20
S|1188|12,0,12,32,48,20
S|1189|0,0,12,20,48,20;12,0,0,20,48,12;12,0,20,20,48,32
S|1190|12,0,0,20,48,32
S|1191|0,0,12,20,48,20;12,0,0,20,48,12
S|1192|12,0,0,20,48,20
S|1193|0,0,12,20,48,20;12,0,20,20,48,32
S|1194|12,0,12,20,48,32
S|1195|0,0,12,20,48,20
S|1196|12,0,12,20,48,20
S|1197|0,0,12,32,48,20;12,0,0,20,48,12;12,0,20,20,48,32
S|1198|12,0,0,20,48,32;20,0,12,32,48,20
S|1199|0,0,12,32,48,20;12,0,0,20,48,12
S|1200|12,0,0,20,48,20;20,0,12,32,48,20
S|1201|0,0,12,32,48,20;12,0,20,20,48,32
S|1202|12,0,12,20,48,32;20,0,12,32,48,20
S|1203|0,0,12,32,48,20
S|1204|12,0,12,32,48,20
S|1205|0,0,12,20,48,20;12,0,0,20,48,12;12,0,20,20,48,32
S|1206|12,0,0,20,48,32
S|1207|0,0,12,20,48,20;12,0,0,20,48,12
S|1208|12,0,0,20,48,20
S|1209|0,0,12,20,48,20;12,0,20,20,48,32
S|1210|12,0,12,20,48,32
S|1211|0,0,12,20,48,20
S|1212|12,0,12,20,48,20
S|1213|12,12,0,20,20,32
S|1214|0,12,12,32,20,20
S|1215|12,0,12,20,32,20
S|1216|6,0,6,26,32,26;0,6,6,6,26,26;6,6,0,26,26,6;6,6,26,26,26,32;26,6,6,32,26,26
S|1217|6,0,6,26,32,26;6,6,0,26,26,6;6,6,26,26,26,32;26,6,6,32,26,26
S|1218|6,0,6,26,26,26;0,6,6,6,26,26;6,6,0,26,26,6;6,6,26,26,26,32;26,6,6,32,26,26
S|1219|6,0,6,26,26,26;6,6,0,26,26,6;6,6,26,26,26,32;26,6,6,32,26,26
S|1220|6,0,6,26,32,26;0,6,6,6,26,26;6,6,0,26,26,6;26,6,6,32,26,26
S|1221|6,0,6,26,32,26;6,6,0,26,26,6;26,6,6,32,26,26
S|1222|6,0,6,26,26,26;0,6,6,6,26,26;6,6,0,26,26,6;26,6,6,32,26,26
S|1223|6,0,6,26,26,26;6,6,0,26,26,6;26,6,6,32,26,26
S|1224|6,0,6,26,32,26;0,6,6,6,26,26;6,6,26,26,26,32;26,6,6,32,26,26
S|1225|6,0,6,26,32,26;6,6,26,26,26,32;26,6,6,32,26,26
S|1226|6,0,6,26,26,26;0,6,6,6,26,26;6,6,26,26,26,32;26,6,6,32,26,26
S|1227|6,0,6,26,26,26;6,6,26,26,26,32;26,6,6,32,26,26
S|1228|6,0,6,26,32,26;0,6,6,6,26,26;26,6,6,32,26,26
S|1229|6,0,6,26,32,26;26,6,6,32,26,26
S|1230|6,0,6,26,26,26;0,6,6,6,26,26;26,6,6,32,26,26
S|1231|6,0,6,26,26,26;26,6,6,32,26,26
S|1232|6,0,6,26,32,26;0,6,6,6,26,26;6,6,0,26,26,6;6,6,26,26,26,32
S|1233|6,0,6,26,32,26;6,6,0,26,26,6;6,6,26,26,26,32
S|1234|6,0,6,26,26,26;0,6,6,6,26,26;6,6,0,26,26,6;6,6,26,26,26,32
S|1235|6,0,6,26,26,26;6,6,0,26,26,6;6,6,26,26,26,32
S|1236|6,0,6,26,32,26;0,6,6,6,26,26;6,6,0,26,26,6
S|1237|6,0,6,26,32,26;6,6,0,26,26,6
S|1238|6,0,6,26,26,26;0,6,6,6,26,26;6,6,0,26,26,6
S|1239|6,0,6,26,26,26;6,6,0,26,26,6
S|1240|6,0,6,26,32,26;0,6,6,6,26,26;6,6,26,26,26,32
S|1241|6,0,6,26,32,26;6,6,26,26,26,32
S|1242|6,0,6,26,26,26;0,6,6,6,26,26;6,6,26,26,26,32
S|1243|6,0,6,26,26,26;6,6,26,26,26,32
S|1244|6,0,6,26,32,26;0,6,6,6,26,26
S|1245|6,0,6,26,32,26
S|1246|6,0,6,26,26,26;0,6,6,6,26,26
S|1247|6,0,6,26,26,26
S|1248|0,6,6,32,26,26;6,6,0,26,26,6;6,6,26,26,26,32;6,26,6,26,32,26
S|1249|6,6,0,26,26,32;26,6,6,32,26,26;6,26,6,26,32,26
S|1250|0,6,6,32,26,26;6,6,0,26,26,6;6,6,26,26,26,32
S|1251|6,6,0,26,26,32;26,6,6,32,26,26
S|1252|0,6,6,32,26,26;6,6,0,26,26,6;6,26,6,26,32,26
S|1253|6,6,0,26,26,26;26,6,6,32,26,26;6,26,6,26,32,26
S|1254|0,6,6,32,26,26;6,6,0,26,26,6
S|1255|6,6,0,26,26,26;26,6,6,32,26,26
S|1256|0,6,6,32,26,26;6,6,26,26,26,32;6,26,6,26,32,26
S|1257|6,6,6,26,26,32;26,6,6,32,26,26;6,26,6,26,32,26
S|1258|0,6,6,32,26,26;6,6,26,26,26,32
S|1259|6,6,6,26,26,32;26,6,6,32,26,26
S|1260|0,6,6,32,26,26;6,26,6,26,32,26
S|1261|6,6,6,32,26,26;6,26,6,26,32,26
S|1262|0,6,6,32,26,26
S|1263|6,6,6,32,26,26
S|1264|0,6,6,26,26,26;6,6,0,26,26,6;6,6,26,26,26,32;6,26,6,26,32,26
S|1265|6,6,0,26,26,32;6,26,6,26,32,26
S|1266|0,6,6,26,26,26;6,6,0,26,26,6;6,6,26,26,26,32
S|1267|6,6,0,26,26,32
S|1268|0,6,6,26,26,26;6,6,0,26,26,6;6,26,6,26,32,26
S|1269|6,6,0,26,26,26;6,26,6,26,32,26
S|1270|0,6,6,26,26,26;6,6,0,26,26,6
S|1271|6,6,0,26,26,26
S|1272|0,6,6,26,26,26;6,6,26,26,26,32;6,26,6,26,32,26
S|1273|6,6,6,26,26,32;6,26,6,26,32,26
S|1274|0,6,6,26,26,26;6,6,26,26,26,32
S|1275|6,6,6,26,26,32
S|1276|0,6,6,26,26,26;6,26,6,26,32,26
S|1277|6,6,6,26,32,26
S|1278|0,6,6,26,26,26
S|1279|6,6,6,26,26,26
S|1280|10,-2,10,22,6,22
S|1281|6,-2,6,26,10,26
S|1282|0,0,0,32,30,32
S|1283|6,0,6,24,14,24
S|1284|2,0,2,30,14,30
S|1285|2,0,4,30,32,28
S|1286|6,0,6,26,20,26
S|1287|12,0,12,20,12,20
S|1288|6,0,6,26,12,26
S|1289|4,0,4,28,12,28
S|1290|4,0,4,28,14,28
S|1291|10,10,10,22,22,22
S|1292|5,0,5,11,32,11
S|1293|5,0,5,11,32,11
S|1294|5,0,5,11,32,11
S|1295|5,0,5,11,32,11
S|1296|5,0,5,11,32,11
S|1297|5,0,5,11,32,11
S|1298|5,0,5,11,32,11
S|1299|5,0,5,11,32,11
S|1300|5,0,5,11,32,11
S|1301|5,0,5,11,32,11
S|1302|5,0,5,11,32,11
S|1303|5,0,5,11,32,11
S|1304|8,0,8,24,48,24
S|1305|0,0,10,24,48,22;8,0,8,24,48,10;8,0,22,24,48,24
S|1306|0,0,10,24,48,22;8,0,8,24,48,10;8,0,22,24,48,24
S|1307|0,0,10,22,48,22
S|1308|0,0,10,22,48,22
S|1309|8,0,8,24,48,24;10,0,24,22,48,32
S|1310|0,0,10,24,48,22;8,0,8,24,48,10;8,0,22,24,48,24;10,0,24,22,48,32
S|1311|0,0,10,24,48,22;8,0,8,24,48,10;8,0,22,24,48,24;10,0,24,22,48,32
S|1312|10,0,10,22,48,32
S|1313|0,0,10,22,48,22;10,0,22,22,48,32
S|1314|0,0,10,22,48,22;10,0,22,22,48,32
S|1315|8,0,8,24,48,24;10,0,24,22,48,32
S|1316|0,0,10,24,48,22;8,0,8,24,48,10;8,0,22,24,48,24;10,0,24,22,48,32
S|1317|0,0,10,24,48,22;8,0,8,24,48,10;8,0,22,24,48,24;10,0,24,22,48,32
S|1318|10,0,10,22,48,32
S|1319|0,0,10,22,48,22;10,0,22,22,48,32
S|1320|0,0,10,22,48,22;10,0,22,22,48,32
S|1321|8,0,8,24,48,24;10,0,0,22,48,8
S|1322|0,0,10,24,48,22;8,0,8,24,48,10;8,0,22,24,48,24;10,0,0,22,48,8
S|1323|0,0,10,24,48,22;8,0,8,24,48,10;8,0,22,24,48,24;10,0,0,22,48,8
S|1324|10,0,0,22,48,22
S|1325|0,0,10,22,48,22;10,0,0,22,48,10
S|1326|0,0,10,22,48,22;10,0,0,22,48,10
S|1327|8,0,8,24,48,24;10,0,0,22,48,8;10,0,24,22,48,32
S|1328|0,0,10,24,48,22;8,0,8,24,48,10;8,0,22,24,48,24;10,0,0,22,48,8;10,0,24,22,48,32
S|1329|0,0,10,24,48,22;8,0,8,24,48,10;8,0,22,24,48,24;10,0,0,22,48,8;10,0,24,22,48,32
S|1330|10,0,0,22,48,32
S|1331|0,0,10,22,48,22;10,0,0,22,48,10;10,0,22,22,48,32
S|1332|0,0,10,22,48,22;10,0,0,22,48,10;10,0,22,22,48,32
S|1333|8,0,8,24,48,24;10,0,0,22,48,8;10,0,24,22,48,32
S|1334|0,0,10,24,48,22;8,0,8,24,48,10;8,0,22,24,48,24;10,0,0,22,48,8;10,0,24,22,48,32
S|1335|0,0,10,24,48,22;8,0,8,24,48,10;8,0,22,24,48,24;10,0,0,22,48,8;10,0,24,22,48,32
S|1336|10,0,0,22,48,32
S|1337|0,0,10,22,48,22;10,0,0,22,48,10;10,0,22,22,48,32
S|1338|0,0,10,22,48,22;10,0,0,22,48,10;10,0,22,22,48,32
S|1339|8,0,8,24,48,24;10,0,0,22,48,8
S|1340|0,0,10,24,48,22;8,0,8,24,48,10;8,0,22,24,48,24;10,0,0,22,48,8
S|1341|0,0,10,24,48,22;8,0,8,24,48,10;8,0,22,24,48,24;10,0,0,22,48,8
S|1342|10,0,0,22,48,22
S|1343|0,0,10,22,48,22;10,0,0,22,48,10
S|1344|0,0,10,22,48,22;10,0,0,22,48,10
S|1345|8,0,8,24,48,24;10,0,0,22,48,8;10,0,24,22,48,32
S|1346|0,0,10,24,48,22;8,0,8,24,48,10;8,0,22,24,48,24;10,0,0,22,48,8;10,0,24,22,48,32
S|1347|0,0,10,24,48,22;8,0,8,24,48,10;8,0,22,24,48,24;10,0,0,22,48,8;10,0,24,22,48,32
S|1348|10,0,0,22,48,32
S|1349|0,0,10,22,48,22;10,0,0,22,48,10;10,0,22,22,48,32
S|1350|0,0,10,22,48,22;10,0,0,22,48,10;10,0,22,22,48,32
S|1351|8,0,8,24,48,24;10,0,0,22,48,8;10,0,24,22,48,32
S|1352|0,0,10,24,48,22;8,0,8,24,48,10;8,0,22,24,48,24;10,0,0,22,48,8;10,0,24,22,48,32
S|1353|0,0,10,24,48,22;8,0,8,24,48,10;8,0,22,24,48,24;10,0,0,22,48,8;10,0,24,22,48,32
S|1354|10,0,0,22,48,32
S|1355|0,0,10,22,48,22;10,0,0,22,48,10;10,0,22,22,48,32
S|1356|0,0,10,22,48,22;10,0,0,22,48,10;10,0,22,22,48,32
S|1357|8,0,8,24,48,24;24,0,10,32,48,22
S|1358|0,0,10,32,48,22;8,0,8,24,48,10;8,0,22,24,48,24
S|1359|0,0,10,32,48,22;8,0,8,24,48,10;8,0,22,24,48,24
S|1360|10,0,10,32,48,22
S|1361|0,0,10,32,48,22
S|1362|0,0,10,32,48,22
S|1363|8,0,8,24,48,24;10,0,24,22,48,32;24,0,10,32,48,22
S|1364|0,0,10,32,48,22;8,0,8,24,48,10;8,0,22,24,48,24;10,0,24,22,48,32
S|1365|0,0,10,32,48,22;8,0,8,24,48,10;8,0,22,24,48,24;10,0,24,22,48,32
S|1366|10,0,10,22,48,32;22,0,10,32,48,22
S|1367|0,0,10,32,48,22;10,0,22,22,48,32
S|1368|0,0,10,32,48,22;10,0,22,22,48,32
S|1369|8,0,8,24,48,24;10,0,24,22,48,32;24,0,10,32,48,22
S|1370|0,0,10,32,48,22;8,0,8,24,48,10;8,0,22,24,48,24;10,0,24,22,48,32
S|1371|0,0,10,32,48,22;8,0,8,24,48,10;8,0,22,24,48,24;10,0,24,22,48,32
S|1372|10,0,10,22,48,32;22,0,10,32,48,22
S|1373|0,0,10,32,48,22;10,0,22,22,48,32
S|1374|0,0,10,32,48,22;10,0,22,22,48,32
S|1375|8,0,8,24,48,24;10,0,0,22,48,8;24,0,10,32,48,22
S|1376|0,0,10,32,48,22;8,0,8,24,48,10;8,0,22,24,48,24;10,0,0,22,48,8
S|1377|0,0,10,32,48,22;8,0,8,24,48,10;8,0,22,24,48,24;10,0,0,22,48,8
S|1378|10,0,0,22,48,22;22,0,10,32,48,22
S|1379|0,0,10,32,48,22;10,0,0,22,48,10
S|1380|0,0,10,32,48,22;10,0,0,22,48,10
S|1381|8,0,8,24,48,24;10,0,0,22,48,8;10,0,24,22,48,32;24,0,10,32,48,22
S|1382|0,0,10,32,48,22;8,0,8,24,48,10;8,0,22,24,48,24;10,0,0,22,48,8;10,0,24,22,48,32
S|1383|0,0,10,32,48,22;8,0,8,24,48,10;8,0,22,24,48,24;10,0,0,22,48,8;10,0,24,22,48,32
S|1384|10,0,0,22,48,32;22,0,10,32,48,22
S|1385|0,0,10,32,48,22;10,0,0,22,48,10;10,0,22,22,48,32
S|1386|0,0,10,32,48,22;10,0,0,22,48,10;10,0,22,22,48,32
S|1387|8,0,8,24,48,24;10,0,0,22,48,8;10,0,24,22,48,32;24,0,10,32,48,22
S|1388|0,0,10,32,48,22;8,0,8,24,48,10;8,0,22,24,48,24;10,0,0,22,48,8;10,0,24,22,48,32
S|1389|0,0,10,32,48,22;8,0,8,24,48,10;8,0,22,24,48,24;10,0,0,22,48,8;10,0,24,22,48,32
S|1390|10,0,0,22,48,32;22,0,10,32,48,22
S|1391|0,0,10,32,48,22;10,0,0,22,48,10;10,0,22,22,48,32
S|1392|0,0,10,32,48,22;10,0,0,22,48,10;10,0,22,22,48,32
S|1393|8,0,8,24,48,24;10,0,0,22,48,8;24,0,10,32,48,22
S|1394|0,0,10,32,48,22;8,0,8,24,48,10;8,0,22,24,48,24;10,0,0,22,48,8
S|1395|0,0,10,32,48,22;8,0,8,24,48,10;8,0,22,24,48,24;10,0,0,22,48,8
S|1396|10,0,0,22,48,22;22,0,10,32,48,22
S|1397|0,0,10,32,48,22;10,0,0,22,48,10
S|1398|0,0,10,32,48,22;10,0,0,22,48,10
S|1399|8,0,8,24,48,24;10,0,0,22,48,8;10,0,24,22,48,32;24,0,10,32,48,22
S|1400|0,0,10,32,48,22;8,0,8,24,48,10;8,0,22,24,48,24;10,0,0,22,48,8;10,0,24,22,48,32
S|1401|0,0,10,32,48,22;8,0,8,24,48,10;8,0,22,24,48,24;10,0,0,22,48,8;10,0,24,22,48,32
S|1402|10,0,0,22,48,32;22,0,10,32,48,22
S|1403|0,0,10,32,48,22;10,0,0,22,48,10;10,0,22,22,48,32
S|1404|0,0,10,32,48,22;10,0,0,22,48,10;10,0,22,22,48,32
S|1405|8,0,8,24,48,24;10,0,0,22,48,8;10,0,24,22,48,32;24,0,10,32,48,22
S|1406|0,0,10,32,48,22;8,0,8,24,48,10;8,0,22,24,48,24;10,0,0,22,48,8;10,0,24,22,48,32
S|1407|0,0,10,32,48,22;8,0,8,24,48,10;8,0,22,24,48,24;10,0,0,22,48,8;10,0,24,22,48,32
S|1408|10,0,0,22,48,32;22,0,10,32,48,22
S|1409|0,0,10,32,48,22;10,0,0,22,48,10;10,0,22,22,48,32
S|1410|0,0,10,32,48,22;10,0,0,22,48,10;10,0,22,22,48,32
S|1411|8,0,8,24,48,24;24,0,10,32,48,22
S|1412|0,0,10,32,48,22;8,0,8,24,48,10;8,0,22,24,48,24
S|1413|0,0,10,32,48,22;8,0,8,24,48,10;8,0,22,24,48,24
S|1414|10,0,10,32,48,22
S|1415|0,0,10,32,48,22
S|1416|0,0,10,32,48,22
S|1417|8,0,8,24,48,24;10,0,24,22,48,32;24,0,10,32,48,22
S|1418|0,0,10,32,48,22;8,0,8,24,48,10;8,0,22,24,48,24;10,0,24,22,48,32
S|1419|0,0,10,32,48,22;8,0,8,24,48,10;8,0,22,24,48,24;10,0,24,22,48,32
S|1420|10,0,10,22,48,32;22,0,10,32,48,22
S|1421|0,0,10,32,48,22;10,0,22,22,48,32
S|1422|0,0,10,32,48,22;10,0,22,22,48,32
S|1423|8,0,8,24,48,24;10,0,24,22,48,32;24,0,10,32,48,22
S|1424|0,0,10,32,48,22;8,0,8,24,48,10;8,0,22,24,48,24;10,0,24,22,48,32
S|1425|0,0,10,32,48,22;8,0,8,24,48,10;8,0,22,24,48,24;10,0,24,22,48,32
S|1426|10,0,10,22,48,32;22,0,10,32,48,22
S|1427|0,0,10,32,48,22;10,0,22,22,48,32
S|1428|0,0,10,32,48,22;10,0,22,22,48,32
S|1429|8,0,8,24,48,24;10,0,0,22,48,8;24,0,10,32,48,22
S|1430|0,0,10,32,48,22;8,0,8,24,48,10;8,0,22,24,48,24;10,0,0,22,48,8
S|1431|0,0,10,32,48,22;8,0,8,24,48,10;8,0,22,24,48,24;10,0,0,22,48,8
S|1432|10,0,0,22,48,22;22,0,10,32,48,22
S|1433|0,0,10,32,48,22;10,0,0,22,48,10
S|1434|0,0,10,32,48,22;10,0,0,22,48,10
S|1435|8,0,8,24,48,24;10,0,0,22,48,8;10,0,24,22,48,32;24,0,10,32,48,22
S|1436|0,0,10,32,48,22;8,0,8,24,48,10;8,0,22,24,48,24;10,0,0,22,48,8;10,0,24,22,48,32
S|1437|0,0,10,32,48,22;8,0,8,24,48,10;8,0,22,24,48,24;10,0,0,22,48,8;10,0,24,22,48,32
S|1438|10,0,0,22,48,32;22,0,10,32,48,22
S|1439|0,0,10,32,48,22;10,0,0,22,48,10;10,0,22,22,48,32
S|1440|0,0,10,32,48,22;10,0,0,22,48,10;10,0,22,22,48,32
S|1441|8,0,8,24,48,24;10,0,0,22,48,8;10,0,24,22,48,32;24,0,10,32,48,22
S|1442|0,0,10,32,48,22;8,0,8,24,48,10;8,0,22,24,48,24;10,0,0,22,48,8;10,0,24,22,48,32
S|1443|0,0,10,32,48,22;8,0,8,24,48,10;8,0,22,24,48,24;10,0,0,22,48,8;10,0,24,22,48,32
S|1444|10,0,0,22,48,32;22,0,10,32,48,22
S|1445|0,0,10,32,48,22;10,0,0,22,48,10;10,0,22,22,48,32
S|1446|0,0,10,32,48,22;10,0,0,22,48,10;10,0,22,22,48,32
S|1447|8,0,8,24,48,24;10,0,0,22,48,8;24,0,10,32,48,22
S|1448|0,0,10,32,48,22;8,0,8,24,48,10;8,0,22,24,48,24;10,0,0,22,48,8
S|1449|0,0,10,32,48,22;8,0,8,24,48,10;8,0,22,24,48,24;10,0,0,22,48,8
S|1450|10,0,0,22,48,22;22,0,10,32,48,22
S|1451|0,0,10,32,48,22;10,0,0,22,48,10
S|1452|0,0,10,32,48,22;10,0,0,22,48,10
S|1453|8,0,8,24,48,24;10,0,0,22,48,8;10,0,24,22,48,32;24,0,10,32,48,22
S|1454|0,0,10,32,48,22;8,0,8,24,48,10;8,0,22,24,48,24;10,0,0,22,48,8;10,0,24,22,48,32
S|1455|0,0,10,32,48,22;8,0,8,24,48,10;8,0,22,24,48,24;10,0,0,22,48,8;10,0,24,22,48,32
S|1456|10,0,0,22,48,32;22,0,10,32,48,22
S|1457|0,0,10,32,48,22;10,0,0,22,48,10;10,0,22,22,48,32
S|1458|0,0,10,32,48,22;10,0,0,22,48,10;10,0,22,22,48,32
S|1459|8,0,8,24,48,24;10,0,0,22,48,8;10,0,24,22,48,32;24,0,10,32,48,22
S|1460|0,0,10,32,48,22;8,0,8,24,48,10;8,0,22,24,48,24;10,0,0,22,48,8;10,0,24,22,48,32
S|1461|0,0,10,32,48,22;8,0,8,24,48,10;8,0,22,24,48,24;10,0,0,22,48,8;10,0,24,22,48,32
S|1462|10,0,0,22,48,32;22,0,10,32,48,22
S|1463|0,0,10,32,48,22;10,0,0,22,48,10;10,0,22,22,48,32
S|1464|0,0,10,32,48,22;10,0,0,22,48,10;10,0,22,22,48,32
S|1465|8,0,8,24,48,24
S|1466|0,0,10,24,48,22;8,0,8,24,48,10;8,0,22,24,48,24
S|1467|0,0,10,24,48,22;8,0,8,24,48,10;8,0,22,24,48,24
S|1468|0,0,10,22,48,22
S|1469|0,0,10,22,48,22
S|1470|8,0,8,24,48,24;10,0,24,22,48,32
S|1471|0,0,10,24,48,22;8,0,8,24,48,10;8,0,22,24,48,24;10,0,24,22,48,32
S|1472|0,0,10,24,48,22;8,0,8,24,48,10;8,0,22,24,48,24;10,0,24,22,48,32
S|1473|10,0,10,22,48,32
S|1474|0,0,10,22,48,22;10,0,22,22,48,32
S|1475|0,0,10,22,48,22;10,0,22,22,48,32
S|1476|8,0,8,24,48,24;10,0,24,22,48,32
S|1477|0,0,10,24,48,22;8,0,8,24,48,10;8,0,22,24,48,24;10,0,24,22,48,32
S|1478|0,0,10,24,48,22;8,0,8,24,48,10;8,0,22,24,48,24;10,0,24,22,48,32
S|1479|10,0,10,22,48,32
S|1480|0,0,10,22,48,22;10,0,22,22,48,32
S|1481|0,0,10,22,48,22;10,0,22,22,48,32
S|1482|8,0,8,24,48,24;10,0,0,22,48,8
S|1483|0,0,10,24,48,22;8,0,8,24,48,10;8,0,22,24,48,24;10,0,0,22,48,8
S|1484|0,0,10,24,48,22;8,0,8,24,48,10;8,0,22,24,48,24;10,0,0,22,48,8
S|1485|10,0,0,22,48,22
S|1486|0,0,10,22,48,22;10,0,0,22,48,10
S|1487|0,0,10,22,48,22;10,0,0,22,48,10
S|1488|8,0,8,24,48,24;10,0,0,22,48,8;10,0,24,22,48,32
S|1489|0,0,10,24,48,22;8,0,8,24,48,10;8,0,22,24,48,24;10,0,0,22,48,8;10,0,24,22,48,32
S|1490|0,0,10,24,48,22;8,0,8,24,48,10;8,0,22,24,48,24;10,0,0,22,48,8;10,0,24,22,48,32
S|1491|10,0,0,22,48,32
S|1492|0,0,10,22,48,22;10,0,0,22,48,10;10,0,22,22,48,32
S|1493|0,0,10,22,48,22;10,0,0,22,48,10;10,0,22,22,48,32
S|1494|8,0,8,24,48,24;10,0,0,22,48,8;10,0,24,22,48,32
S|1495|0,0,10,24,48,22;8,0,8,24,48,10;8,0,22,24,48,24;10,0,0,22,48,8;10,0,24,22,48,32
S|1496|0,0,10,24,48,22;8,0,8,24,48,10;8,0,22,24,48,24;10,0,0,22,48,8;10,0,24,22,48,32
S|1497|10,0,0,22,48,32
S|1498|0,0,10,22,48,22;10,0,0,22,48,10;10,0,22,22,48,32
S|1499|0,0,10,22,48,22;10,0,0,22,48,10;10,0,22,22,48,32
S|1500|8,0,8,24,48,24;10,0,0,22,48,8
S|1501|0,0,10,24,48,22;8,0,8,24,48,10;8,0,22,24,48,24;10,0,0,22,48,8
S|1502|0,0,10,24,48,22;8,0,8,24,48,10;8,0,22,24,48,24;10,0,0,22,48,8
S|1503|10,0,0,22,48,22
S|1504|0,0,10,22,48,22;10,0,0,22,48,10
S|1505|0,0,10,22,48,22;10,0,0,22,48,10
S|1506|8,0,8,24,48,24;10,0,0,22,48,8;10,0,24,22,48,32
S|1507|0,0,10,24,48,22;8,0,8,24,48,10;8,0,22,24,48,24;10,0,0,22,48,8;10,0,24,22,48,32
S|1508|0,0,10,24,48,22;8,0,8,24,48,10;8,0,22,24,48,24;10,0,0,22,48,8;10,0,24,22,48,32
S|1509|10,0,0,22,48,32
S|1510|0,0,10,22,48,22;10,0,0,22,48,10;10,0,22,22,48,32
S|1511|0,0,10,22,48,22;10,0,0,22,48,10;10,0,22,22,48,32
S|1512|8,0,8,24,48,24;10,0,0,22,48,8;10,0,24,22,48,32
S|1513|0,0,10,24,48,22;8,0,8,24,48,10;8,0,22,24,48,24;10,0,0,22,48,8;10,0,24,22,48,32
S|1514|0,0,10,24,48,22;8,0,8,24,48,10;8,0,22,24,48,24;10,0,0,22,48,8;10,0,24,22,48,32
S|1515|10,0,0,22,48,32
S|1516|0,0,10,22,48,22;10,0,0,22,48,10;10,0,22,22,48,32
S|1517|0,0,10,22,48,22;10,0,0,22,48,10;10,0,22,22,48,32
S|1518|8,0,8,24,48,24;24,0,10,32,48,22
S|1519|0,0,10,32,48,22;8,0,8,24,48,10;8,0,22,24,48,24
S|1520|0,0,10,32,48,22;8,0,8,24,48,10;8,0,22,24,48,24
S|1521|10,0,10,32,48,22
S|1522|0,0,10,32,48,22
S|1523|0,0,10,32,48,22
S|1524|8,0,8,24,48,24;10,0,24,22,48,32;24,0,10,32,48,22
S|1525|0,0,10,32,48,22;8,0,8,24,48,10;8,0,22,24,48,24;10,0,24,22,48,32
S|1526|0,0,10,32,48,22;8,0,8,24,48,10;8,0,22,24,48,24;10,0,24,22,48,32
S|1527|10,0,10,22,48,32;22,0,10,32,48,22
S|1528|0,0,10,32,48,22;10,0,22,22,48,32
S|1529|0,0,10,32,48,22;10,0,22,22,48,32
S|1530|8,0,8,24,48,24;10,0,24,22,48,32;24,0,10,32,48,22
S|1531|0,0,10,32,48,22;8,0,8,24,48,10;8,0,22,24,48,24;10,0,24,22,48,32
S|1532|0,0,10,32,48,22;8,0,8,24,48,10;8,0,22,24,48,24;10,0,24,22,48,32
S|1533|10,0,10,22,48,32;22,0,10,32,48,22
S|1534|0,0,10,32,48,22;10,0,22,22,48,32
S|1535|0,0,10,32,48,22;10,0,22,22,48,32
S|1536|8,0,8,24,48,24;10,0,0,22,48,8;24,0,10,32,48,22
S|1537|0,0,10,32,48,22;8,0,8,24,48,10;8,0,22,24,48,24;10,0,0,22,48,8
S|1538|0,0,10,32,48,22;8,0,8,24,48,10;8,0,22,24,48,24;10,0,0,22,48,8
S|1539|10,0,0,22,48,22;22,0,10,32,48,22
S|1540|0,0,10,32,48,22;10,0,0,22,48,10
S|1541|0,0,10,32,48,22;10,0,0,22,48,10
S|1542|8,0,8,24,48,24;10,0,0,22,48,8;10,0,24,22,48,32;24,0,10,32,48,22
S|1543|0,0,10,32,48,22;8,0,8,24,48,10;8,0,22,24,48,24;10,0,0,22,48,8;10,0,24,22,48,32
S|1544|0,0,10,32,48,22;8,0,8,24,48,10;8,0,22,24,48,24;10,0,0,22,48,8;10,0,24,22,48,32
S|1545|10,0,0,22,48,32;22,0,10,32,48,22
S|1546|0,0,10,32,48,22;10,0,0,22,48,10;10,0,22,22,48,32
S|1547|0,0,10,32,48,22;10,0,0,22,48,10;10,0,22,22,48,32
S|1548|8,0,8,24,48,24;10,0,0,22,48,8;10,0,24,22,48,32;24,0,10,32,48,22
S|1549|0,0,10,32,48,22;8,0,8,24,48,10;8,0,22,24,48,24;10,0,0,22,48,8;10,0,24,22,48,32
S|1550|0,0,10,32,48,22;8,0,8,24,48,10;8,0,22,24,48,24;10,0,0,22,48,8;10,0,24,22,48,32
S|1551|10,0,0,22,48,32;22,0,10,32,48,22
S|1552|0,0,10,32,48,22;10,0,0,22,48,10;10,0,22,22,48,32
S|1553|0,0,10,32,48,22;10,0,0,22,48,10;10,0,22,22,48,32
S|1554|8,0,8,24,48,24;10,0,0,22,48,8;24,0,10,32,48,22
S|1555|0,0,10,32,48,22;8,0,8,24,48,10;8,0,22,24,48,24;10,0,0,22,48,8
S|1556|0,0,10,32,48,22;8,0,8,24,48,10;8,0,22,24,48,24;10,0,0,22,48,8
S|1557|10,0,0,22,48,22;22,0,10,32,48,22
S|1558|0,0,10,32,48,22;10,0,0,22,48,10
S|1559|0,0,10,32,48,22;10,0,0,22,48,10
S|1560|8,0,8,24,48,24;10,0,0,22,48,8;10,0,24,22,48,32;24,0,10,32,48,22
S|1561|0,0,10,32,48,22;8,0,8,24,48,10;8,0,22,24,48,24;10,0,0,22,48,8;10,0,24,22,48,32
S|1562|0,0,10,32,48,22;8,0,8,24,48,10;8,0,22,24,48,24;10,0,0,22,48,8;10,0,24,22,48,32
S|1563|10,0,0,22,48,32;22,0,10,32,48,22
S|1564|0,0,10,32,48,22;10,0,0,22,48,10;10,0,22,22,48,32
S|1565|0,0,10,32,48,22;10,0,0,22,48,10;10,0,22,22,48,32
S|1566|8,0,8,24,48,24;10,0,0,22,48,8;10,0,24,22,48,32;24,0,10,32,48,22
S|1567|0,0,10,32,48,22;8,0,8,24,48,10;8,0,22,24,48,24;10,0,0,22,48,8;10,0,24,22,48,32
S|1568|0,0,10,32,48,22;8,0,8,24,48,10;8,0,22,24,48,24;10,0,0,22,48,8;10,0,24,22,48,32
S|1569|10,0,0,22,48,32;22,0,10,32,48,22
S|1570|0,0,10,32,48,22;10,0,0,22,48,10;10,0,22,22,48,32
S|1571|0,0,10,32,48,22;10,0,0,22,48,10;10,0,22,22,48,32
S|1572|8,0,8,24,48,24;24,0,10,32,48,22
S|1573|0,0,10,32,48,22;8,0,8,24,48,10;8,0,22,24,48,24
S|1574|0,0,10,32,48,22;8,0,8,24,48,10;8,0,22,24,48,24
S|1575|10,0,10,32,48,22
S|1576|0,0,10,32,48,22
S|1577|0,0,10,32,48,22
S|1578|8,0,8,24,48,24;10,0,24,22,48,32;24,0,10,32,48,22
S|1579|0,0,10,32,48,22;8,0,8,24,48,10;8,0,22,24,48,24;10,0,24,22,48,32
S|1580|0,0,10,32,48,22;8,0,8,24,48,10;8,0,22,24,48,24;10,0,24,22,48,32
S|1581|10,0,10,22,48,32;22,0,10,32,48,22
S|1582|0,0,10,32,48,22;10,0,22,22,48,32
S|1583|0,0,10,32,48,22;10,0,22,22,48,32
S|1584|8,0,8,24,48,24;10,0,24,22,48,32;24,0,10,32,48,22
S|1585|0,0,10,32,48,22;8,0,8,24,48,10;8,0,22,24,48,24;10,0,24,22,48,32
S|1586|0,0,10,32,48,22;8,0,8,24,48,10;8,0,22,24,48,24;10,0,24,22,48,32
S|1587|10,0,10,22,48,32;22,0,10,32,48,22
S|1588|0,0,10,32,48,22;10,0,22,22,48,32
S|1589|0,0,10,32,48,22;10,0,22,22,48,32
S|1590|8,0,8,24,48,24;10,0,0,22,48,8;24,0,10,32,48,22
S|1591|0,0,10,32,48,22;8,0,8,24,48,10;8,0,22,24,48,24;10,0,0,22,48,8
S|1592|0,0,10,32,48,22;8,0,8,24,48,10;8,0,22,24,48,24;10,0,0,22,48,8
S|1593|10,0,0,22,48,22;22,0,10,32,48,22
S|1594|0,0,10,32,48,22;10,0,0,22,48,10
S|1595|0,0,10,32,48,22;10,0,0,22,48,10
S|1596|8,0,8,24,48,24;10,0,0,22,48,8;10,0,24,22,48,32;24,0,10,32,48,22
S|1597|0,0,10,32,48,22;8,0,8,24,48,10;8,0,22,24,48,24;10,0,0,22,48,8;10,0,24,22,48,32
S|1598|0,0,10,32,48,22;8,0,8,24,48,10;8,0,22,24,48,24;10,0,0,22,48,8;10,0,24,22,48,32
S|1599|10,0,0,22,48,32;22,0,10,32,48,22
S|1600|0,0,10,32,48,22;10,0,0,22,48,10;10,0,22,22,48,32
S|1601|0,0,10,32,48,22;10,0,0,22,48,10;10,0,22,22,48,32
S|1602|8,0,8,24,48,24;10,0,0,22,48,8;10,0,24,22,48,32;24,0,10,32,48,22
S|1603|0,0,10,32,48,22;8,0,8,24,48,10;8,0,22,24,48,24;10,0,0,22,48,8;10,0,24,22,48,32
S|1604|0,0,10,32,48,22;8,0,8,24,48,10;8,0,22,24,48,24;10,0,0,22,48,8;10,0,24,22,48,32
S|1605|10,0,0,22,48,32;22,0,10,32,48,22
S|1606|0,0,10,32,48,22;10,0,0,22,48,10;10,0,22,22,48,32
S|1607|0,0,10,32,48,22;10,0,0,22,48,10;10,0,22,22,48,32
S|1608|8,0,8,24,48,24;10,0,0,22,48,8;24,0,10,32,48,22
S|1609|0,0,10,32,48,22;8,0,8,24,48,10;8,0,22,24,48,24;10,0,0,22,48,8
S|1610|0,0,10,32,48,22;8,0,8,24,48,10;8,0,22,24,48,24;10,0,0,22,48,8
S|1611|10,0,0,22,48,22;22,0,10,32,48,22
S|1612|0,0,10,32,48,22;10,0,0,22,48,10
S|1613|0,0,10,32,48,22;10,0,0,22,48,10
S|1614|8,0,8,24,48,24;10,0,0,22,48,8;10,0,24,22,48,32;24,0,10,32,48,22
S|1615|0,0,10,32,48,22;8,0,8,24,48,10;8,0,22,24,48,24;10,0,0,22,48,8;10,0,24,22,48,32
S|1616|0,0,10,32,48,22;8,0,8,24,48,10;8,0,22,24,48,24;10,0,0,22,48,8;10,0,24,22,48,32
S|1617|10,0,0,22,48,32;22,0,10,32,48,22
S|1618|0,0,10,32,48,22;10,0,0,22,48,10;10,0,22,22,48,32
S|1619|0,0,10,32,48,22;10,0,0,22,48,10;10,0,22,22,48,32
S|1620|8,0,8,24,48,24;10,0,0,22,48,8;10,0,24,22,48,32;24,0,10,32,48,22
S|1621|0,0,10,32,48,22;8,0,8,24,48,10;8,0,22,24,48,24;10,0,0,22,48,8;10,0,24,22,48,32
S|1622|0,0,10,32,48,22;8,0,8,24,48,10;8,0,22,24,48,24;10,0,0,22,48,8;10,0,24,22,48,32
S|1623|10,0,0,22,48,32;22,0,10,32,48,22
S|1624|0,0,10,32,48,22;10,0,0,22,48,10;10,0,22,22,48,32
S|1625|0,0,10,32,48,22;10,0,0,22,48,10;10,0,22,22,48,32
S|1626|8,0,8,24,48,24
S|1627|0,0,10,24,48,22;8,0,8,24,48,10;8,0,22,24,48,24
S|1628|0,0,10,24,48,22;8,0,8,24,48,10;8,0,22,24,48,24
S|1629|0,0,10,22,48,22
S|1630|0,0,10,22,48,22
S|1631|8,0,8,24,48,24;10,0,24,22,48,32
S|1632|0,0,10,24,48,22;8,0,8,24,48,10;8,0,22,24,48,24;10,0,24,22,48,32
S|1633|0,0,10,24,48,22;8,0,8,24,48,10;8,0,22,24,48,24;10,0,24,22,48,32
S|1634|10,0,10,22,48,32
S|1635|0,0,10,22,48,22;10,0,22,22,48,32
S|1636|0,0,10,22,48,22;10,0,22,22,48,32
S|1637|8,0,8,24,48,24;10,0,24,22,48,32
S|1638|0,0,10,24,48,22;8,0,8,24,48,10;8,0,22,24,48,24;10,0,24,22,48,32
S|1639|0,0,10,24,48,22;8,0,8,24,48,10;8,0,22,24,48,24;10,0,24,22,48,32
S|1640|10,0,10,22,48,32
S|1641|0,0,10,22,48,22;10,0,22,22,48,32
S|1642|0,0,10,22,48,22;10,0,22,22,48,32
S|1643|8,0,8,24,48,24;10,0,0,22,48,8
S|1644|0,0,10,24,48,22;8,0,8,24,48,10;8,0,22,24,48,24;10,0,0,22,48,8
S|1645|0,0,10,24,48,22;8,0,8,24,48,10;8,0,22,24,48,24;10,0,0,22,48,8
S|1646|10,0,0,22,48,22
S|1647|0,0,10,22,48,22;10,0,0,22,48,10
S|1648|0,0,10,22,48,22;10,0,0,22,48,10
S|1649|8,0,8,24,48,24;10,0,0,22,48,8;10,0,24,22,48,32
S|1650|0,0,10,24,48,22;8,0,8,24,48,10;8,0,22,24,48,24;10,0,0,22,48,8;10,0,24,22,48,32
S|1651|0,0,10,24,48,22;8,0,8,24,48,10;8,0,22,24,48,24;10,0,0,22,48,8;10,0,24,22,48,32
S|1652|10,0,0,22,48,32
S|1653|0,0,10,22,48,22;10,0,0,22,48,10;10,0,22,22,48,32
S|1654|0,0,10,22,48,22;10,0,0,22,48,10;10,0,22,22,48,32
S|1655|8,0,8,24,48,24;10,0,0,22,48,8;10,0,24,22,48,32
S|1656|0,0,10,24,48,22;8,0,8,24,48,10;8,0,22,24,48,24;10,0,0,22,48,8;10,0,24,22,48,32
S|1657|0,0,10,24,48,22;8,0,8,24,48,10;8,0,22,24,48,24;10,0,0,22,48,8;10,0,24,22,48,32
S|1658|10,0,0,22,48,32
S|1659|0,0,10,22,48,22;10,0,0,22,48,10;10,0,22,22,48,32
S|1660|0,0,10,22,48,22;10,0,0,22,48,10;10,0,22,22,48,32
S|1661|8,0,8,24,48,24;10,0,0,22,48,8
S|1662|0,0,10,24,48,22;8,0,8,24,48,10;8,0,22,24,48,24;10,0,0,22,48,8
S|1663|0,0,10,24,48,22;8,0,8,24,48,10;8,0,22,24,48,24;10,0,0,22,48,8
S|1664|10,0,0,22,48,22
S|1665|0,0,10,22,48,22;10,0,0,22,48,10
S|1666|0,0,10,22,48,22;10,0,0,22,48,10
S|1667|8,0,8,24,48,24;10,0,0,22,48,8;10,0,24,22,48,32
S|1668|0,0,10,24,48,22;8,0,8,24,48,10;8,0,22,24,48,24;10,0,0,22,48,8;10,0,24,22,48,32
S|1669|0,0,10,24,48,22;8,0,8,24,48,10;8,0,22,24,48,24;10,0,0,22,48,8;10,0,24,22,48,32
S|1670|10,0,0,22,48,32
S|1671|0,0,10,22,48,22;10,0,0,22,48,10;10,0,22,22,48,32
S|1672|0,0,10,22,48,22;10,0,0,22,48,10;10,0,22,22,48,32
S|1673|8,0,8,24,48,24;10,0,0,22,48,8;10,0,24,22,48,32
S|1674|0,0,10,24,48,22;8,0,8,24,48,10;8,0,22,24,48,24;10,0,0,22,48,8;10,0,24,22,48,32
S|1675|0,0,10,24,48,22;8,0,8,24,48,10;8,0,22,24,48,24;10,0,0,22,48,8;10,0,24,22,48,32
S|1676|10,0,0,22,48,32
S|1677|0,0,10,22,48,22;10,0,0,22,48,10;10,0,22,22,48,32
S|1678|0,0,10,22,48,22;10,0,0,22,48,10;10,0,22,22,48,32
S|1679|8,0,8,24,48,24;24,0,10,32,48,22
S|1680|0,0,10,32,48,22;8,0,8,24,48,10;8,0,22,24,48,24
S|1681|0,0,10,32,48,22;8,0,8,24,48,10;8,0,22,24,48,24
S|1682|10,0,10,32,48,22
S|1683|0,0,10,32,48,22
S|1684|0,0,10,32,48,22
S|1685|8,0,8,24,48,24;10,0,24,22,48,32;24,0,10,32,48,22
S|1686|0,0,10,32,48,22;8,0,8,24,48,10;8,0,22,24,48,24;10,0,24,22,48,32
S|1687|0,0,10,32,48,22;8,0,8,24,48,10;8,0,22,24,48,24;10,0,24,22,48,32
S|1688|10,0,10,22,48,32;22,0,10,32,48,22
S|1689|0,0,10,32,48,22;10,0,22,22,48,32
S|1690|0,0,10,32,48,22;10,0,22,22,48,32
S|1691|8,0,8,24,48,24;10,0,24,22,48,32;24,0,10,32,48,22
S|1692|0,0,10,32,48,22;8,0,8,24,48,10;8,0,22,24,48,24;10,0,24,22,48,32
S|1693|0,0,10,32,48,22;8,0,8,24,48,10;8,0,22,24,48,24;10,0,24,22,48,32
S|1694|10,0,10,22,48,32;22,0,10,32,48,22
S|1695|0,0,10,32,48,22;10,0,22,22,48,32
S|1696|0,0,10,32,48,22;10,0,22,22,48,32
S|1697|8,0,8,24,48,24;10,0,0,22,48,8;24,0,10,32,48,22
S|1698|0,0,10,32,48,22;8,0,8,24,48,10;8,0,22,24,48,24;10,0,0,22,48,8
S|1699|0,0,10,32,48,22;8,0,8,24,48,10;8,0,22,24,48,24;10,0,0,22,48,8
S|1700|10,0,0,22,48,22;22,0,10,32,48,22
S|1701|0,0,10,32,48,22;10,0,0,22,48,10
S|1702|0,0,10,32,48,22;10,0,0,22,48,10
S|1703|8,0,8,24,48,24;10,0,0,22,48,8;10,0,24,22,48,32;24,0,10,32,48,22
S|1704|0,0,10,32,48,22;8,0,8,24,48,10;8,0,22,24,48,24;10,0,0,22,48,8;10,0,24,22,48,32
S|1705|0,0,10,32,48,22;8,0,8,24,48,10;8,0,22,24,48,24;10,0,0,22,48,8;10,0,24,22,48,32
S|1706|10,0,0,22,48,32;22,0,10,32,48,22
S|1707|0,0,10,32,48,22;10,0,0,22,48,10;10,0,22,22,48,32
S|1708|0,0,10,32,48,22;10,0,0,22,48,10;10,0,22,22,48,32
S|1709|8,0,8,24,48,24;10,0,0,22,48,8;10,0,24,22,48,32;24,0,10,32,48,22
S|1710|0,0,10,32,48,22;8,0,8,24,48,10;8,0,22,24,48,24;10,0,0,22,48,8;10,0,24,22,48,32
S|1711|0,0,10,32,48,22;8,0,8,24,48,10;8,0,22,24,48,24;10,0,0,22,48,8;10,0,24,22,48,32
S|1712|10,0,0,22,48,32;22,0,10,32,48,22
S|1713|0,0,10,32,48,22;10,0,0,22,48,10;10,0,22,22,48,32
S|1714|0,0,10,32,48,22;10,0,0,22,48,10;10,0,22,22,48,32
S|1715|8,0,8,24,48,24;10,0,0,22,48,8;24,0,10,32,48,22
S|1716|0,0,10,32,48,22;8,0,8,24,48,10;8,0,22,24,48,24;10,0,0,22,48,8
S|1717|0,0,10,32,48,22;8,0,8,24,48,10;8,0,22,24,48,24;10,0,0,22,48,8
S|1718|10,0,0,22,48,22;22,0,10,32,48,22
S|1719|0,0,10,32,48,22;10,0,0,22,48,10
S|1720|0,0,10,32,48,22;10,0,0,22,48,10
S|1721|8,0,8,24,48,24;10,0,0,22,48,8;10,0,24,22,48,32;24,0,10,32,48,22
S|1722|0,0,10,32,48,22;8,0,8,24,48,10;8,0,22,24,48,24;10,0,0,22,48,8;10,0,24,22,48,32
S|1723|0,0,10,32,48,22;8,0,8,24,48,10;8,0,22,24,48,24;10,0,0,22,48,8;10,0,24,22,48,32
S|1724|10,0,0,22,48,32;22,0,10,32,48,22
S|1725|0,0,10,32,48,22;10,0,0,22,48,10;10,0,22,22,48,32
S|1726|0,0,10,32,48,22;10,0,0,22,48,10;10,0,22,22,48,32
S|1727|8,0,8,24,48,24;10,0,0,22,48,8;10,0,24,22,48,32;24,0,10,32,48,22
S|1728|0,0,10,32,48,22;8,0,8,24,48,10;8,0,22,24,48,24;10,0,0,22,48,8;10,0,24,22,48,32
S|1729|0,0,10,32,48,22;8,0,8,24,48,10;8,0,22,24,48,24;10,0,0,22,48,8;10,0,24,22,48,32
S|1730|10,0,0,22,48,32;22,0,10,32,48,22
S|1731|0,0,10,32,48,22;10,0,0,22,48,10;10,0,22,22,48,32
S|1732|0,0,10,32,48,22;10,0,0,22,48,10;10,0,22,22,48,32
S|1733|8,0,8,24,48,24;24,0,10,32,48,22
S|1734|0,0,10,32,48,22;8,0,8,24,48,10;8,0,22,24,48,24
S|1735|0,0,10,32,48,22;8,0,8,24,48,10;8,0,22,24,48,24
S|1736|10,0,10,32,48,22
S|1737|0,0,10,32,48,22
S|1738|0,0,10,32,48,22
S|1739|8,0,8,24,48,24;10,0,24,22,48,32;24,0,10,32,48,22
S|1740|0,0,10,32,48,22;8,0,8,24,48,10;8,0,22,24,48,24;10,0,24,22,48,32
S|1741|0,0,10,32,48,22;8,0,8,24,48,10;8,0,22,24,48,24;10,0,24,22,48,32
S|1742|10,0,10,22,48,32;22,0,10,32,48,22
S|1743|0,0,10,32,48,22;10,0,22,22,48,32
S|1744|0,0,10,32,48,22;10,0,22,22,48,32
S|1745|8,0,8,24,48,24;10,0,24,22,48,32;24,0,10,32,48,22
S|1746|0,0,10,32,48,22;8,0,8,24,48,10;8,0,22,24,48,24;10,0,24,22,48,32
S|1747|0,0,10,32,48,22;8,0,8,24,48,10;8,0,22,24,48,24;10,0,24,22,48,32
S|1748|10,0,10,22,48,32;22,0,10,32,48,22
S|1749|0,0,10,32,48,22;10,0,22,22,48,32
S|1750|0,0,10,32,48,22;10,0,22,22,48,32
S|1751|8,0,8,24,48,24;10,0,0,22,48,8;24,0,10,32,48,22
S|1752|0,0,10,32,48,22;8,0,8,24,48,10;8,0,22,24,48,24;10,0,0,22,48,8
S|1753|0,0,10,32,48,22;8,0,8,24,48,10;8,0,22,24,48,24;10,0,0,22,48,8
S|1754|10,0,0,22,48,22;22,0,10,32,48,22
S|1755|0,0,10,32,48,22;10,0,0,22,48,10
S|1756|0,0,10,32,48,22;10,0,0,22,48,10
S|1757|8,0,8,24,48,24;10,0,0,22,48,8;10,0,24,22,48,32;24,0,10,32,48,22
S|1758|0,0,10,32,48,22;8,0,8,24,48,10;8,0,22,24,48,24;10,0,0,22,48,8;10,0,24,22,48,32
S|1759|0,0,10,32,48,22;8,0,8,24,48,10;8,0,22,24,48,24;10,0,0,22,48,8;10,0,24,22,48,32
S|1760|10,0,0,22,48,32;22,0,10,32,48,22
S|1761|0,0,10,32,48,22;10,0,0,22,48,10;10,0,22,22,48,32
S|1762|0,0,10,32,48,22;10,0,0,22,48,10;10,0,22,22,48,32
S|1763|8,0,8,24,48,24;10,0,0,22,48,8;10,0,24,22,48,32;24,0,10,32,48,22
S|1764|0,0,10,32,48,22;8,0,8,24,48,10;8,0,22,24,48,24;10,0,0,22,48,8;10,0,24,22,48,32
S|1765|0,0,10,32,48,22;8,0,8,24,48,10;8,0,22,24,48,24;10,0,0,22,48,8;10,0,24,22,48,32
S|1766|10,0,0,22,48,32;22,0,10,32,48,22
S|1767|0,0,10,32,48,22;10,0,0,22,48,10;10,0,22,22,48,32
S|1768|0,0,10,32,48,22;10,0,0,22,48,10;10,0,22,22,48,32
S|1769|8,0,8,24,48,24;10,0,0,22,48,8;24,0,10,32,48,22
S|1770|0,0,10,32,48,22;8,0,8,24,48,10;8,0,22,24,48,24;10,0,0,22,48,8
S|1771|0,0,10,32,48,22;8,0,8,24,48,10;8,0,22,24,48,24;10,0,0,22,48,8
S|1772|10,0,0,22,48,22;22,0,10,32,48,22
S|1773|0,0,10,32,48,22;10,0,0,22,48,10
S|1774|0,0,10,32,48,22;10,0,0,22,48,10
S|1775|8,0,8,24,48,24;10,0,0,22,48,8;10,0,24,22,48,32;24,0,10,32,48,22
S|1776|0,0,10,32,48,22;8,0,8,24,48,10;8,0,22,24,48,24;10,0,0,22,48,8;10,0,24,22,48,32
S|1777|0,0,10,32,48,22;8,0,8,24,48,10;8,0,22,24,48,24;10,0,0,22,48,8;10,0,24,22,48,32
S|1778|10,0,0,22,48,32;22,0,10,32,48,22
S|1779|0,0,10,32,48,22;10,0,0,22,48,10;10,0,22,22,48,32
S|1780|0,0,10,32,48,22;10,0,0,22,48,10;10,0,22,22,48,32
S|1781|8,0,8,24,48,24;10,0,0,22,48,8;10,0,24,22,48,32;24,0,10,32,48,22
S|1782|0,0,10,32,48,22;8,0,8,24,48,10;8,0,22,24,48,24;10,0,0,22,48,8;10,0,24,22,48,32
S|1783|0,0,10,32,48,22;8,0,8,24,48,10;8,0,22,24,48,24;10,0,0,22,48,8;10,0,24,22,48,32
S|1784|10,0,0,22,48,32;22,0,10,32,48,22
S|1785|0,0,10,32,48,22;10,0,0,22,48,10;10,0,22,22,48,32
S|1786|0,0,10,32,48,22;10,0,0,22,48,10;10,0,22,22,48,32
S|1787|8,0,8,24,48,24
S|1788|0,0,10,24,48,22;8,0,8,24,48,10;8,0,22,24,48,24
S|1789|0,0,10,24,48,22;8,0,8,24,48,10;8,0,22,24,48,24
S|1790|0,0,10,22,48,22
S|1791|0,0,10,22,48,22
S|1792|8,0,8,24,48,24;10,0,24,22,48,32
S|1793|0,0,10,24,48,22;8,0,8,24,48,10;8,0,22,24,48,24;10,0,24,22,48,32
S|1794|0,0,10,24,48,22;8,0,8,24,48,10;8,0,22,24,48,24;10,0,24,22,48,32
S|1795|10,0,10,22,48,32
S|1796|0,0,10,22,48,22;10,0,22,22,48,32
S|1797|0,0,10,22,48,22;10,0,22,22,48,32
S|1798|8,0,8,24,48,24;10,0,24,22,48,32
S|1799|0,0,10,24,48,22;8,0,8,24,48,10;8,0,22,24,48,24;10,0,24,22,48,32
S|1800|0,0,10,24,48,22;8,0,8,24,48,10;8,0,22,24,48,24;10,0,24,22,48,32
S|1801|10,0,10,22,48,32
S|1802|0,0,10,22,48,22;10,0,22,22,48,32
S|1803|0,0,10,22,48,22;10,0,22,22,48,32
S|1804|8,0,8,24,48,24;10,0,0,22,48,8
S|1805|0,0,10,24,48,22;8,0,8,24,48,10;8,0,22,24,48,24;10,0,0,22,48,8
S|1806|0,0,10,24,48,22;8,0,8,24,48,10;8,0,22,24,48,24;10,0,0,22,48,8
S|1807|10,0,0,22,48,22
S|1808|0,0,10,22,48,22;10,0,0,22,48,10
S|1809|0,0,10,22,48,22;10,0,0,22,48,10
S|1810|8,0,8,24,48,24;10,0,0,22,48,8;10,0,24,22,48,32
S|1811|0,0,10,24,48,22;8,0,8,24,48,10;8,0,22,24,48,24;10,0,0,22,48,8;10,0,24,22,48,32
S|1812|0,0,10,24,48,22;8,0,8,24,48,10;8,0,22,24,48,24;10,0,0,22,48,8;10,0,24,22,48,32
S|1813|10,0,0,22,48,32
S|1814|0,0,10,22,48,22;10,0,0,22,48,10;10,0,22,22,48,32
S|1815|0,0,10,22,48,22;10,0,0,22,48,10;10,0,22,22,48,32
S|1816|8,0,8,24,48,24;10,0,0,22,48,8;10,0,24,22,48,32
S|1817|0,0,10,24,48,22;8,0,8,24,48,10;8,0,22,24,48,24;10,0,0,22,48,8;10,0,24,22,48,32
S|1818|0,0,10,24,48,22;8,0,8,24,48,10;8,0,22,24,48,24;10,0,0,22,48,8;10,0,24,22,48,32
S|1819|10,0,0,22,48,32
S|1820|0,0,10,22,48,22;10,0,0,22,48,10;10,0,22,22,48,32
S|1821|0,0,10,22,48,22;10,0,0,22,48,10;10,0,22,22,48,32
S|1822|8,0,8,24,48,24;10,0,0,22,48,8
S|1823|0,0,10,24,48,22;8,0,8,24,48,10;8,0,22,24,48,24;10,0,0,22,48,8
S|1824|0,0,10,24,48,22;8,0,8,24,48,10;8,0,22,24,48,24;10,0,0,22,48,8
S|1825|10,0,0,22,48,22
S|1826|0,0,10,22,48,22;10,0,0,22,48,10
S|1827|0,0,10,22,48,22;10,0,0,22,48,10
S|1828|8,0,8,24,48,24;10,0,0,22,48,8;10,0,24,22,48,32
S|1829|0,0,10,24,48,22;8,0,8,24,48,10;8,0,22,24,48,24;10,0,0,22,48,8;10,0,24,22,48,32
S|1830|0,0,10,24,48,22;8,0,8,24,48,10;8,0,22,24,48,24;10,0,0,22,48,8;10,0,24,22,48,32
S|1831|10,0,0,22,48,32
S|1832|0,0,10,22,48,22;10,0,0,22,48,10;10,0,22,22,48,32
S|1833|0,0,10,22,48,22;10,0,0,22,48,10;10,0,22,22,48,32
S|1834|8,0,8,24,48,24;10,0,0,22,48,8;10,0,24,22,48,32
S|1835|0,0,10,24,48,22;8,0,8,24,48,10;8,0,22,24,48,24;10,0,0,22,48,8;10,0,24,22,48,32
S|1836|0,0,10,24,48,22;8,0,8,24,48,10;8,0,22,24,48,24;10,0,0,22,48,8;10,0,24,22,48,32
S|1837|10,0,0,22,48,32
S|1838|0,0,10,22,48,22;10,0,0,22,48,10;10,0,22,22,48,32
S|1839|0,0,10,22,48,22;10,0,0,22,48,10;10,0,22,22,48,32
S|1840|8,0,8,24,48,24;24,0,10,32,48,22
S|1841|0,0,10,32,48,22;8,0,8,24,48,10;8,0,22,24,48,24
S|1842|0,0,10,32,48,22;8,0,8,24,48,10;8,0,22,24,48,24
S|1843|10,0,10,32,48,22
S|1844|0,0,10,32,48,22
S|1845|0,0,10,32,48,22
S|1846|8,0,8,24,48,24;10,0,24,22,48,32;24,0,10,32,48,22
S|1847|0,0,10,32,48,22;8,0,8,24,48,10;8,0,22,24,48,24;10,0,24,22,48,32
S|1848|0,0,10,32,48,22;8,0,8,24,48,10;8,0,22,24,48,24;10,0,24,22,48,32
S|1849|10,0,10,22,48,32;22,0,10,32,48,22
S|1850|0,0,10,32,48,22;10,0,22,22,48,32
S|1851|0,0,10,32,48,22;10,0,22,22,48,32
S|1852|8,0,8,24,48,24;10,0,24,22,48,32;24,0,10,32,48,22
S|1853|0,0,10,32,48,22;8,0,8,24,48,10;8,0,22,24,48,24;10,0,24,22,48,32
S|1854|0,0,10,32,48,22;8,0,8,24,48,10;8,0,22,24,48,24;10,0,24,22,48,32
S|1855|10,0,10,22,48,32;22,0,10,32,48,22
S|1856|0,0,10,32,48,22;10,0,22,22,48,32
S|1857|0,0,10,32,48,22;10,0,22,22,48,32
S|1858|8,0,8,24,48,24;10,0,0,22,48,8;24,0,10,32,48,22
S|1859|0,0,10,32,48,22;8,0,8,24,48,10;8,0,22,24,48,24;10,0,0,22,48,8
S|1860|0,0,10,32,48,22;8,0,8,24,48,10;8,0,22,24,48,24;10,0,0,22,48,8
S|1861|10,0,0,22,48,22;22,0,10,32,48,22
S|1862|0,0,10,32,48,22;10,0,0,22,48,10
S|1863|0,0,10,32,48,22;10,0,0,22,48,10
S|1864|8,0,8,24,48,24;10,0,0,22,48,8;10,0,24,22,48,32;24,0,10,32,48,22
S|1865|0,0,10,32,48,22;8,0,8,24,48,10;8,0,22,24,48,24;10,0,0,22,48,8;10,0,24,22,48,32
S|1866|0,0,10,32,48,22;8,0,8,24,48,10;8,0,22,24,48,24;10,0,0,22,48,8;10,0,24,22,48,32
S|1867|10,0,0,22,48,32;22,0,10,32,48,22
S|1868|0,0,10,32,48,22;10,0,0,22,48,10;10,0,22,22,48,32
S|1869|0,0,10,32,48,22;10,0,0,22,48,10;10,0,22,22,48,32
S|1870|8,0,8,24,48,24;10,0,0,22,48,8;10,0,24,22,48,32;24,0,10,32,48,22
S|1871|0,0,10,32,48,22;8,0,8,24,48,10;8,0,22,24,48,24;10,0,0,22,48,8;10,0,24,22,48,32
S|1872|0,0,10,32,48,22;8,0,8,24,48,10;8,0,22,24,48,24;10,0,0,22,48,8;10,0,24,22,48,32
S|1873|10,0,0,22,48,32;22,0,10,32,48,22
S|1874|0,0,10,32,48,22;10,0,0,22,48,10;10,0,22,22,48,32
S|1875|0,0,10,32,48,22;10,0,0,22,48,10;10,0,22,22,48,32
S|1876|8,0,8,24,48,24;10,0,0,22,48,8;24,0,10,32,48,22
S|1877|0,0,10,32,48,22;8,0,8,24,48,10;8,0,22,24,48,24;10,0,0,22,48,8
S|1878|0,0,10,32,48,22;8,0,8,24,48,10;8,0,22,24,48,24;10,0,0,22,48,8
S|1879|10,0,0,22,48,22;22,0,10,32,48,22
S|1880|0,0,10,32,48,22;10,0,0,22,48,10
S|1881|0,0,10,32,48,22;10,0,0,22,48,10
S|1882|8,0,8,24,48,24;10,0,0,22,48,8;10,0,24,22,48,32;24,0,10,32,48,22
S|1883|0,0,10,32,48,22;8,0,8,24,48,10;8,0,22,24,48,24;10,0,0,22,48,8;10,0,24,22,48,32
S|1884|0,0,10,32,48,22;8,0,8,24,48,10;8,0,22,24,48,24;10,0,0,22,48,8;10,0,24,22,48,32
S|1885|10,0,0,22,48,32;22,0,10,32,48,22
S|1886|0,0,10,32,48,22;10,0,0,22,48,10;10,0,22,22,48,32
S|1887|0,0,10,32,48,22;10,0,0,22,48,10;10,0,22,22,48,32
S|1888|8,0,8,24,48,24;10,0,0,22,48,8;10,0,24,22,48,32;24,0,10,32,48,22
S|1889|0,0,10,32,48,22;8,0,8,24,48,10;8,0,22,24,48,24;10,0,0,22,48,8;10,0,24,22,48,32
S|1890|0,0,10,32,48,22;8,0,8,24,48,10;8,0,22,24,48,24;10,0,0,22,48,8;10,0,24,22,48,32
S|1891|10,0,0,22,48,32;22,0,10,32,48,22
S|1892|0,0,10,32,48,22;10,0,0,22,48,10;10,0,22,22,48,32
S|1893|0,0,10,32,48,22;10,0,0,22,48,10;10,0,22,22,48,32
S|1894|8,0,8,24,48,24;24,0,10,32,48,22
S|1895|0,0,10,32,48,22;8,0,8,24,48,10;8,0,22,24,48,24
S|1896|0,0,10,32,48,22;8,0,8,24,48,10;8,0,22,24,48,24
S|1897|10,0,10,32,48,22
S|1898|0,0,10,32,48,22
S|1899|0,0,10,32,48,22
S|1900|8,0,8,24,48,24;10,0,24,22,48,32;24,0,10,32,48,22
S|1901|0,0,10,32,48,22;8,0,8,24,48,10;8,0,22,24,48,24;10,0,24,22,48,32
S|1902|0,0,10,32,48,22;8,0,8,24,48,10;8,0,22,24,48,24;10,0,24,22,48,32
S|1903|10,0,10,22,48,32;22,0,10,32,48,22
S|1904|0,0,10,32,48,22;10,0,22,22,48,32
S|1905|0,0,10,32,48,22;10,0,22,22,48,32
S|1906|8,0,8,24,48,24;10,0,24,22,48,32;24,0,10,32,48,22
S|1907|0,0,10,32,48,22;8,0,8,24,48,10;8,0,22,24,48,24;10,0,24,22,48,32
S|1908|0,0,10,32,48,22;8,0,8,24,48,10;8,0,22,24,48,24;10,0,24,22,48,32
S|1909|10,0,10,22,48,32;22,0,10,32,48,22
S|1910|0,0,10,32,48,22;10,0,22,22,48,32
S|1911|0,0,10,32,48,22;10,0,22,22,48,32
S|1912|8,0,8,24,48,24;10,0,0,22,48,8;24,0,10,32,48,22
S|1913|0,0,10,32,48,22;8,0,8,24,48,10;8,0,22,24,48,24;10,0,0,22,48,8
S|1914|0,0,10,32,48,22;8,0,8,24,48,10;8,0,22,24,48,24;10,0,0,22,48,8
S|1915|10,0,0,22,48,22;22,0,10,32,48,22
S|1916|0,0,10,32,48,22;10,0,0,22,48,10
S|1917|0,0,10,32,48,22;10,0,0,22,48,10
S|1918|8,0,8,24,48,24;10,0,0,22,48,8;10,0,24,22,48,32;24,0,10,32,48,22
S|1919|0,0,10,32,48,22;8,0,8,24,48,10;8,0,22,24,48,24;10,0,0,22,48,8;10,0,24,22,48,32
S|1920|0,0,10,32,48,22;8,0,8,24,48,10;8,0,22,24,48,24;10,0,0,22,48,8;10,0,24,22,48,32
S|1921|10,0,0,22,48,32;22,0,10,32,48,22
S|1922|0,0,10,32,48,22;10,0,0,22,48,10;10,0,22,22,48,32
S|1923|0,0,10,32,48,22;10,0,0,22,48,10;10,0,22,22,48,32
S|1924|8,0,8,24,48,24;10,0,0,22,48,8;10,0,24,22,48,32;24,0,10,32,48,22
S|1925|0,0,10,32,48,22;8,0,8,24,48,10;8,0,22,24,48,24;10,0,0,22,48,8;10,0,24,22,48,32
S|1926|0,0,10,32,48,22;8,0,8,24,48,10;8,0,22,24,48,24;10,0,0,22,48,8;10,0,24,22,48,32
S|1927|10,0,0,22,48,32;22,0,10,32,48,22
S|1928|0,0,10,32,48,22;10,0,0,22,48,10;10,0,22,22,48,32
S|1929|0,0,10,32,48,22;10,0,0,22,48,10;10,0,22,22,48,32
S|1930|8,0,8,24,48,24;10,0,0,22,48,8;24,0,10,32,48,22
S|1931|0,0,10,32,48,22;8,0,8,24,48,10;8,0,22,24,48,24;10,0,0,22,48,8
S|1932|0,0,10,32,48,22;8,0,8,24,48,10;8,0,22,24,48,24;10,0,0,22,48,8
S|1933|10,0,0,22,48,22;22,0,10,32,48,22
S|1934|0,0,10,32,48,22;10,0,0,22,48,10
S|1935|0,0,10,32,48,22;10,0,0,22,48,10
S|1936|8,0,8,24,48,24;10,0,0,22,48,8;10,0,24,22,48,32;24,0,10,32,48,22
S|1937|0,0,10,32,48,22;8,0,8,24,48,10;8,0,22,24,48,24;10,0,0,22,48,8;10,0,24,22,48,32
S|1938|0,0,10,32,48,22;8,0,8,24,48,10;8,0,22,24,48,24;10,0,0,22,48,8;10,0,24,22,48,32
S|1939|10,0,0,22,48,32;22,0,10,32,48,22
S|1940|0,0,10,32,48,22;10,0,0,22,48,10;10,0,22,22,48,32
S|1941|0,0,10,32,48,22;10,0,0,22,48,10;10,0,22,22,48,32
S|1942|8,0,8,24,48,24;10,0,0,22,48,8;10,0,24,22,48,32;24,0,10,32,48,22
S|1943|0,0,10,32,48,22;8,0,8,24,48,10;8,0,22,24,48,24;10,0,0,22,48,8;10,0,24,22,48,32
S|1944|0,0,10,32,48,22;8,0,8,24,48,10;8,0,22,24,48,24;10,0,0,22,48,8;10,0,24,22,48,32
S|1945|10,0,0,22,48,32;22,0,10,32,48,22
S|1946|0,0,10,32,48,22;10,0,0,22,48,10;10,0,22,22,48,32
S|1947|0,0,10,32,48,22;10,0,0,22,48,10;10,0,22,22,48,32
S|1948|8,0,8,24,48,24
S|1949|0,0,10,24,48,22;8,0,8,24,48,10;8,0,22,24,48,24
S|1950|0,0,10,24,48,22;8,0,8,24,48,10;8,0,22,24,48,24
S|1951|0,0,10,22,48,22
S|1952|0,0,10,22,48,22
S|1953|8,0,8,24,48,24;10,0,24,22,48,32
S|1954|0,0,10,24,48,22;8,0,8,24,48,10;8,0,22,24,48,24;10,0,24,22,48,32
S|1955|0,0,10,24,48,22;8,0,8,24,48,10;8,0,22,24,48,24;10,0,24,22,48,32
S|1956|10,0,10,22,48,32
S|1957|0,0,10,22,48,22;10,0,22,22,48,32
S|1958|0,0,10,22,48,22;10,0,22,22,48,32
S|1959|8,0,8,24,48,24;10,0,24,22,48,32
S|1960|0,0,10,24,48,22;8,0,8,24,48,10;8,0,22,24,48,24;10,0,24,22,48,32
S|1961|0,0,10,24,48,22;8,0,8,24,48,10;8,0,22,24,48,24;10,0,24,22,48,32
S|1962|10,0,10,22,48,32
S|1963|0,0,10,22,48,22;10,0,22,22,48,32
S|1964|0,0,10,22,48,22;10,0,22,22,48,32
S|1965|8,0,8,24,48,24;10,0,0,22,48,8
S|1966|0,0,10,24,48,22;8,0,8,24,48,10;8,0,22,24,48,24;10,0,0,22,48,8
S|1967|0,0,10,24,48,22;8,0,8,24,48,10;8,0,22,24,48,24;10,0,0,22,48,8
S|1968|10,0,0,22,48,22
S|1969|0,0,10,22,48,22;10,0,0,22,48,10
S|1970|0,0,10,22,48,22;10,0,0,22,48,10
S|1971|8,0,8,24,48,24;10,0,0,22,48,8;10,0,24,22,48,32
S|1972|0,0,10,24,48,22;8,0,8,24,48,10;8,0,22,24,48,24;10,0,0,22,48,8;10,0,24,22,48,32
S|1973|0,0,10,24,48,22;8,0,8,24,48,10;8,0,22,24,48,24;10,0,0,22,48,8;10,0,24,22,48,32
S|1974|10,0,0,22,48,32
S|1975|0,0,10,22,48,22;10,0,0,22,48,10;10,0,22,22,48,32
S|1976|0,0,10,22,48,22;10,0,0,22,48,10;10,0,22,22,48,32
S|1977|8,0,8,24,48,24;10,0,0,22,48,8;10,0,24,22,48,32
S|1978|0,0,10,24,48,22;8,0,8,24,48,10;8,0,22,24,48,24;10,0,0,22,48,8;10,0,24,22,48,32
S|1979|0,0,10,24,48,22;8,0,8,24,48,10;8,0,22,24,48,24;10,0,0,22,48,8;10,0,24,22,48,32
S|1980|10,0,0,22,48,32
S|1981|0,0,10,22,48,22;10,0,0,22,48,10;10,0,22,22,48,32
S|1982|0,0,10,22,48,22;10,0,0,22,48,10;10,0,22,22,48,32
S|1983|8,0,8,24,48,24;10,0,0,22,48,8
S|1984|0,0,10,24,48,22;8,0,8,24,48,10;8,0,22,24,48,24;10,0,0,22,48,8
S|1985|0,0,10,24,48,22;8,0,8,24,48,10;8,0,22,24,48,24;10,0,0,22,48,8
S|1986|10,0,0,22,48,22
S|1987|0,0,10,22,48,22;10,0,0,22,48,10
S|1988|0,0,10,22,48,22;10,0,0,22,48,10
S|1989|8,0,8,24,48,24;10,0,0,22,48,8;10,0,24,22,48,32
S|1990|0,0,10,24,48,22;8,0,8,24,48,10;8,0,22,24,48,24;10,0,0,22,48,8;10,0,24,22,48,32
S|1991|0,0,10,24,48,22;8,0,8,24,48,10;8,0,22,24,48,24;10,0,0,22,48,8;10,0,24,22,48,32
S|1992|10,0,0,22,48,32
S|1993|0,0,10,22,48,22;10,0,0,22,48,10;10,0,22,22,48,32
S|1994|0,0,10,22,48,22;10,0,0,22,48,10;10,0,22,22,48,32
S|1995|8,0,8,24,48,24;10,0,0,22,48,8;10,0,24,22,48,32
S|1996|0,0,10,24,48,22;8,0,8,24,48,10;8,0,22,24,48,24;10,0,0,22,48,8;10,0,24,22,48,32
S|1997|0,0,10,24,48,22;8,0,8,24,48,10;8,0,22,24,48,24;10,0,0,22,48,8;10,0,24,22,48,32
S|1998|10,0,0,22,48,32
S|1999|0,0,10,22,48,22;10,0,0,22,48,10;10,0,22,22,48,32
S|2000|0,0,10,22,48,22;10,0,0,22,48,10;10,0,22,22,48,32
S|2001|8,0,8,24,48,24;24,0,10,32,48,22
S|2002|0,0,10,32,48,22;8,0,8,24,48,10;8,0,22,24,48,24
S|2003|0,0,10,32,48,22;8,0,8,24,48,10;8,0,22,24,48,24
S|2004|10,0,10,32,48,22
S|2005|0,0,10,32,48,22
S|2006|0,0,10,32,48,22
S|2007|8,0,8,24,48,24;10,0,24,22,48,32;24,0,10,32,48,22
S|2008|0,0,10,32,48,22;8,0,8,24,48,10;8,0,22,24,48,24;10,0,24,22,48,32
S|2009|0,0,10,32,48,22;8,0,8,24,48,10;8,0,22,24,48,24;10,0,24,22,48,32
S|2010|10,0,10,22,48,32;22,0,10,32,48,22
S|2011|0,0,10,32,48,22;10,0,22,22,48,32
S|2012|0,0,10,32,48,22;10,0,22,22,48,32
S|2013|8,0,8,24,48,24;10,0,24,22,48,32;24,0,10,32,48,22
S|2014|0,0,10,32,48,22;8,0,8,24,48,10;8,0,22,24,48,24;10,0,24,22,48,32
S|2015|0,0,10,32,48,22;8,0,8,24,48,10;8,0,22,24,48,24;10,0,24,22,48,32
S|2016|10,0,10,22,48,32;22,0,10,32,48,22
S|2017|0,0,10,32,48,22;10,0,22,22,48,32
S|2018|0,0,10,32,48,22;10,0,22,22,48,32
S|2019|8,0,8,24,48,24;10,0,0,22,48,8;24,0,10,32,48,22
S|2020|0,0,10,32,48,22;8,0,8,24,48,10;8,0,22,24,48,24;10,0,0,22,48,8
S|2021|0,0,10,32,48,22;8,0,8,24,48,10;8,0,22,24,48,24;10,0,0,22,48,8
S|2022|10,0,0,22,48,22;22,0,10,32,48,22
S|2023|0,0,10,32,48,22;10,0,0,22,48,10
S|2024|0,0,10,32,48,22;10,0,0,22,48,10
S|2025|8,0,8,24,48,24;10,0,0,22,48,8;10,0,24,22,48,32;24,0,10,32,48,22
S|2026|0,0,10,32,48,22;8,0,8,24,48,10;8,0,22,24,48,24;10,0,0,22,48,8;10,0,24,22,48,32
S|2027|0,0,10,32,48,22;8,0,8,24,48,10;8,0,22,24,48,24;10,0,0,22,48,8;10,0,24,22,48,32
S|2028|10,0,0,22,48,32;22,0,10,32,48,22
S|2029|0,0,10,32,48,22;10,0,0,22,48,10;10,0,22,22,48,32
S|2030|0,0,10,32,48,22;10,0,0,22,48,10;10,0,22,22,48,32
S|2031|8,0,8,24,48,24;10,0,0,22,48,8;10,0,24,22,48,32;24,0,10,32,48,22
S|2032|0,0,10,32,48,22;8,0,8,24,48,10;8,0,22,24,48,24;10,0,0,22,48,8;10,0,24,22,48,32
S|2033|0,0,10,32,48,22;8,0,8,24,48,10;8,0,22,24,48,24;10,0,0,22,48,8;10,0,24,22,48,32
S|2034|10,0,0,22,48,32;22,0,10,32,48,22
S|2035|0,0,10,32,48,22;10,0,0,22,48,10;10,0,22,22,48,32
S|2036|0,0,10,32,48,22;10,0,0,22,48,10;10,0,22,22,48,32
S|2037|8,0,8,24,48,24;10,0,0,22,48,8;24,0,10,32,48,22
S|2038|0,0,10,32,48,22;8,0,8,24,48,10;8,0,22,24,48,24;10,0,0,22,48,8
S|2039|0,0,10,32,48,22;8,0,8,24,48,10;8,0,22,24,48,24;10,0,0,22,48,8
S|2040|10,0,0,22,48,22;22,0,10,32,48,22
S|2041|0,0,10,32,48,22;10,0,0,22,48,10
S|2042|0,0,10,32,48,22;10,0,0,22,48,10
S|2043|8,0,8,24,48,24;10,0,0,22,48,8;10,0,24,22,48,32;24,0,10,32,48,22
S|2044|0,0,10,32,48,22;8,0,8,24,48,10;8,0,22,24,48,24;10,0,0,22,48,8;10,0,24,22,48,32
S|2045|0,0,10,32,48,22;8,0,8,24,48,10;8,0,22,24,48,24;10,0,0,22,48,8;10,0,24,22,48,32
S|2046|10,0,0,22,48,32;22,0,10,32,48,22
S|2047|0,0,10,32,48,22;10,0,0,22,48,10;10,0,22,22,48,32
S|2048|0,0,10,32,48,22;10,0,0,22,48,10;10,0,22,22,48,32
S|2049|8,0,8,24,48,24;10,0,0,22,48,8;10,0,24,22,48,32;24,0,10,32,48,22
S|2050|0,0,10,32,48,22;8,0,8,24,48,10;8,0,22,24,48,24;10,0,0,22,48,8;10,0,24,22,48,32
S|2051|0,0,10,32,48,22;8,0,8,24,48,10;8,0,22,24,48,24;10,0,0,22,48,8;10,0,24,22,48,32
S|2052|10,0,0,22,48,32;22,0,10,32,48,22
S|2053|0,0,10,32,48,22;10,0,0,22,48,10;10,0,22,22,48,32
S|2054|0,0,10,32,48,22;10,0,0,22,48,10;10,0,22,22,48,32
S|2055|8,0,8,24,48,24;24,0,10,32,48,22
S|2056|0,0,10,32,48,22;8,0,8,24,48,10;8,0,22,24,48,24
S|2057|0,0,10,32,48,22;8,0,8,24,48,10;8,0,22,24,48,24
S|2058|10,0,10,32,48,22
S|2059|0,0,10,32,48,22
S|2060|0,0,10,32,48,22
S|2061|8,0,8,24,48,24;10,0,24,22,48,32;24,0,10,32,48,22
S|2062|0,0,10,32,48,22;8,0,8,24,48,10;8,0,22,24,48,24;10,0,24,22,48,32
S|2063|0,0,10,32,48,22;8,0,8,24,48,10;8,0,22,24,48,24;10,0,24,22,48,32
S|2064|10,0,10,22,48,32;22,0,10,32,48,22
S|2065|0,0,10,32,48,22;10,0,22,22,48,32
S|2066|0,0,10,32,48,22;10,0,22,22,48,32
S|2067|8,0,8,24,48,24;10,0,24,22,48,32;24,0,10,32,48,22
S|2068|0,0,10,32,48,22;8,0,8,24,48,10;8,0,22,24,48,24;10,0,24,22,48,32
S|2069|0,0,10,32,48,22;8,0,8,24,48,10;8,0,22,24,48,24;10,0,24,22,48,32
S|2070|10,0,10,22,48,32;22,0,10,32,48,22
S|2071|0,0,10,32,48,22;10,0,22,22,48,32
S|2072|0,0,10,32,48,22;10,0,22,22,48,32
S|2073|8,0,8,24,48,24;10,0,0,22,48,8;24,0,10,32,48,22
S|2074|0,0,10,32,48,22;8,0,8,24,48,10;8,0,22,24,48,24;10,0,0,22,48,8
S|2075|0,0,10,32,48,22;8,0,8,24,48,10;8,0,22,24,48,24;10,0,0,22,48,8
S|2076|10,0,0,22,48,22;22,0,10,32,48,22
S|2077|0,0,10,32,48,22;10,0,0,22,48,10
S|2078|0,0,10,32,48,22;10,0,0,22,48,10
S|2079|8,0,8,24,48,24;10,0,0,22,48,8;10,0,24,22,48,32;24,0,10,32,48,22
S|2080|0,0,10,32,48,22;8,0,8,24,48,10;8,0,22,24,48,24;10,0,0,22,48,8;10,0,24,22,48,32
S|2081|0,0,10,32,48,22;8,0,8,24,48,10;8,0,22,24,48,24;10,0,0,22,48,8;10,0,24,22,48,32
S|2082|10,0,0,22,48,32;22,0,10,32,48,22
S|2083|0,0,10,32,48,22;10,0,0,22,48,10;10,0,22,22,48,32
S|2084|0,0,10,32,48,22;10,0,0,22,48,10;10,0,22,22,48,32
S|2085|8,0,8,24,48,24;10,0,0,22,48,8;10,0,24,22,48,32;24,0,10,32,48,22
S|2086|0,0,10,32,48,22;8,0,8,24,48,10;8,0,22,24,48,24;10,0,0,22,48,8;10,0,24,22,48,32
S|2087|0,0,10,32,48,22;8,0,8,24,48,10;8,0,22,24,48,24;10,0,0,22,48,8;10,0,24,22,48,32
S|2088|10,0,0,22,48,32;22,0,10,32,48,22
S|2089|0,0,10,32,48,22;10,0,0,22,48,10;10,0,22,22,48,32
S|2090|0,0,10,32,48,22;10,0,0,22,48,10;10,0,22,22,48,32
S|2091|8,0,8,24,48,24;10,0,0,22,48,8;24,0,10,32,48,22
S|2092|0,0,10,32,48,22;8,0,8,24,48,10;8,0,22,24,48,24;10,0,0,22,48,8
S|2093|0,0,10,32,48,22;8,0,8,24,48,10;8,0,22,24,48,24;10,0,0,22,48,8
S|2094|10,0,0,22,48,22;22,0,10,32,48,22
S|2095|0,0,10,32,48,22;10,0,0,22,48,10
S|2096|0,0,10,32,48,22;10,0,0,22,48,10
S|2097|8,0,8,24,48,24;10,0,0,22,48,8;10,0,24,22,48,32;24,0,10,32,48,22
S|2098|0,0,10,32,48,22;8,0,8,24,48,10;8,0,22,24,48,24;10,0,0,22,48,8;10,0,24,22,48,32
S|2099|0,0,10,32,48,22;8,0,8,24,48,10;8,0,22,24,48,24;10,0,0,22,48,8;10,0,24,22,48,32
S|2100|10,0,0,22,48,32;22,0,10,32,48,22
S|2101|0,0,10,32,48,22;10,0,0,22,48,10;10,0,22,22,48,32
S|2102|0,0,10,32,48,22;10,0,0,22,48,10;10,0,22,22,48,32
S|2103|8,0,8,24,48,24;10,0,0,22,48,8;10,0,24,22,48,32;24,0,10,32,48,22
S|2104|0,0,10,32,48,22;8,0,8,24,48,10;8,0,22,24,48,24;10,0,0,22,48,8;10,0,24,22,48,32
S|2105|0,0,10,32,48,22;8,0,8,24,48,10;8,0,22,24,48,24;10,0,0,22,48,8;10,0,24,22,48,32
S|2106|10,0,0,22,48,32;22,0,10,32,48,22
S|2107|0,0,10,32,48,22;10,0,0,22,48,10;10,0,22,22,48,32
S|2108|0,0,10,32,48,22;10,0,0,22,48,10;10,0,22,22,48,32
S|2109|8,0,8,24,48,24
S|2110|0,0,10,24,48,22;8,0,8,24,48,10;8,0,22,24,48,24
S|2111|0,0,10,24,48,22;8,0,8,24,48,10;8,0,22,24,48,24
S|2112|0,0,10,22,48,22
S|2113|0,0,10,22,48,22
S|2114|8,0,8,24,48,24;10,0,24,22,48,32
S|2115|0,0,10,24,48,22;8,0,8,24,48,10;8,0,22,24,48,24;10,0,24,22,48,32
S|2116|0,0,10,24,48,22;8,0,8,24,48,10;8,0,22,24,48,24;10,0,24,22,48,32
S|2117|10,0,10,22,48,32
S|2118|0,0,10,22,48,22;10,0,22,22,48,32
S|2119|0,0,10,22,48,22;10,0,22,22,48,32
S|2120|8,0,8,24,48,24;10,0,24,22,48,32
S|2121|0,0,10,24,48,22;8,0,8,24,48,10;8,0,22,24,48,24;10,0,24,22,48,32
S|2122|0,0,10,24,48,22;8,0,8,24,48,10;8,0,22,24,48,24;10,0,24,22,48,32
S|2123|10,0,10,22,48,32
S|2124|0,0,10,22,48,22;10,0,22,22,48,32
S|2125|0,0,10,22,48,22;10,0,22,22,48,32
S|2126|8,0,8,24,48,24;10,0,0,22,48,8
S|2127|0,0,10,24,48,22;8,0,8,24,48,10;8,0,22,24,48,24;10,0,0,22,48,8
S|2128|0,0,10,24,48,22;8,0,8,24,48,10;8,0,22,24,48,24;10,0,0,22,48,8
S|2129|10,0,0,22,48,22
S|2130|0,0,10,22,48,22;10,0,0,22,48,10
S|2131|0,0,10,22,48,22;10,0,0,22,48,10
S|2132|8,0,8,24,48,24;10,0,0,22,48,8;10,0,24,22,48,32
S|2133|0,0,10,24,48,22;8,0,8,24,48,10;8,0,22,24,48,24;10,0,0,22,48,8;10,0,24,22,48,32
S|2134|0,0,10,24,48,22;8,0,8,24,48,10;8,0,22,24,48,24;10,0,0,22,48,8;10,0,24,22,48,32
S|2135|10,0,0,22,48,32
S|2136|0,0,10,22,48,22;10,0,0,22,48,10;10,0,22,22,48,32
S|2137|0,0,10,22,48,22;10,0,0,22,48,10;10,0,22,22,48,32
S|2138|8,0,8,24,48,24;10,0,0,22,48,8;10,0,24,22,48,32
S|2139|0,0,10,24,48,22;8,0,8,24,48,10;8,0,22,24,48,24;10,0,0,22,48,8;10,0,24,22,48,32
S|2140|0,0,10,24,48,22;8,0,8,24,48,10;8,0,22,24,48,24;10,0,0,22,48,8;10,0,24,22,48,32
S|2141|10,0,0,22,48,32
S|2142|0,0,10,22,48,22;10,0,0,22,48,10;10,0,22,22,48,32
S|2143|0,0,10,22,48,22;10,0,0,22,48,10;10,0,22,22,48,32
S|2144|8,0,8,24,48,24;10,0,0,22,48,8
S|2145|0,0,10,24,48,22;8,0,8,24,48,10;8,0,22,24,48,24;10,0,0,22,48,8
S|2146|0,0,10,24,48,22;8,0,8,24,48,10;8,0,22,24,48,24;10,0,0,22,48,8
S|2147|10,0,0,22,48,22
S|2148|0,0,10,22,48,22;10,0,0,22,48,10
S|2149|0,0,10,22,48,22;10,0,0,22,48,10
S|2150|8,0,8,24,48,24;10,0,0,22,48,8;10,0,24,22,48,32
S|2151|0,0,10,24,48,22;8,0,8,24,48,10;8,0,22,24,48,24;10,0,0,22,48,8;10,0,24,22,48,32
S|2152|0,0,10,24,48,22;8,0,8,24,48,10;8,0,22,24,48,24;10,0,0,22,48,8;10,0,24,22,48,32
S|2153|10,0,0,22,48,32
S|2154|0,0,10,22,48,22;10,0,0,22,48,10;10,0,22,22,48,32
S|2155|0,0,10,22,48,22;10,0,0,22,48,10;10,0,22,22,48,32
S|2156|8,0,8,24,48,24;10,0,0,22,48,8;10,0,24,22,48,32
S|2157|0,0,10,24,48,22;8,0,8,24,48,10;8,0,22,24,48,24;10,0,0,22,48,8;10,0,24,22,48,32
S|2158|0,0,10,24,48,22;8,0,8,24,48,10;8,0,22,24,48,24;10,0,0,22,48,8;10,0,24,22,48,32
S|2159|10,0,0,22,48,32
S|2160|0,0,10,22,48,22;10,0,0,22,48,10;10,0,22,22,48,32
S|2161|0,0,10,22,48,22;10,0,0,22,48,10;10,0,22,22,48,32
S|2162|8,0,8,24,48,24;24,0,10,32,48,22
S|2163|0,0,10,32,48,22;8,0,8,24,48,10;8,0,22,24,48,24
S|2164|0,0,10,32,48,22;8,0,8,24,48,10;8,0,22,24,48,24
S|2165|10,0,10,32,48,22
S|2166|0,0,10,32,48,22
S|2167|0,0,10,32,48,22
S|2168|8,0,8,24,48,24;10,0,24,22,48,32;24,0,10,32,48,22
S|2169|0,0,10,32,48,22;8,0,8,24,48,10;8,0,22,24,48,24;10,0,24,22,48,32
S|2170|0,0,10,32,48,22;8,0,8,24,48,10;8,0,22,24,48,24;10,0,24,22,48,32
S|2171|10,0,10,22,48,32;22,0,10,32,48,22
S|2172|0,0,10,32,48,22;10,0,22,22,48,32
S|2173|0,0,10,32,48,22;10,0,22,22,48,32
S|2174|8,0,8,24,48,24;10,0,24,22,48,32;24,0,10,32,48,22
S|2175|0,0,10,32,48,22;8,0,8,24,48,10;8,0,22,24,48,24;10,0,24,22,48,32
S|2176|0,0,10,32,48,22;8,0,8,24,48,10;8,0,22,24,48,24;10,0,24,22,48,32
S|2177|10,0,10,22,48,32;22,0,10,32,48,22
S|2178|0,0,10,32,48,22;10,0,22,22,48,32
S|2179|0,0,10,32,48,22;10,0,22,22,48,32
S|2180|8,0,8,24,48,24;10,0,0,22,48,8;24,0,10,32,48,22
S|2181|0,0,10,32,48,22;8,0,8,24,48,10;8,0,22,24,48,24;10,0,0,22,48,8
S|2182|0,0,10,32,48,22;8,0,8,24,48,10;8,0,22,24,48,24;10,0,0,22,48,8
S|2183|10,0,0,22,48,22;22,0,10,32,48,22
S|2184|0,0,10,32,48,22;10,0,0,22,48,10
S|2185|0,0,10,32,48,22;10,0,0,22,48,10
S|2186|8,0,8,24,48,24;10,0,0,22,48,8;10,0,24,22,48,32;24,0,10,32,48,22
S|2187|0,0,10,32,48,22;8,0,8,24,48,10;8,0,22,24,48,24;10,0,0,22,48,8;10,0,24,22,48,32
S|2188|0,0,10,32,48,22;8,0,8,24,48,10;8,0,22,24,48,24;10,0,0,22,48,8;10,0,24,22,48,32
S|2189|10,0,0,22,48,32;22,0,10,32,48,22
S|2190|0,0,10,32,48,22;10,0,0,22,48,10;10,0,22,22,48,32
S|2191|0,0,10,32,48,22;10,0,0,22,48,10;10,0,22,22,48,32
S|2192|8,0,8,24,48,24;10,0,0,22,48,8;10,0,24,22,48,32;24,0,10,32,48,22
S|2193|0,0,10,32,48,22;8,0,8,24,48,10;8,0,22,24,48,24;10,0,0,22,48,8;10,0,24,22,48,32
S|2194|0,0,10,32,48,22;8,0,8,24,48,10;8,0,22,24,48,24;10,0,0,22,48,8;10,0,24,22,48,32
S|2195|10,0,0,22,48,32;22,0,10,32,48,22
S|2196|0,0,10,32,48,22;10,0,0,22,48,10;10,0,22,22,48,32
S|2197|0,0,10,32,48,22;10,0,0,22,48,10;10,0,22,22,48,32
S|2198|8,0,8,24,48,24;10,0,0,22,48,8;24,0,10,32,48,22
S|2199|0,0,10,32,48,22;8,0,8,24,48,10;8,0,22,24,48,24;10,0,0,22,48,8
S|2200|0,0,10,32,48,22;8,0,8,24,48,10;8,0,22,24,48,24;10,0,0,22,48,8
S|2201|10,0,0,22,48,22;22,0,10,32,48,22
S|2202|0,0,10,32,48,22;10,0,0,22,48,10
S|2203|0,0,10,32,48,22;10,0,0,22,48,10
S|2204|8,0,8,24,48,24;10,0,0,22,48,8;10,0,24,22,48,32;24,0,10,32,48,22
S|2205|0,0,10,32,48,22;8,0,8,24,48,10;8,0,22,24,48,24;10,0,0,22,48,8;10,0,24,22,48,32
S|2206|0,0,10,32,48,22;8,0,8,24,48,10;8,0,22,24,48,24;10,0,0,22,48,8;10,0,24,22,48,32
S|2207|10,0,0,22,48,32;22,0,10,32,48,22
S|2208|0,0,10,32,48,22;10,0,0,22,48,10;10,0,22,22,48,32
S|2209|0,0,10,32,48,22;10,0,0,22,48,10;10,0,22,22,48,32
S|2210|8,0,8,24,48,24;10,0,0,22,48,8;10,0,24,22,48,32;24,0,10,32,48,22
S|2211|0,0,10,32,48,22;8,0,8,24,48,10;8,0,22,24,48,24;10,0,0,22,48,8;10,0,24,22,48,32
S|2212|0,0,10,32,48,22;8,0,8,24,48,10;8,0,22,24,48,24;10,0,0,22,48,8;10,0,24,22,48,32
S|2213|10,0,0,22,48,32;22,0,10,32,48,22
S|2214|0,0,10,32,48,22;10,0,0,22,48,10;10,0,22,22,48,32
S|2215|0,0,10,32,48,22;10,0,0,22,48,10;10,0,22,22,48,32
S|2216|8,0,8,24,48,24;24,0,10,32,48,22
S|2217|0,0,10,32,48,22;8,0,8,24,48,10;8,0,22,24,48,24
S|2218|0,0,10,32,48,22;8,0,8,24,48,10;8,0,22,24,48,24
S|2219|10,0,10,32,48,22
S|2220|0,0,10,32,48,22
S|2221|0,0,10,32,48,22
S|2222|8,0,8,24,48,24;10,0,24,22,48,32;24,0,10,32,48,22
S|2223|0,0,10,32,48,22;8,0,8,24,48,10;8,0,22,24,48,24;10,0,24,22,48,32
S|2224|0,0,10,32,48,22;8,0,8,24,48,10;8,0,22,24,48,24;10,0,24,22,48,32
S|2225|10,0,10,22,48,32;22,0,10,32,48,22
S|2226|0,0,10,32,48,22;10,0,22,22,48,32
S|2227|0,0,10,32,48,22;10,0,22,22,48,32
S|2228|8,0,8,24,48,24;10,0,24,22,48,32;24,0,10,32,48,22
S|2229|0,0,10,32,48,22;8,0,8,24,48,10;8,0,22,24,48,24;10,0,24,22,48,32
S|2230|0,0,10,32,48,22;8,0,8,24,48,10;8,0,22,24,48,24;10,0,24,22,48,32
S|2231|10,0,10,22,48,32;22,0,10,32,48,22
S|2232|0,0,10,32,48,22;10,0,22,22,48,32
S|2233|0,0,10,32,48,22;10,0,22,22,48,32
S|2234|8,0,8,24,48,24;10,0,0,22,48,8;24,0,10,32,48,22
S|2235|0,0,10,32,48,22;8,0,8,24,48,10;8,0,22,24,48,24;10,0,0,22,48,8
S|2236|0,0,10,32,48,22;8,0,8,24,48,10;8,0,22,24,48,24;10,0,0,22,48,8
S|2237|10,0,0,22,48,22;22,0,10,32,48,22
S|2238|0,0,10,32,48,22;10,0,0,22,48,10
S|2239|0,0,10,32,48,22;10,0,0,22,48,10
S|2240|8,0,8,24,48,24;10,0,0,22,48,8;10,0,24,22,48,32;24,0,10,32,48,22
S|2241|0,0,10,32,48,22;8,0,8,24,48,10;8,0,22,24,48,24;10,0,0,22,48,8;10,0,24,22,48,32
S|2242|0,0,10,32,48,22;8,0,8,24,48,10;8,0,22,24,48,24;10,0,0,22,48,8;10,0,24,22,48,32
S|2243|10,0,0,22,48,32;22,0,10,32,48,22
S|2244|0,0,10,32,48,22;10,0,0,22,48,10;10,0,22,22,48,32
S|2245|0,0,10,32,48,22;10,0,0,22,48,10;10,0,22,22,48,32
S|2246|8,0,8,24,48,24;10,0,0,22,48,8;10,0,24,22,48,32;24,0,10,32,48,22
S|2247|0,0,10,32,48,22;8,0,8,24,48,10;8,0,22,24,48,24;10,0,0,22,48,8;10,0,24,22,48,32
S|2248|0,0,10,32,48,22;8,0,8,24,48,10;8,0,22,24,48,24;10,0,0,22,48,8;10,0,24,22,48,32
S|2249|10,0,0,22,48,32;22,0,10,32,48,22
S|2250|0,0,10,32,48,22;10,0,0,22,48,10;10,0,22,22,48,32
S|2251|0,0,10,32,48,22;10,0,0,22,48,10;10,0,22,22,48,32
S|2252|8,0,8,24,48,24;10,0,0,22,48,8;24,0,10,32,48,22
S|2253|0,0,10,32,48,22;8,0,8,24,48,10;8,0,22,24,48,24;10,0,0,22,48,8
S|2254|0,0,10,32,48,22;8,0,8,24,48,10;8,0,22,24,48,24;10,0,0,22,48,8
S|2255|10,0,0,22,48,22;22,0,10,32,48,22
S|2256|0,0,10,32,48,22;10,0,0,22,48,10
S|2257|0,0,10,32,48,22;10,0,0,22,48,10
S|2258|8,0,8,24,48,24;10,0,0,22,48,8;10,0,24,22,48,32;24,0,10,32,48,22
S|2259|0,0,10,32,48,22;8,0,8,24,48,10;8,0,22,24,48,24;10,0,0,22,48,8;10,0,24,22,48,32
S|2260|0,0,10,32,48,22;8,0,8,24,48,10;8,0,22,24,48,24;10,0,0,22,48,8;10,0,24,22,48,32
S|2261|10,0,0,22,48,32;22,0,10,32,48,22
S|2262|0,0,10,32,48,22;10,0,0,22,48,10;10,0,22,22,48,32
S|2263|0,0,10,32,48,22;10,0,0,22,48,10;10,0,22,22,48,32
S|2264|8,0,8,24,48,24;10,0,0,22,48,8;10,0,24,22,48,32;24,0,10,32,48,22
S|2265|0,0,10,32,48,22;8,0,8,24,48,10;8,0,22,24,48,24;10,0,0,22,48,8;10,0,24,22,48,32
S|2266|0,0,10,32,48,22;8,0,8,24,48,10;8,0,22,24,48,24;10,0,0,22,48,8;10,0,24,22,48,32
S|2267|10,0,0,22,48,32;22,0,10,32,48,22
S|2268|0,0,10,32,48,22;10,0,0,22,48,10;10,0,22,22,48,32
S|2269|0,0,10,32,48,22;10,0,0,22,48,10;10,0,22,22,48,32
S|2270|8,0,8,24,48,24
S|2271|0,0,10,24,48,22;8,0,8,24,48,10;8,0,22,24,48,24
S|2272|0,0,10,24,48,22;8,0,8,24,48,10;8,0,22,24,48,24
S|2273|0,0,10,22,48,22
S|2274|0,0,10,22,48,22
S|2275|8,0,8,24,48,24;10,0,24,22,48,32
S|2276|0,0,10,24,48,22;8,0,8,24,48,10;8,0,22,24,48,24;10,0,24,22,48,32
S|2277|0,0,10,24,48,22;8,0,8,24,48,10;8,0,22,24,48,24;10,0,24,22,48,32
S|2278|10,0,10,22,48,32
S|2279|0,0,10,22,48,22;10,0,22,22,48,32
S|2280|0,0,10,22,48,22;10,0,22,22,48,32
S|2281|8,0,8,24,48,24;10,0,24,22,48,32
S|2282|0,0,10,24,48,22;8,0,8,24,48,10;8,0,22,24,48,24;10,0,24,22,48,32
S|2283|0,0,10,24,48,22;8,0,8,24,48,10;8,0,22,24,48,24;10,0,24,22,48,32
S|2284|10,0,10,22,48,32
S|2285|0,0,10,22,48,22;10,0,22,22,48,32
S|2286|0,0,10,22,48,22;10,0,22,22,48,32
S|2287|8,0,8,24,48,24;10,0,0,22,48,8
S|2288|0,0,10,24,48,22;8,0,8,24,48,10;8,0,22,24,48,24;10,0,0,22,48,8
S|2289|0,0,10,24,48,22;8,0,8,24,48,10;8,0,22,24,48,24;10,0,0,22,48,8
S|2290|10,0,0,22,48,22
S|2291|0,0,10,22,48,22;10,0,0,22,48,10
S|2292|0,0,10,22,48,22;10,0,0,22,48,10
S|2293|8,0,8,24,48,24;10,0,0,22,48,8;10,0,24,22,48,32
S|2294|0,0,10,24,48,22;8,0,8,24,48,10;8,0,22,24,48,24;10,0,0,22,48,8;10,0,24,22,48,32
S|2295|0,0,10,24,48,22;8,0,8,24,48,10;8,0,22,24,48,24;10,0,0,22,48,8;10,0,24,22,48,32
S|2296|10,0,0,22,48,32
S|2297|0,0,10,22,48,22;10,0,0,22,48,10;10,0,22,22,48,32
S|2298|0,0,10,22,48,22;10,0,0,22,48,10;10,0,22,22,48,32
S|2299|8,0,8,24,48,24;10,0,0,22,48,8;10,0,24,22,48,32
S|2300|0,0,10,24,48,22;8,0,8,24,48,10;8,0,22,24,48,24;10,0,0,22,48,8;10,0,24,22,48,32
S|2301|0,0,10,24,48,22;8,0,8,24,48,10;8,0,22,24,48,24;10,0,0,22,48,8;10,0,24,22,48,32
S|2302|10,0,0,22,48,32
S|2303|0,0,10,22,48,22;10,0,0,22,48,10;10,0,22,22,48,32
S|2304|0,0,10,22,48,22;10,0,0,22,48,10;10,0,22,22,48,32
S|2305|8,0,8,24,48,24;10,0,0,22,48,8
S|2306|0,0,10,24,48,22;8,0,8,24,48,10;8,0,22,24,48,24;10,0,0,22,48,8
S|2307|0,0,10,24,48,22;8,0,8,24,48,10;8,0,22,24,48,24;10,0,0,22,48,8
S|2308|10,0,0,22,48,22
S|2309|0,0,10,22,48,22;10,0,0,22,48,10
S|2310|0,0,10,22,48,22;10,0,0,22,48,10
S|2311|8,0,8,24,48,24;10,0,0,22,48,8;10,0,24,22,48,32
S|2312|0,0,10,24,48,22;8,0,8,24,48,10;8,0,22,24,48,24;10,0,0,22,48,8;10,0,24,22,48,32
S|2313|0,0,10,24,48,22;8,0,8,24,48,10;8,0,22,24,48,24;10,0,0,22,48,8;10,0,24,22,48,32
S|2314|10,0,0,22,48,32
S|2315|0,0,10,22,48,22;10,0,0,22,48,10;10,0,22,22,48,32
S|2316|0,0,10,22,48,22;10,0,0,22,48,10;10,0,22,22,48,32
S|2317|8,0,8,24,48,24;10,0,0,22,48,8;10,0,24,22,48,32
S|2318|0,0,10,24,48,22;8,0,8,24,48,10;8,0,22,24,48,24;10,0,0,22,48,8;10,0,24,22,48,32
S|2319|0,0,10,24,48,22;8,0,8,24,48,10;8,0,22,24,48,24;10,0,0,22,48,8;10,0,24,22,48,32
S|2320|10,0,0,22,48,32
S|2321|0,0,10,22,48,22;10,0,0,22,48,10;10,0,22,22,48,32
S|2322|0,0,10,22,48,22;10,0,0,22,48,10;10,0,22,22,48,32
S|2323|8,0,8,24,48,24;24,0,10,32,48,22
S|2324|0,0,10,32,48,22;8,0,8,24,48,10;8,0,22,24,48,24
S|2325|0,0,10,32,48,22;8,0,8,24,48,10;8,0,22,24,48,24
S|2326|10,0,10,32,48,22
S|2327|0,0,10,32,48,22
S|2328|0,0,10,32,48,22
S|2329|8,0,8,24,48,24;10,0,24,22,48,32;24,0,10,32,48,22
S|2330|0,0,10,32,48,22;8,0,8,24,48,10;8,0,22,24,48,24;10,0,24,22,48,32
S|2331|0,0,10,32,48,22;8,0,8,24,48,10;8,0,22,24,48,24;10,0,24,22,48,32
S|2332|10,0,10,22,48,32;22,0,10,32,48,22
S|2333|0,0,10,32,48,22;10,0,22,22,48,32
S|2334|0,0,10,32,48,22;10,0,22,22,48,32
S|2335|8,0,8,24,48,24;10,0,24,22,48,32;24,0,10,32,48,22
S|2336|0,0,10,32,48,22;8,0,8,24,48,10;8,0,22,24,48,24;10,0,24,22,48,32
S|2337|0,0,10,32,48,22;8,0,8,24,48,10;8,0,22,24,48,24;10,0,24,22,48,32
S|2338|10,0,10,22,48,32;22,0,10,32,48,22
S|2339|0,0,10,32,48,22;10,0,22,22,48,32
S|2340|0,0,10,32,48,22;10,0,22,22,48,32
S|2341|8,0,8,24,48,24;10,0,0,22,48,8;24,0,10,32,48,22
S|2342|0,0,10,32,48,22;8,0,8,24,48,10;8,0,22,24,48,24;10,0,0,22,48,8
S|2343|0,0,10,32,48,22;8,0,8,24,48,10;8,0,22,24,48,24;10,0,0,22,48,8
S|2344|10,0,0,22,48,22;22,0,10,32,48,22
S|2345|0,0,10,32,48,22;10,0,0,22,48,10
S|2346|0,0,10,32,48,22;10,0,0,22,48,10
S|2347|8,0,8,24,48,24;10,0,0,22,48,8;10,0,24,22,48,32;24,0,10,32,48,22
S|2348|0,0,10,32,48,22;8,0,8,24,48,10;8,0,22,24,48,24;10,0,0,22,48,8;10,0,24,22,48,32
S|2349|0,0,10,32,48,22;8,0,8,24,48,10;8,0,22,24,48,24;10,0,0,22,48,8;10,0,24,22,48,32
S|2350|10,0,0,22,48,32;22,0,10,32,48,22
S|2351|0,0,10,32,48,22;10,0,0,22,48,10;10,0,22,22,48,32
S|2352|0,0,10,32,48,22;10,0,0,22,48,10;10,0,22,22,48,32
S|2353|8,0,8,24,48,24;10,0,0,22,48,8;10,0,24,22,48,32;24,0,10,32,48,22
S|2354|0,0,10,32,48,22;8,0,8,24,48,10;8,0,22,24,48,24;10,0,0,22,48,8;10,0,24,22,48,32
S|2355|0,0,10,32,48,22;8,0,8,24,48,10;8,0,22,24,48,24;10,0,0,22,48,8;10,0,24,22,48,32
S|2356|10,0,0,22,48,32;22,0,10,32,48,22
S|2357|0,0,10,32,48,22;10,0,0,22,48,10;10,0,22,22,48,32
S|2358|0,0,10,32,48,22;10,0,0,22,48,10;10,0,22,22,48,32
S|2359|8,0,8,24,48,24;10,0,0,22,48,8;24,0,10,32,48,22
S|2360|0,0,10,32,48,22;8,0,8,24,48,10;8,0,22,24,48,24;10,0,0,22,48,8
S|2361|0,0,10,32,48,22;8,0,8,24,48,10;8,0,22,24,48,24;10,0,0,22,48,8
S|2362|10,0,0,22,48,22;22,0,10,32,48,22
S|2363|0,0,10,32,48,22;10,0,0,22,48,10
S|2364|0,0,10,32,48,22;10,0,0,22,48,10
S|2365|8,0,8,24,48,24;10,0,0,22,48,8;10,0,24,22,48,32;24,0,10,32,48,22
S|2366|0,0,10,32,48,22;8,0,8,24,48,10;8,0,22,24,48,24;10,0,0,22,48,8;10,0,24,22,48,32
S|2367|0,0,10,32,48,22;8,0,8,24,48,10;8,0,22,24,48,24;10,0,0,22,48,8;10,0,24,22,48,32
S|2368|10,0,0,22,48,32;22,0,10,32,48,22
S|2369|0,0,10,32,48,22;10,0,0,22,48,10;10,0,22,22,48,32
S|2370|0,0,10,32,48,22;10,0,0,22,48,10;10,0,22,22,48,32
S|2371|8,0,8,24,48,24;10,0,0,22,48,8;10,0,24,22,48,32;24,0,10,32,48,22
S|2372|0,0,10,32,48,22;8,0,8,24,48,10;8,0,22,24,48,24;10,0,0,22,48,8;10,0,24,22,48,32
S|2373|0,0,10,32,48,22;8,0,8,24,48,10;8,0,22,24,48,24;10,0,0,22,48,8;10,0,24,22,48,32
S|2374|10,0,0,22,48,32;22,0,10,32,48,22
S|2375|0,0,10,32,48,22;10,0,0,22,48,10;10,0,22,22,48,32
S|2376|0,0,10,32,48,22;10,0,0,22,48,10;10,0,22,22,48,32
S|2377|8,0,8,24,48,24;24,0,10,32,48,22
S|2378|0,0,10,32,48,22;8,0,8,24,48,10;8,0,22,24,48,24
S|2379|0,0,10,32,48,22;8,0,8,24,48,10;8,0,22,24,48,24
S|2380|10,0,10,32,48,22
S|2381|0,0,10,32,48,22
S|2382|0,0,10,32,48,22
S|2383|8,0,8,24,48,24;10,0,24,22,48,32;24,0,10,32,48,22
S|2384|0,0,10,32,48,22;8,0,8,24,48,10;8,0,22,24,48,24;10,0,24,22,48,32
S|2385|0,0,10,32,48,22;8,0,8,24,48,10;8,0,22,24,48,24;10,0,24,22,48,32
S|2386|10,0,10,22,48,32;22,0,10,32,48,22
S|2387|0,0,10,32,48,22;10,0,22,22,48,32
S|2388|0,0,10,32,48,22;10,0,22,22,48,32
S|2389|8,0,8,24,48,24;10,0,24,22,48,32;24,0,10,32,48,22
S|2390|0,0,10,32,48,22;8,0,8,24,48,10;8,0,22,24,48,24;10,0,24,22,48,32
S|2391|0,0,10,32,48,22;8,0,8,24,48,10;8,0,22,24,48,24;10,0,24,22,48,32
S|2392|10,0,10,22,48,32;22,0,10,32,48,22
S|2393|0,0,10,32,48,22;10,0,22,22,48,32
S|2394|0,0,10,32,48,22;10,0,22,22,48,32
S|2395|8,0,8,24,48,24;10,0,0,22,48,8;24,0,10,32,48,22
S|2396|0,0,10,32,48,22;8,0,8,24,48,10;8,0,22,24,48,24;10,0,0,22,48,8
S|2397|0,0,10,32,48,22;8,0,8,24,48,10;8,0,22,24,48,24;10,0,0,22,48,8
S|2398|10,0,0,22,48,22;22,0,10,32,48,22
S|2399|0,0,10,32,48,22;10,0,0,22,48,10
S|2400|0,0,10,32,48,22;10,0,0,22,48,10
S|2401|8,0,8,24,48,24;10,0,0,22,48,8;10,0,24,22,48,32;24,0,10,32,48,22
S|2402|0,0,10,32,48,22;8,0,8,24,48,10;8,0,22,24,48,24;10,0,0,22,48,8;10,0,24,22,48,32
S|2403|0,0,10,32,48,22;8,0,8,24,48,10;8,0,22,24,48,24;10,0,0,22,48,8;10,0,24,22,48,32
S|2404|10,0,0,22,48,32;22,0,10,32,48,22
S|2405|0,0,10,32,48,22;10,0,0,22,48,10;10,0,22,22,48,32
S|2406|0,0,10,32,48,22;10,0,0,22,48,10;10,0,22,22,48,32
S|2407|8,0,8,24,48,24;10,0,0,22,48,8;10,0,24,22,48,32;24,0,10,32,48,22
S|2408|0,0,10,32,48,22;8,0,8,24,48,10;8,0,22,24,48,24;10,0,0,22,48,8;10,0,24,22,48,32
S|2409|0,0,10,32,48,22;8,0,8,24,48,10;8,0,22,24,48,24;10,0,0,22,48,8;10,0,24,22,48,32
S|2410|10,0,0,22,48,32;22,0,10,32,48,22
S|2411|0,0,10,32,48,22;10,0,0,22,48,10;10,0,22,22,48,32
S|2412|0,0,10,32,48,22;10,0,0,22,48,10;10,0,22,22,48,32
S|2413|8,0,8,24,48,24;10,0,0,22,48,8;24,0,10,32,48,22
S|2414|0,0,10,32,48,22;8,0,8,24,48,10;8,0,22,24,48,24;10,0,0,22,48,8
S|2415|0,0,10,32,48,22;8,0,8,24,48,10;8,0,22,24,48,24;10,0,0,22,48,8
S|2416|10,0,0,22,48,22;22,0,10,32,48,22
S|2417|0,0,10,32,48,22;10,0,0,22,48,10
S|2418|0,0,10,32,48,22;10,0,0,22,48,10
S|2419|8,0,8,24,48,24;10,0,0,22,48,8;10,0,24,22,48,32;24,0,10,32,48,22
S|2420|0,0,10,32,48,22;8,0,8,24,48,10;8,0,22,24,48,24;10,0,0,22,48,8;10,0,24,22,48,32
S|2421|0,0,10,32,48,22;8,0,8,24,48,10;8,0,22,24,48,24;10,0,0,22,48,8;10,0,24,22,48,32
S|2422|10,0,0,22,48,32;22,0,10,32,48,22
S|2423|0,0,10,32,48,22;10,0,0,22,48,10;10,0,22,22,48,32
S|2424|0,0,10,32,48,22;10,0,0,22,48,10;10,0,22,22,48,32
S|2425|8,0,8,24,48,24;10,0,0,22,48,8;10,0,24,22,48,32;24,0,10,32,48,22
S|2426|0,0,10,32,48,22;8,0,8,24,48,10;8,0,22,24,48,24;10,0,0,22,48,8;10,0,24,22,48,32
S|2427|0,0,10,32,48,22;8,0,8,24,48,10;8,0,22,24,48,24;10,0,0,22,48,8;10,0,24,22,48,32
S|2428|10,0,0,22,48,32;22,0,10,32,48,22
S|2429|0,0,10,32,48,22;10,0,0,22,48,10;10,0,22,22,48,32
S|2430|0,0,10,32,48,22;10,0,0,22,48,10;10,0,22,22,48,32
S|2431|8,0,8,24,48,24
S|2432|0,0,10,24,48,22;8,0,8,24,48,10;8,0,22,24,48,24
S|2433|0,0,10,24,48,22;8,0,8,24,48,10;8,0,22,24,48,24
S|2434|0,0,10,22,48,22
S|2435|0,0,10,22,48,22
S|2436|8,0,8,24,48,24;10,0,24,22,48,32
S|2437|0,0,10,24,48,22;8,0,8,24,48,10;8,0,22,24,48,24;10,0,24,22,48,32
S|2438|0,0,10,24,48,22;8,0,8,24,48,10;8,0,22,24,48,24;10,0,24,22,48,32
S|2439|10,0,10,22,48,32
S|2440|0,0,10,22,48,22;10,0,22,22,48,32
S|2441|0,0,10,22,48,22;10,0,22,22,48,32
S|2442|8,0,8,24,48,24;10,0,24,22,48,32
S|2443|0,0,10,24,48,22;8,0,8,24,48,10;8,0,22,24,48,24;10,0,24,22,48,32
S|2444|0,0,10,24,48,22;8,0,8,24,48,10;8,0,22,24,48,24;10,0,24,22,48,32
S|2445|10,0,10,22,48,32
S|2446|0,0,10,22,48,22;10,0,22,22,48,32
S|2447|0,0,10,22,48,22;10,0,22,22,48,32
S|2448|8,0,8,24,48,24;10,0,0,22,48,8
S|2449|0,0,10,24,48,22;8,0,8,24,48,10;8,0,22,24,48,24;10,0,0,22,48,8
S|2450|0,0,10,24,48,22;8,0,8,24,48,10;8,0,22,24,48,24;10,0,0,22,48,8
S|2451|10,0,0,22,48,22
S|2452|0,0,10,22,48,22;10,0,0,22,48,10
S|2453|0,0,10,22,48,22;10,0,0,22,48,10
S|2454|8,0,8,24,48,24;10,0,0,22,48,8;10,0,24,22,48,32
S|2455|0,0,10,24,48,22;8,0,8,24,48,10;8,0,22,24,48,24;10,0,0,22,48,8;10,0,24,22,48,32
S|2456|0,0,10,24,48,22;8,0,8,24,48,10;8,0,22,24,48,24;10,0,0,22,48,8;10,0,24,22,48,32
S|2457|10,0,0,22,48,32
S|2458|0,0,10,22,48,22;10,0,0,22,48,10;10,0,22,22,48,32
S|2459|0,0,10,22,48,22;10,0,0,22,48,10;10,0,22,22,48,32
S|2460|8,0,8,24,48,24;10,0,0,22,48,8;10,0,24,22,48,32
S|2461|0,0,10,24,48,22;8,0,8,24,48,10;8,0,22,24,48,24;10,0,0,22,48,8;10,0,24,22,48,32
S|2462|0,0,10,24,48,22;8,0,8,24,48,10;8,0,22,24,48,24;10,0,0,22,48,8;10,0,24,22,48,32
S|2463|10,0,0,22,48,32
S|2464|0,0,10,22,48,22;10,0,0,22,48,10;10,0,22,22,48,32
S|2465|0,0,10,22,48,22;10,0,0,22,48,10;10,0,22,22,48,32
S|2466|8,0,8,24,48,24;10,0,0,22,48,8
S|2467|0,0,10,24,48,22;8,0,8,24,48,10;8,0,22,24,48,24;10,0,0,22,48,8
S|2468|0,0,10,24,48,22;8,0,8,24,48,10;8,0,22,24,48,24;10,0,0,22,48,8
S|2469|10,0,0,22,48,22
S|2470|0,0,10,22,48,22;10,0,0,22,48,10
S|2471|0,0,10,22,48,22;10,0,0,22,48,10
S|2472|8,0,8,24,48,24;10,0,0,22,48,8;10,0,24,22,48,32
S|2473|0,0,10,24,48,22;8,0,8,24,48,10;8,0,22,24,48,24;10,0,0,22,48,8;10,0,24,22,48,32
S|2474|0,0,10,24,48,22;8,0,8,24,48,10;8,0,22,24,48,24;10,0,0,22,48,8;10,0,24,22,48,32
S|2475|10,0,0,22,48,32
S|2476|0,0,10,22,48,22;10,0,0,22,48,10;10,0,22,22,48,32
S|2477|0,0,10,22,48,22;10,0,0,22,48,10;10,0,22,22,48,32
S|2478|8,0,8,24,48,24;10,0,0,22,48,8;10,0,24,22,48,32
S|2479|0,0,10,24,48,22;8,0,8,24,48,10;8,0,22,24,48,24;10,0,0,22,48,8;10,0,24,22,48,32
S|2480|0,0,10,24,48,22;8,0,8,24,48,10;8,0,22,24,48,24;10,0,0,22,48,8;10,0,24,22,48,32
S|2481|10,0,0,22,48,32
S|2482|0,0,10,22,48,22;10,0,0,22,48,10;10,0,22,22,48,32
S|2483|0,0,10,22,48,22;10,0,0,22,48,10;10,0,22,22,48,32
S|2484|8,0,8,24,48,24;24,0,10,32,48,22
S|2485|0,0,10,32,48,22;8,0,8,24,48,10;8,0,22,24,48,24
S|2486|0,0,10,32,48,22;8,0,8,24,48,10;8,0,22,24,48,24
S|2487|10,0,10,32,48,22
S|2488|0,0,10,32,48,22
S|2489|0,0,10,32,48,22
S|2490|8,0,8,24,48,24;10,0,24,22,48,32;24,0,10,32,48,22
S|2491|0,0,10,32,48,22;8,0,8,24,48,10;8,0,22,24,48,24;10,0,24,22,48,32
S|2492|0,0,10,32,48,22;8,0,8,24,48,10;8,0,22,24,48,24;10,0,24,22,48,32
S|2493|10,0,10,22,48,32;22,0,10,32,48,22
S|2494|0,0,10,32,48,22;10,0,22,22,48,32
S|2495|0,0,10,32,48,22;10,0,22,22,48,32
S|2496|8,0,8,24,48,24;10,0,24,22,48,32;24,0,10,32,48,22
S|2497|0,0,10,32,48,22;8,0,8,24,48,10;8,0,22,24,48,24;10,0,24,22,48,32
S|2498|0,0,10,32,48,22;8,0,8,24,48,10;8,0,22,24,48,24;10,0,24,22,48,32
S|2499|10,0,10,22,48,32;22,0,10,32,48,22
S|2500|0,0,10,32,48,22;10,0,22,22,48,32
S|2501|0,0,10,32,48,22;10,0,22,22,48,32
S|2502|8,0,8,24,48,24;10,0,0,22,48,8;24,0,10,32,48,22
S|2503|0,0,10,32,48,22;8,0,8,24,48,10;8,0,22,24,48,24;10,0,0,22,48,8
S|2504|0,0,10,32,48,22;8,0,8,24,48,10;8,0,22,24,48,24;10,0,0,22,48,8
S|2505|10,0,0,22,48,22;22,0,10,32,48,22
S|2506|0,0,10,32,48,22;10,0,0,22,48,10
S|2507|0,0,10,32,48,22;10,0,0,22,48,10
S|2508|8,0,8,24,48,24;10,0,0,22,48,8;10,0,24,22,48,32;24,0,10,32,48,22
S|2509|0,0,10,32,48,22;8,0,8,24,48,10;8,0,22,24,48,24;10,0,0,22,48,8;10,0,24,22,48,32
S|2510|0,0,10,32,48,22;8,0,8,24,48,10;8,0,22,24,48,24;10,0,0,22,48,8;10,0,24,22,48,32
S|2511|10,0,0,22,48,32;22,0,10,32,48,22
S|2512|0,0,10,32,48,22;10,0,0,22,48,10;10,0,22,22,48,32
S|2513|0,0,10,32,48,22;10,0,0,22,48,10;10,0,22,22,48,32
S|2514|8,0,8,24,48,24;10,0,0,22,48,8;10,0,24,22,48,32;24,0,10,32,48,22
S|2515|0,0,10,32,48,22;8,0,8,24,48,10;8,0,22,24,48,24;10,0,0,22,48,8;10,0,24,22,48,32
S|2516|0,0,10,32,48,22;8,0,8,24,48,10;8,0,22,24,48,24;10,0,0,22,48,8;10,0,24,22,48,32
S|2517|10,0,0,22,48,32;22,0,10,32,48,22
S|2518|0,0,10,32,48,22;10,0,0,22,48,10;10,0,22,22,48,32
S|2519|0,0,10,32,48,22;10,0,0,22,48,10;10,0,22,22,48,32
S|2520|8,0,8,24,48,24;10,0,0,22,48,8;24,0,10,32,48,22
S|2521|0,0,10,32,48,22;8,0,8,24,48,10;8,0,22,24,48,24;10,0,0,22,48,8
S|2522|0,0,10,32,48,22;8,0,8,24,48,10;8,0,22,24,48,24;10,0,0,22,48,8
S|2523|10,0,0,22,48,22;22,0,10,32,48,22
S|2524|0,0,10,32,48,22;10,0,0,22,48,10
S|2525|0,0,10,32,48,22;10,0,0,22,48,10
S|2526|8,0,8,24,48,24;10,0,0,22,48,8;10,0,24,22,48,32;24,0,10,32,48,22
S|2527|0,0,10,32,48,22;8,0,8,24,48,10;8,0,22,24,48,24;10,0,0,22,48,8;10,0,24,22,48,32
S|2528|0,0,10,32,48,22;8,0,8,24,48,10;8,0,22,24,48,24;10,0,0,22,48,8;10,0,24,22,48,32
S|2529|10,0,0,22,48,32;22,0,10,32,48,22
S|2530|0,0,10,32,48,22;10,0,0,22,48,10;10,0,22,22,48,32
S|2531|0,0,10,32,48,22;10,0,0,22,48,10;10,0,22,22,48,32
S|2532|8,0,8,24,48,24;10,0,0,22,48,8;10,0,24,22,48,32;24,0,10,32,48,22
S|2533|0,0,10,32,48,22;8,0,8,24,48,10;8,0,22,24,48,24;10,0,0,22,48,8;10,0,24,22,48,32
S|2534|0,0,10,32,48,22;8,0,8,24,48,10;8,0,22,24,48,24;10,0,0,22,48,8;10,0,24,22,48,32
S|2535|10,0,0,22,48,32;22,0,10,32,48,22
S|2536|0,0,10,32,48,22;10,0,0,22,48,10;10,0,22,22,48,32
S|2537|0,0,10,32,48,22;10,0,0,22,48,10;10,0,22,22,48,32
S|2538|8,0,8,24,48,24;24,0,10,32,48,22
S|2539|0,0,10,32,48,22;8,0,8,24,48,10;8,0,22,24,48,24
S|2540|0,0,10,32,48,22;8,0,8,24,48,10;8,0,22,24,48,24
S|2541|10,0,10,32,48,22
S|2542|0,0,10,32,48,22
S|2543|0,0,10,32,48,22
S|2544|8,0,8,24,48,24;10,0,24,22,48,32;24,0,10,32,48,22
S|2545|0,0,10,32,48,22;8,0,8,24,48,10;8,0,22,24,48,24;10,0,24,22,48,32
S|2546|0,0,10,32,48,22;8,0,8,24,48,10;8,0,22,24,48,24;10,0,24,22,48,32
S|2547|10,0,10,22,48,32;22,0,10,32,48,22
S|2548|0,0,10,32,48,22;10,0,22,22,48,32
S|2549|0,0,10,32,48,22;10,0,22,22,48,32
S|2550|8,0,8,24,48,24;10,0,24,22,48,32;24,0,10,32,48,22
S|2551|0,0,10,32,48,22;8,0,8,24,48,10;8,0,22,24,48,24;10,0,24,22,48,32
S|2552|0,0,10,32,48,22;8,0,8,24,48,10;8,0,22,24,48,24;10,0,24,22,48,32
S|2553|10,0,10,22,48,32;22,0,10,32,48,22
S|2554|0,0,10,32,48,22;10,0,22,22,48,32
S|2555|0,0,10,32,48,22;10,0,22,22,48,32
S|2556|8,0,8,24,48,24;10,0,0,22,48,8;24,0,10,32,48,22
S|2557|0,0,10,32,48,22;8,0,8,24,48,10;8,0,22,24,48,24;10,0,0,22,48,8
S|2558|0,0,10,32,48,22;8,0,8,24,48,10;8,0,22,24,48,24;10,0,0,22,48,8
S|2559|10,0,0,22,48,22;22,0,10,32,48,22
S|2560|0,0,10,32,48,22;10,0,0,22,48,10
S|2561|0,0,10,32,48,22;10,0,0,22,48,10
S|2562|8,0,8,24,48,24;10,0,0,22,48,8;10,0,24,22,48,32;24,0,10,32,48,22
S|2563|0,0,10,32,48,22;8,0,8,24,48,10;8,0,22,24,48,24;10,0,0,22,48,8;10,0,24,22,48,32
S|2564|0,0,10,32,48,22;8,0,8,24,48,10;8,0,22,24,48,24;10,0,0,22,48,8;10,0,24,22,48,32
S|2565|10,0,0,22,48,32;22,0,10,32,48,22
S|2566|0,0,10,32,48,22;10,0,0,22,48,10;10,0,22,22,48,32
S|2567|0,0,10,32,48,22;10,0,0,22,48,10;10,0,22,22,48,32
S|2568|8,0,8,24,48,24;10,0,0,22,48,8;10,0,24,22,48,32;24,0,10,32,48,22
S|2569|0,0,10,32,48,22;8,0,8,24,48,10;8,0,22,24,48,24;10,0,0,22,48,8;10,0,24,22,48,32
S|2570|0,0,10,32,48,22;8,0,8,24,48,10;8,0,22,24,48,24;10,0,0,22,48,8;10,0,24,22,48,32
S|2571|10,0,0,22,48,32;22,0,10,32,48,22
S|2572|0,0,10,32,48,22;10,0,0,22,48,10;10,0,22,22,48,32
S|2573|0,0,10,32,48,22;10,0,0,22,48,10;10,0,22,22,48,32
S|2574|8,0,8,24,48,24;10,0,0,22,48,8;24,0,10,32,48,22
S|2575|0,0,10,32,48,22;8,0,8,24,48,10;8,0,22,24,48,24;10,0,0,22,48,8
S|2576|0,0,10,32,48,22;8,0,8,24,48,10;8,0,22,24,48,24;10,0,0,22,48,8
S|2577|10,0,0,22,48,22;22,0,10,32,48,22
S|2578|0,0,10,32,48,22;10,0,0,22,48,10
S|2579|0,0,10,32,48,22;10,0,0,22,48,10
S|2580|8,0,8,24,48,24;10,0,0,22,48,8;10,0,24,22,48,32;24,0,10,32,48,22
S|2581|0,0,10,32,48,22;8,0,8,24,48,10;8,0,22,24,48,24;10,0,0,22,48,8;10,0,24,22,48,32
S|2582|0,0,10,32,48,22;8,0,8,24,48,10;8,0,22,24,48,24;10,0,0,22,48,8;10,0,24,22,48,32
S|2583|10,0,0,22,48,32;22,0,10,32,48,22
S|2584|0,0,10,32,48,22;10,0,0,22,48,10;10,0,22,22,48,32
S|2585|0,0,10,32,48,22;10,0,0,22,48,10;10,0,22,22,48,32
S|2586|8,0,8,24,48,24;10,0,0,22,48,8;10,0,24,22,48,32;24,0,10,32,48,22
S|2587|0,0,10,32,48,22;8,0,8,24,48,10;8,0,22,24,48,24;10,0,0,22,48,8;10,0,24,22,48,32
S|2588|0,0,10,32,48,22;8,0,8,24,48,10;8,0,22,24,48,24;10,0,0,22,48,8;10,0,24,22,48,32
S|2589|10,0,0,22,48,32;22,0,10,32,48,22
S|2590|0,0,10,32,48,22;10,0,0,22,48,10;10,0,22,22,48,32
S|2591|0,0,10,32,48,22;10,0,0,22,48,10;10,0,22,22,48,32
S|2592|8,0,8,24,48,24
S|2593|0,0,10,24,48,22;8,0,8,24,48,10;8,0,22,24,48,24
S|2594|0,0,10,24,48,22;8,0,8,24,48,10;8,0,22,24,48,24
S|2595|0,0,10,22,48,22
S|2596|0,0,10,22,48,22
S|2597|8,0,8,24,48,24;10,0,24,22,48,32
S|2598|0,0,10,24,48,22;8,0,8,24,48,10;8,0,22,24,48,24;10,0,24,22,48,32
S|2599|0,0,10,24,48,22;8,0,8,24,48,10;8,0,22,24,48,24;10,0,24,22,48,32
S|2600|10,0,10,22,48,32
S|2601|0,0,10,22,48,22;10,0,22,22,48,32
S|2602|0,0,10,22,48,22;10,0,22,22,48,32
S|2603|8,0,8,24,48,24;10,0,24,22,48,32
S|2604|0,0,10,24,48,22;8,0,8,24,48,10;8,0,22,24,48,24;10,0,24,22,48,32
S|2605|0,0,10,24,48,22;8,0,8,24,48,10;8,0,22,24,48,24;10,0,24,22,48,32
S|2606|10,0,10,22,48,32
S|2607|0,0,10,22,48,22;10,0,22,22,48,32
S|2608|0,0,10,22,48,22;10,0,22,22,48,32
S|2609|8,0,8,24,48,24;10,0,0,22,48,8
S|2610|0,0,10,24,48,22;8,0,8,24,48,10;8,0,22,24,48,24;10,0,0,22,48,8
S|2611|0,0,10,24,48,22;8,0,8,24,48,10;8,0,22,24,48,24;10,0,0,22,48,8
S|2612|10,0,0,22,48,22
S|2613|0,0,10,22,48,22;10,0,0,22,48,10
S|2614|0,0,10,22,48,22;10,0,0,22,48,10
S|2615|8,0,8,24,48,24;10,0,0,22,48,8;10,0,24,22,48,32
S|2616|0,0,10,24,48,22;8,0,8,24,48,10;8,0,22,24,48,24;10,0,0,22,48,8;10,0,24,22,48,32
S|2617|0,0,10,24,48,22;8,0,8,24,48,10;8,0,22,24,48,24;10,0,0,22,48,8;10,0,24,22,48,32
S|2618|10,0,0,22,48,32
S|2619|0,0,10,22,48,22;10,0,0,22,48,10;10,0,22,22,48,32
S|2620|0,0,10,22,48,22;10,0,0,22,48,10;10,0,22,22,48,32
S|2621|8,0,8,24,48,24;10,0,0,22,48,8;10,0,24,22,48,32
S|2622|0,0,10,24,48,22;8,0,8,24,48,10;8,0,22,24,48,24;10,0,0,22,48,8;10,0,24,22,48,32
S|2623|0,0,10,24,48,22;8,0,8,24,48,10;8,0,22,24,48,24;10,0,0,22,48,8;10,0,24,22,48,32
S|2624|10,0,0,22,48,32
S|2625|0,0,10,22,48,22;10,0,0,22,48,10;10,0,22,22,48,32
S|2626|0,0,10,22,48,22;10,0,0,22,48,10;10,0,22,22,48,32
S|2627|8,0,8,24,48,24;10,0,0,22,48,8
S|2628|0,0,10,24,48,22;8,0,8,24,48,10;8,0,22,24,48,24;10,0,0,22,48,8
S|2629|0,0,10,24,48,22;8,0,8,24,48,10;8,0,22,24,48,24;10,0,0,22,48,8
S|2630|10,0,0,22,48,22
S|2631|0,0,10,22,48,22;10,0,0,22,48,10
S|2632|0,0,10,22,48,22;10,0,0,22,48,10
S|2633|8,0,8,24,48,24;10,0,0,22,48,8;10,0,24,22,48,32
S|2634|0,0,10,24,48,22;8,0,8,24,48,10;8,0,22,24,48,24;10,0,0,22,48,8;10,0,24,22,48,32
S|2635|0,0,10,24,48,22;8,0,8,24,48,10;8,0,22,24,48,24;10,0,0,22,48,8;10,0,24,22,48,32
S|2636|10,0,0,22,48,32
S|2637|0,0,10,22,48,22;10,0,0,22,48,10;10,0,22,22,48,32
S|2638|0,0,10,22,48,22;10,0,0,22,48,10;10,0,22,22,48,32
S|2639|8,0,8,24,48,24;10,0,0,22,48,8;10,0,24,22,48,32
S|2640|0,0,10,24,48,22;8,0,8,24,48,10;8,0,22,24,48,24;10,0,0,22,48,8;10,0,24,22,48,32
S|2641|0,0,10,24,48,22;8,0,8,24,48,10;8,0,22,24,48,24;10,0,0,22,48,8;10,0,24,22,48,32
S|2642|10,0,0,22,48,32
S|2643|0,0,10,22,48,22;10,0,0,22,48,10;10,0,22,22,48,32
S|2644|0,0,10,22,48,22;10,0,0,22,48,10;10,0,22,22,48,32
S|2645|8,0,8,24,48,24;24,0,10,32,48,22
S|2646|0,0,10,32,48,22;8,0,8,24,48,10;8,0,22,24,48,24
S|2647|0,0,10,32,48,22;8,0,8,24,48,10;8,0,22,24,48,24
S|2648|10,0,10,32,48,22
S|2649|0,0,10,32,48,22
S|2650|0,0,10,32,48,22
S|2651|8,0,8,24,48,24;10,0,24,22,48,32;24,0,10,32,48,22
S|2652|0,0,10,32,48,22;8,0,8,24,48,10;8,0,22,24,48,24;10,0,24,22,48,32
S|2653|0,0,10,32,48,22;8,0,8,24,48,10;8,0,22,24,48,24;10,0,24,22,48,32
S|2654|10,0,10,22,48,32;22,0,10,32,48,22
S|2655|0,0,10,32,48,22;10,0,22,22,48,32
S|2656|0,0,10,32,48,22;10,0,22,22,48,32
S|2657|8,0,8,24,48,24;10,0,24,22,48,32;24,0,10,32,48,22
S|2658|0,0,10,32,48,22;8,0,8,24,48,10;8,0,22,24,48,24;10,0,24,22,48,32
S|2659|0,0,10,32,48,22;8,0,8,24,48,10;8,0,22,24,48,24;10,0,24,22,48,32
S|2660|10,0,10,22,48,32;22,0,10,32,48,22
S|2661|0,0,10,32,48,22;10,0,22,22,48,32
S|2662|0,0,10,32,48,22;10,0,22,22,48,32
S|2663|8,0,8,24,48,24;10,0,0,22,48,8;24,0,10,32,48,22
S|2664|0,0,10,32,48,22;8,0,8,24,48,10;8,0,22,24,48,24;10,0,0,22,48,8
S|2665|0,0,10,32,48,22;8,0,8,24,48,10;8,0,22,24,48,24;10,0,0,22,48,8
S|2666|10,0,0,22,48,22;22,0,10,32,48,22
S|2667|0,0,10,32,48,22;10,0,0,22,48,10
S|2668|0,0,10,32,48,22;10,0,0,22,48,10
S|2669|8,0,8,24,48,24;10,0,0,22,48,8;10,0,24,22,48,32;24,0,10,32,48,22
S|2670|0,0,10,32,48,22;8,0,8,24,48,10;8,0,22,24,48,24;10,0,0,22,48,8;10,0,24,22,48,32
S|2671|0,0,10,32,48,22;8,0,8,24,48,10;8,0,22,24,48,24;10,0,0,22,48,8;10,0,24,22,48,32
S|2672|10,0,0,22,48,32;22,0,10,32,48,22
S|2673|0,0,10,32,48,22;10,0,0,22,48,10;10,0,22,22,48,32
S|2674|0,0,10,32,48,22;10,0,0,22,48,10;10,0,22,22,48,32
S|2675|8,0,8,24,48,24;10,0,0,22,48,8;10,0,24,22,48,32;24,0,10,32,48,22
S|2676|0,0,10,32,48,22;8,0,8,24,48,10;8,0,22,24,48,24;10,0,0,22,48,8;10,0,24,22,48,32
S|2677|0,0,10,32,48,22;8,0,8,24,48,10;8,0,22,24,48,24;10,0,0,22,48,8;10,0,24,22,48,32
S|2678|10,0,0,22,48,32;22,0,10,32,48,22
S|2679|0,0,10,32,48,22;10,0,0,22,48,10;10,0,22,22,48,32
S|2680|0,0,10,32,48,22;10,0,0,22,48,10;10,0,22,22,48,32
S|2681|8,0,8,24,48,24;10,0,0,22,48,8;24,0,10,32,48,22
S|2682|0,0,10,32,48,22;8,0,8,24,48,10;8,0,22,24,48,24;10,0,0,22,48,8
S|2683|0,0,10,32,48,22;8,0,8,24,48,10;8,0,22,24,48,24;10,0,0,22,48,8
S|2684|10,0,0,22,48,22;22,0,10,32,48,22
S|2685|0,0,10,32,48,22;10,0,0,22,48,10
S|2686|0,0,10,32,48,22;10,0,0,22,48,10
S|2687|8,0,8,24,48,24;10,0,0,22,48,8;10,0,24,22,48,32;24,0,10,32,48,22
S|2688|0,0,10,32,48,22;8,0,8,24,48,10;8,0,22,24,48,24;10,0,0,22,48,8;10,0,24,22,48,32
S|2689|0,0,10,32,48,22;8,0,8,24,48,10;8,0,22,24,48,24;10,0,0,22,48,8;10,0,24,22,48,32
S|2690|10,0,0,22,48,32;22,0,10,32,48,22
S|2691|0,0,10,32,48,22;10,0,0,22,48,10;10,0,22,22,48,32
S|2692|0,0,10,32,48,22;10,0,0,22,48,10;10,0,22,22,48,32
S|2693|8,0,8,24,48,24;10,0,0,22,48,8;10,0,24,22,48,32;24,0,10,32,48,22
S|2694|0,0,10,32,48,22;8,0,8,24,48,10;8,0,22,24,48,24;10,0,0,22,48,8;10,0,24,22,48,32
S|2695|0,0,10,32,48,22;8,0,8,24,48,10;8,0,22,24,48,24;10,0,0,22,48,8;10,0,24,22,48,32
S|2696|10,0,0,22,48,32;22,0,10,32,48,22
S|2697|0,0,10,32,48,22;10,0,0,22,48,10;10,0,22,22,48,32
S|2698|0,0,10,32,48,22;10,0,0,22,48,10;10,0,22,22,48,32
S|2699|8,0,8,24,48,24;24,0,10,32,48,22
S|2700|0,0,10,32,48,22;8,0,8,24,48,10;8,0,22,24,48,24
S|2701|0,0,10,32,48,22;8,0,8,24,48,10;8,0,22,24,48,24
S|2702|10,0,10,32,48,22
S|2703|0,0,10,32,48,22
S|2704|0,0,10,32,48,22
S|2705|8,0,8,24,48,24;10,0,24,22,48,32;24,0,10,32,48,22
S|2706|0,0,10,32,48,22;8,0,8,24,48,10;8,0,22,24,48,24;10,0,24,22,48,32
S|2707|0,0,10,32,48,22;8,0,8,24,48,10;8,0,22,24,48,24;10,0,24,22,48,32
S|2708|10,0,10,22,48,32;22,0,10,32,48,22
S|2709|0,0,10,32,48,22;10,0,22,22,48,32
S|2710|0,0,10,32,48,22;10,0,22,22,48,32
S|2711|8,0,8,24,48,24;10,0,24,22,48,32;24,0,10,32,48,22
S|2712|0,0,10,32,48,22;8,0,8,24,48,10;8,0,22,24,48,24;10,0,24,22,48,32
S|2713|0,0,10,32,48,22;8,0,8,24,48,10;8,0,22,24,48,24;10,0,24,22,48,32
S|2714|10,0,10,22,48,32;22,0,10,32,48,22
S|2715|0,0,10,32,48,22;10,0,22,22,48,32
S|2716|0,0,10,32,48,22;10,0,22,22,48,32
S|2717|8,0,8,24,48,24;10,0,0,22,48,8;24,0,10,32,48,22
S|2718|0,0,10,32,48,22;8,0,8,24,48,10;8,0,22,24,48,24;10,0,0,22,48,8
S|2719|0,0,10,32,48,22;8,0,8,24,48,10;8,0,22,24,48,24;10,0,0,22,48,8
S|2720|10,0,0,22,48,22;22,0,10,32,48,22
S|2721|0,0,10,32,48,22;10,0,0,22,48,10
S|2722|0,0,10,32,48,22;10,0,0,22,48,10
S|2723|8,0,8,24,48,24;10,0,0,22,48,8;10,0,24,22,48,32;24,0,10,32,48,22
S|2724|0,0,10,32,48,22;8,0,8,24,48,10;8,0,22,24,48,24;10,0,0,22,48,8;10,0,24,22,48,32
S|2725|0,0,10,32,48,22;8,0,8,24,48,10;8,0,22,24,48,24;10,0,0,22,48,8;10,0,24,22,48,32
S|2726|10,0,0,22,48,32;22,0,10,32,48,22
S|2727|0,0,10,32,48,22;10,0,0,22,48,10;10,0,22,22,48,32
S|2728|0,0,10,32,48,22;10,0,0,22,48,10;10,0,22,22,48,32
S|2729|8,0,8,24,48,24;10,0,0,22,48,8;10,0,24,22,48,32;24,0,10,32,48,22
S|2730|0,0,10,32,48,22;8,0,8,24,48,10;8,0,22,24,48,24;10,0,0,22,48,8;10,0,24,22,48,32
S|2731|0,0,10,32,48,22;8,0,8,24,48,10;8,0,22,24,48,24;10,0,0,22,48,8;10,0,24,22,48,32
S|2732|10,0,0,22,48,32;22,0,10,32,48,22
S|2733|0,0,10,32,48,22;10,0,0,22,48,10;10,0,22,22,48,32
S|2734|0,0,10,32,48,22;10,0,0,22,48,10;10,0,22,22,48,32
S|2735|8,0,8,24,48,24;10,0,0,22,48,8;24,0,10,32,48,22
S|2736|0,0,10,32,48,22;8,0,8,24,48,10;8,0,22,24,48,24;10,0,0,22,48,8
S|2737|0,0,10,32,48,22;8,0,8,24,48,10;8,0,22,24,48,24;10,0,0,22,48,8
S|2738|10,0,0,22,48,22;22,0,10,32,48,22
S|2739|0,0,10,32,48,22;10,0,0,22,48,10
S|2740|0,0,10,32,48,22;10,0,0,22,48,10
S|2741|8,0,8,24,48,24;10,0,0,22,48,8;10,0,24,22,48,32;24,0,10,32,48,22
S|2742|0,0,10,32,48,22;8,0,8,24,48,10;8,0,22,24,48,24;10,0,0,22,48,8;10,0,24,22,48,32
S|2743|0,0,10,32,48,22;8,0,8,24,48,10;8,0,22,24,48,24;10,0,0,22,48,8;10,0,24,22,48,32
S|2744|10,0,0,22,48,32;22,0,10,32,48,22
S|2745|0,0,10,32,48,22;10,0,0,22,48,10;10,0,22,22,48,32
S|2746|0,0,10,32,48,22;10,0,0,22,48,10;10,0,22,22,48,32
S|2747|8,0,8,24,48,24;10,0,0,22,48,8;10,0,24,22,48,32;24,0,10,32,48,22
S|2748|0,0,10,32,48,22;8,0,8,24,48,10;8,0,22,24,48,24;10,0,0,22,48,8;10,0,24,22,48,32
S|2749|0,0,10,32,48,22;8,0,8,24,48,10;8,0,22,24,48,24;10,0,0,22,48,8;10,0,24,22,48,32
S|2750|10,0,0,22,48,32;22,0,10,32,48,22
S|2751|0,0,10,32,48,22;10,0,0,22,48,10;10,0,22,22,48,32
S|2752|0,0,10,32,48,22;10,0,0,22,48,10;10,0,22,22,48,32
S|2753|8,0,8,24,48,24
S|2754|0,0,10,24,48,22;8,0,8,24,48,10;8,0,22,24,48,24
S|2755|0,0,10,24,48,22;8,0,8,24,48,10;8,0,22,24,48,24
S|2756|0,0,10,22,48,22
S|2757|0,0,10,22,48,22
S|2758|8,0,8,24,48,24;10,0,24,22,48,32
S|2759|0,0,10,24,48,22;8,0,8,24,48,10;8,0,22,24,48,24;10,0,24,22,48,32
S|2760|0,0,10,24,48,22;8,0,8,24,48,10;8,0,22,24,48,24;10,0,24,22,48,32
S|2761|10,0,10,22,48,32
S|2762|0,0,10,22,48,22;10,0,22,22,48,32
S|2763|0,0,10,22,48,22;10,0,22,22,48,32
S|2764|8,0,8,24,48,24;10,0,24,22,48,32
S|2765|0,0,10,24,48,22;8,0,8,24,48,10;8,0,22,24,48,24;10,0,24,22,48,32
S|2766|0,0,10,24,48,22;8,0,8,24,48,10;8,0,22,24,48,24;10,0,24,22,48,32
S|2767|10,0,10,22,48,32
S|2768|0,0,10,22,48,22;10,0,22,22,48,32
S|2769|0,0,10,22,48,22;10,0,22,22,48,32
S|2770|8,0,8,24,48,24;10,0,0,22,48,8
S|2771|0,0,10,24,48,22;8,0,8,24,48,10;8,0,22,24,48,24;10,0,0,22,48,8
S|2772|0,0,10,24,48,22;8,0,8,24,48,10;8,0,22,24,48,24;10,0,0,22,48,8
S|2773|10,0,0,22,48,22
S|2774|0,0,10,22,48,22;10,0,0,22,48,10
S|2775|0,0,10,22,48,22;10,0,0,22,48,10
S|2776|8,0,8,24,48,24;10,0,0,22,48,8;10,0,24,22,48,32
S|2777|0,0,10,24,48,22;8,0,8,24,48,10;8,0,22,24,48,24;10,0,0,22,48,8;10,0,24,22,48,32
S|2778|0,0,10,24,48,22;8,0,8,24,48,10;8,0,22,24,48,24;10,0,0,22,48,8;10,0,24,22,48,32
S|2779|10,0,0,22,48,32
S|2780|0,0,10,22,48,22;10,0,0,22,48,10;10,0,22,22,48,32
S|2781|0,0,10,22,48,22;10,0,0,22,48,10;10,0,22,22,48,32
S|2782|8,0,8,24,48,24;10,0,0,22,48,8;10,0,24,22,48,32
S|2783|0,0,10,24,48,22;8,0,8,24,48,10;8,0,22,24,48,24;10,0,0,22,48,8;10,0,24,22,48,32
S|2784|0,0,10,24,48,22;8,0,8,24,48,10;8,0,22,24,48,24;10,0,0,22,48,8;10,0,24,22,48,32
S|2785|10,0,0,22,48,32
S|2786|0,0,10,22,48,22;10,0,0,22,48,10;10,0,22,22,48,32
S|2787|0,0,10,22,48,22;10,0,0,22,48,10;10,0,22,22,48,32
S|2788|8,0,8,24,48,24;10,0,0,22,48,8
S|2789|0,0,10,24,48,22;8,0,8,24,48,10;8,0,22,24,48,24;10,0,0,22,48,8
S|2790|0,0,10,24,48,22;8,0,8,24,48,10;8,0,22,24,48,24;10,0,0,22,48,8
S|2791|10,0,0,22,48,22
S|2792|0,0,10,22,48,22;10,0,0,22,48,10
S|2793|0,0,10,22,48,22;10,0,0,22,48,10
S|2794|8,0,8,24,48,24;10,0,0,22,48,8;10,0,24,22,48,32
S|2795|0,0,10,24,48,22;8,0,8,24,48,10;8,0,22,24,48,24;10,0,0,22,48,8;10,0,24,22,48,32
S|2796|0,0,10,24,48,22;8,0,8,24,48,10;8,0,22,24,48,24;10,0,0,22,48,8;10,0,24,22,48,32
S|2797|10,0,0,22,48,32
S|2798|0,0,10,22,48,22;10,0,0,22,48,10;10,0,22,22,48,32
S|2799|0,0,10,22,48,22;10,0,0,22,48,10;10,0,22,22,48,32
S|2800|8,0,8,24,48,24;10,0,0,22,48,8;10,0,24,22,48,32
S|2801|0,0,10,24,48,22;8,0,8,24,48,10;8,0,22,24,48,24;10,0,0,22,48,8;10,0,24,22,48,32
S|2802|0,0,10,24,48,22;8,0,8,24,48,10;8,0,22,24,48,24;10,0,0,22,48,8;10,0,24,22,48,32
S|2803|10,0,0,22,48,32
S|2804|0,0,10,22,48,22;10,0,0,22,48,10;10,0,22,22,48,32
S|2805|0,0,10,22,48,22;10,0,0,22,48,10;10,0,22,22,48,32
S|2806|8,0,8,24,48,24;24,0,10,32,48,22
S|2807|0,0,10,32,48,22;8,0,8,24,48,10;8,0,22,24,48,24
S|2808|0,0,10,32,48,22;8,0,8,24,48,10;8,0,22,24,48,24
S|2809|10,0,10,32,48,22
S|2810|0,0,10,32,48,22
S|2811|0,0,10,32,48,22
S|2812|8,0,8,24,48,24;10,0,24,22,48,32;24,0,10,32,48,22
S|2813|0,0,10,32,48,22;8,0,8,24,48,10;8,0,22,24,48,24;10,0,24,22,48,32
S|2814|0,0,10,32,48,22;8,0,8,24,48,10;8,0,22,24,48,24;10,0,24,22,48,32
S|2815|10,0,10,22,48,32;22,0,10,32,48,22
S|2816|0,0,10,32,48,22;10,0,22,22,48,32
S|2817|0,0,10,32,48,22;10,0,22,22,48,32
S|2818|8,0,8,24,48,24;10,0,24,22,48,32;24,0,10,32,48,22
S|2819|0,0,10,32,48,22;8,0,8,24,48,10;8,0,22,24,48,24;10,0,24,22,48,32
S|2820|0,0,10,32,48,22;8,0,8,24,48,10;8,0,22,24,48,24;10,0,24,22,48,32
S|2821|10,0,10,22,48,32;22,0,10,32,48,22
S|2822|0,0,10,32,48,22;10,0,22,22,48,32
S|2823|0,0,10,32,48,22;10,0,22,22,48,32
S|2824|8,0,8,24,48,24;10,0,0,22,48,8;24,0,10,32,48,22
S|2825|0,0,10,32,48,22;8,0,8,24,48,10;8,0,22,24,48,24;10,0,0,22,48,8
S|2826|0,0,10,32,48,22;8,0,8,24,48,10;8,0,22,24,48,24;10,0,0,22,48,8
S|2827|10,0,0,22,48,22;22,0,10,32,48,22
S|2828|0,0,10,32,48,22;10,0,0,22,48,10
S|2829|0,0,10,32,48,22;10,0,0,22,48,10
S|2830|8,0,8,24,48,24;10,0,0,22,48,8;10,0,24,22,48,32;24,0,10,32,48,22
S|2831|0,0,10,32,48,22;8,0,8,24,48,10;8,0,22,24,48,24;10,0,0,22,48,8;10,0,24,22,48,32
S|2832|0,0,10,32,48,22;8,0,8,24,48,10;8,0,22,24,48,24;10,0,0,22,48,8;10,0,24,22,48,32
S|2833|10,0,0,22,48,32;22,0,10,32,48,22
S|2834|0,0,10,32,48,22;10,0,0,22,48,10;10,0,22,22,48,32
S|2835|0,0,10,32,48,22;10,0,0,22,48,10;10,0,22,22,48,32
S|2836|8,0,8,24,48,24;10,0,0,22,48,8;10,0,24,22,48,32;24,0,10,32,48,22
S|2837|0,0,10,32,48,22;8,0,8,24,48,10;8,0,22,24,48,24;10,0,0,22,48,8;10,0,24,22,48,32
S|2838|0,0,10,32,48,22;8,0,8,24,48,10;8,0,22,24,48,24;10,0,0,22,48,8;10,0,24,22,48,32
S|2839|10,0,0,22,48,32;22,0,10,32,48,22
S|2840|0,0,10,32,48,22;10,0,0,22,48,10;10,0,22,22,48,32
S|2841|0,0,10,32,48,22;10,0,0,22,48,10;10,0,22,22,48,32
S|2842|8,0,8,24,48,24;10,0,0,22,48,8;24,0,10,32,48,22
S|2843|0,0,10,32,48,22;8,0,8,24,48,10;8,0,22,24,48,24;10,0,0,22,48,8
S|2844|0,0,10,32,48,22;8,0,8,24,48,10;8,0,22,24,48,24;10,0,0,22,48,8
S|2845|10,0,0,22,48,22;22,0,10,32,48,22
S|2846|0,0,10,32,48,22;10,0,0,22,48,10
S|2847|0,0,10,32,48,22;10,0,0,22,48,10
S|2848|8,0,8,24,48,24;10,0,0,22,48,8;10,0,24,22,48,32;24,0,10,32,48,22
S|2849|0,0,10,32,48,22;8,0,8,24,48,10;8,0,22,24,48,24;10,0,0,22,48,8;10,0,24,22,48,32
S|2850|0,0,10,32,48,22;8,0,8,24,48,10;8,0,22,24,48,24;10,0,0,22,48,8;10,0,24,22,48,32
S|2851|10,0,0,22,48,32;22,0,10,32,48,22
S|2852|0,0,10,32,48,22;10,0,0,22,48,10;10,0,22,22,48,32
S|2853|0,0,10,32,48,22;10,0,0,22,48,10;10,0,22,22,48,32
S|2854|8,0,8,24,48,24;10,0,0,22,48,8;10,0,24,22,48,32;24,0,10,32,48,22
S|2855|0,0,10,32,48,22;8,0,8,24,48,10;8,0,22,24,48,24;10,0,0,22,48,8;10,0,24,22,48,32
S|2856|0,0,10,32,48,22;8,0,8,24,48,10;8,0,22,24,48,24;10,0,0,22,48,8;10,0,24,22,48,32
S|2857|10,0,0,22,48,32;22,0,10,32,48,22
S|2858|0,0,10,32,48,22;10,0,0,22,48,10;10,0,22,22,48,32
S|2859|0,0,10,32,48,22;10,0,0,22,48,10;10,0,22,22,48,32
S|2860|8,0,8,24,48,24;24,0,10,32,48,22
S|2861|0,0,10,32,48,22;8,0,8,24,48,10;8,0,22,24,48,24
S|2862|0,0,10,32,48,22;8,0,8,24,48,10;8,0,22,24,48,24
S|2863|10,0,10,32,48,22
S|2864|0,0,10,32,48,22
S|2865|0,0,10,32,48,22
S|2866|8,0,8,24,48,24;10,0,24,22,48,32;24,0,10,32,48,22
S|2867|0,0,10,32,48,22;8,0,8,24,48,10;8,0,22,24,48,24;10,0,24,22,48,32
S|2868|0,0,10,32,48,22;8,0,8,24,48,10;8,0,22,24,48,24;10,0,24,22,48,32
S|2869|10,0,10,22,48,32;22,0,10,32,48,22
S|2870|0,0,10,32,48,22;10,0,22,22,48,32
S|2871|0,0,10,32,48,22;10,0,22,22,48,32
S|2872|8,0,8,24,48,24;10,0,24,22,48,32;24,0,10,32,48,22
S|2873|0,0,10,32,48,22;8,0,8,24,48,10;8,0,22,24,48,24;10,0,24,22,48,32
S|2874|0,0,10,32,48,22;8,0,8,24,48,10;8,0,22,24,48,24;10,0,24,22,48,32
S|2875|10,0,10,22,48,32;22,0,10,32,48,22
S|2876|0,0,10,32,48,22;10,0,22,22,48,32
S|2877|0,0,10,32,48,22;10,0,22,22,48,32
S|2878|8,0,8,24,48,24;10,0,0,22,48,8;24,0,10,32,48,22
S|2879|0,0,10,32,48,22;8,0,8,24,48,10;8,0,22,24,48,24;10,0,0,22,48,8
S|2880|0,0,10,32,48,22;8,0,8,24,48,10;8,0,22,24,48,24;10,0,0,22,48,8
S|2881|10,0,0,22,48,22;22,0,10,32,48,22
S|2882|0,0,10,32,48,22;10,0,0,22,48,10
S|2883|0,0,10,32,48,22;10,0,0,22,48,10
S|2884|8,0,8,24,48,24;10,0,0,22,48,8;10,0,24,22,48,32;24,0,10,32,48,22
S|2885|0,0,10,32,48,22;8,0,8,24,48,10;8,0,22,24,48,24;10,0,0,22,48,8;10,0,24,22,48,32
S|2886|0,0,10,32,48,22;8,0,8,24,48,10;8,0,22,24,48,24;10,0,0,22,48,8;10,0,24,22,48,32
S|2887|10,0,0,22,48,32;22,0,10,32,48,22
S|2888|0,0,10,32,48,22;10,0,0,22,48,10;10,0,22,22,48,32
S|2889|0,0,10,32,48,22;10,0,0,22,48,10;10,0,22,22,48,32
S|2890|8,0,8,24,48,24;10,0,0,22,48,8;10,0,24,22,48,32;24,0,10,32,48,22
S|2891|0,0,10,32,48,22;8,0,8,24,48,10;8,0,22,24,48,24;10,0,0,22,48,8;10,0,24,22,48,32
S|2892|0,0,10,32,48,22;8,0,8,24,48,10;8,0,22,24,48,24;10,0,0,22,48,8;10,0,24,22,48,32
S|2893|10,0,0,22,48,32;22,0,10,32,48,22
S|2894|0,0,10,32,48,22;10,0,0,22,48,10;10,0,22,22,48,32
S|2895|0,0,10,32,48,22;10,0,0,22,48,10;10,0,22,22,48,32
S|2896|8,0,8,24,48,24;10,0,0,22,48,8;24,0,10,32,48,22
S|2897|0,0,10,32,48,22;8,0,8,24,48,10;8,0,22,24,48,24;10,0,0,22,48,8
S|2898|0,0,10,32,48,22;8,0,8,24,48,10;8,0,22,24,48,24;10,0,0,22,48,8
S|2899|10,0,0,22,48,22;22,0,10,32,48,22
S|2900|0,0,10,32,48,22;10,0,0,22,48,10
S|2901|0,0,10,32,48,22;10,0,0,22,48,10
S|2902|8,0,8,24,48,24;10,0,0,22,48,8;10,0,24,22,48,32;24,0,10,32,48,22
S|2903|0,0,10,32,48,22;8,0,8,24,48,10;8,0,22,24,48,24;10,0,0,22,48,8;10,0,24,22,48,32
S|2904|0,0,10,32,48,22;8,0,8,24,48,10;8,0,22,24,48,24;10,0,0,22,48,8;10,0,24,22,48,32
S|2905|10,0,0,22,48,32;22,0,10,32,48,22
S|2906|0,0,10,32,48,22;10,0,0,22,48,10;10,0,22,22,48,32
S|2907|0,0,10,32,48,22;10,0,0,22,48,10;10,0,22,22,48,32
S|2908|8,0,8,24,48,24;10,0,0,22,48,8;10,0,24,22,48,32;24,0,10,32,48,22
S|2909|0,0,10,32,48,22;8,0,8,24,48,10;8,0,22,24,48,24;10,0,0,22,48,8;10,0,24,22,48,32
S|2910|0,0,10,32,48,22;8,0,8,24,48,10;8,0,22,24,48,24;10,0,0,22,48,8;10,0,24,22,48,32
S|2911|10,0,0,22,48,32;22,0,10,32,48,22
S|2912|0,0,10,32,48,22;10,0,0,22,48,10;10,0,22,22,48,32
S|2913|0,0,10,32,48,22;10,0,0,22,48,10;10,0,22,22,48,32
S|2914|8,0,8,24,48,24
S|2915|0,0,10,24,48,22;8,0,8,24,48,10;8,0,22,24,48,24
S|2916|0,0,10,24,48,22;8,0,8,24,48,10;8,0,22,24,48,24
S|2917|0,0,10,22,48,22
S|2918|0,0,10,22,48,22
S|2919|8,0,8,24,48,24;10,0,24,22,48,32
S|2920|0,0,10,24,48,22;8,0,8,24,48,10;8,0,22,24,48,24;10,0,24,22,48,32
S|2921|0,0,10,24,48,22;8,0,8,24,48,10;8,0,22,24,48,24;10,0,24,22,48,32
S|2922|10,0,10,22,48,32
S|2923|0,0,10,22,48,22;10,0,22,22,48,32
S|2924|0,0,10,22,48,22;10,0,22,22,48,32
S|2925|8,0,8,24,48,24;10,0,24,22,48,32
S|2926|0,0,10,24,48,22;8,0,8,24,48,10;8,0,22,24,48,24;10,0,24,22,48,32
S|2927|0,0,10,24,48,22;8,0,8,24,48,10;8,0,22,24,48,24;10,0,24,22,48,32
S|2928|10,0,10,22,48,32
S|2929|0,0,10,22,48,22;10,0,22,22,48,32
S|2930|0,0,10,22,48,22;10,0,22,22,48,32
S|2931|8,0,8,24,48,24;10,0,0,22,48,8
S|2932|0,0,10,24,48,22;8,0,8,24,48,10;8,0,22,24,48,24;10,0,0,22,48,8
S|2933|0,0,10,24,48,22;8,0,8,24,48,10;8,0,22,24,48,24;10,0,0,22,48,8
S|2934|10,0,0,22,48,22
S|2935|0,0,10,22,48,22;10,0,0,22,48,10
S|2936|0,0,10,22,48,22;10,0,0,22,48,10
S|2937|8,0,8,24,48,24;10,0,0,22,48,8;10,0,24,22,48,32
S|2938|0,0,10,24,48,22;8,0,8,24,48,10;8,0,22,24,48,24;10,0,0,22,48,8;10,0,24,22,48,32
S|2939|0,0,10,24,48,22;8,0,8,24,48,10;8,0,22,24,48,24;10,0,0,22,48,8;10,0,24,22,48,32
S|2940|10,0,0,22,48,32
S|2941|0,0,10,22,48,22;10,0,0,22,48,10;10,0,22,22,48,32
S|2942|0,0,10,22,48,22;10,0,0,22,48,10;10,0,22,22,48,32
S|2943|8,0,8,24,48,24;10,0,0,22,48,8;10,0,24,22,48,32
S|2944|0,0,10,24,48,22;8,0,8,24,48,10;8,0,22,24,48,24;10,0,0,22,48,8;10,0,24,22,48,32
S|2945|0,0,10,24,48,22;8,0,8,24,48,10;8,0,22,24,48,24;10,0,0,22,48,8;10,0,24,22,48,32
S|2946|10,0,0,22,48,32
S|2947|0,0,10,22,48,22;10,0,0,22,48,10;10,0,22,22,48,32
S|2948|0,0,10,22,48,22;10,0,0,22,48,10;10,0,22,22,48,32
S|2949|8,0,8,24,48,24;10,0,0,22,48,8
S|2950|0,0,10,24,48,22;8,0,8,24,48,10;8,0,22,24,48,24;10,0,0,22,48,8
S|2951|0,0,10,24,48,22;8,0,8,24,48,10;8,0,22,24,48,24;10,0,0,22,48,8
S|2952|10,0,0,22,48,22
S|2953|0,0,10,22,48,22;10,0,0,22,48,10
S|2954|0,0,10,22,48,22;10,0,0,22,48,10
S|2955|8,0,8,24,48,24;10,0,0,22,48,8;10,0,24,22,48,32
S|2956|0,0,10,24,48,22;8,0,8,24,48,10;8,0,22,24,48,24;10,0,0,22,48,8;10,0,24,22,48,32
S|2957|0,0,10,24,48,22;8,0,8,24,48,10;8,0,22,24,48,24;10,0,0,22,48,8;10,0,24,22,48,32
S|2958|10,0,0,22,48,32
S|2959|0,0,10,22,48,22;10,0,0,22,48,10;10,0,22,22,48,32
S|2960|0,0,10,22,48,22;10,0,0,22,48,10;10,0,22,22,48,32
S|2961|8,0,8,24,48,24;10,0,0,22,48,8;10,0,24,22,48,32
S|2962|0,0,10,24,48,22;8,0,8,24,48,10;8,0,22,24,48,24;10,0,0,22,48,8;10,0,24,22,48,32
S|2963|0,0,10,24,48,22;8,0,8,24,48,10;8,0,22,24,48,24;10,0,0,22,48,8;10,0,24,22,48,32
S|2964|10,0,0,22,48,32
S|2965|0,0,10,22,48,22;10,0,0,22,48,10;10,0,22,22,48,32
S|2966|0,0,10,22,48,22;10,0,0,22,48,10;10,0,22,22,48,32
S|2967|8,0,8,24,48,24;24,0,10,32,48,22
S|2968|0,0,10,32,48,22;8,0,8,24,48,10;8,0,22,24,48,24
S|2969|0,0,10,32,48,22;8,0,8,24,48,10;8,0,22,24,48,24
S|2970|10,0,10,32,48,22
S|2971|0,0,10,32,48,22
S|2972|0,0,10,32,48,22
S|2973|8,0,8,24,48,24;10,0,24,22,48,32;24,0,10,32,48,22
S|2974|0,0,10,32,48,22;8,0,8,24,48,10;8,0,22,24,48,24;10,0,24,22,48,32
S|2975|0,0,10,32,48,22;8,0,8,24,48,10;8,0,22,24,48,24;10,0,24,22,48,32
S|2976|10,0,10,22,48,32;22,0,10,32,48,22
S|2977|0,0,10,32,48,22;10,0,22,22,48,32
S|2978|0,0,10,32,48,22;10,0,22,22,48,32
S|2979|8,0,8,24,48,24;10,0,24,22,48,32;24,0,10,32,48,22
S|2980|0,0,10,32,48,22;8,0,8,24,48,10;8,0,22,24,48,24;10,0,24,22,48,32
S|2981|0,0,10,32,48,22;8,0,8,24,48,10;8,0,22,24,48,24;10,0,24,22,48,32
S|2982|10,0,10,22,48,32;22,0,10,32,48,22
S|2983|0,0,10,32,48,22;10,0,22,22,48,32
S|2984|0,0,10,32,48,22;10,0,22,22,48,32
S|2985|8,0,8,24,48,24;10,0,0,22,48,8;24,0,10,32,48,22
S|2986|0,0,10,32,48,22;8,0,8,24,48,10;8,0,22,24,48,24;10,0,0,22,48,8
S|2987|0,0,10,32,48,22;8,0,8,24,48,10;8,0,22,24,48,24;10,0,0,22,48,8
S|2988|10,0,0,22,48,22;22,0,10,32,48,22
S|2989|0,0,10,32,48,22;10,0,0,22,48,10
S|2990|0,0,10,32,48,22;10,0,0,22,48,10
S|2991|8,0,8,24,48,24;10,0,0,22,48,8;10,0,24,22,48,32;24,0,10,32,48,22
S|2992|0,0,10,32,48,22;8,0,8,24,48,10;8,0,22,24,48,24;10,0,0,22,48,8;10,0,24,22,48,32
S|2993|0,0,10,32,48,22;8,0,8,24,48,10;8,0,22,24,48,24;10,0,0,22,48,8;10,0,24,22,48,32
S|2994|10,0,0,22,48,32;22,0,10,32,48,22
S|2995|0,0,10,32,48,22;10,0,0,22,48,10;10,0,22,22,48,32
S|2996|0,0,10,32,48,22;10,0,0,22,48,10;10,0,22,22,48,32
S|2997|8,0,8,24,48,24;10,0,0,22,48,8;10,0,24,22,48,32;24,0,10,32,48,22
S|2998|0,0,10,32,48,22;8,0,8,24,48,10;8,0,22,24,48,24;10,0,0,22,48,8;10,0,24,22,48,32
S|2999|0,0,10,32,48,22;8,0,8,24,48,10;8,0,22,24,48,24;10,0,0,22,48,8;10,0,24,22,48,32
S|3000|10,0,0,22,48,32;22,0,10,32,48,22
S|3001|0,0,10,32,48,22;10,0,0,22,48,10;10,0,22,22,48,32
S|3002|0,0,10,32,48,22;10,0,0,22,48,10;10,0,22,22,48,32
S|3003|8,0,8,24,48,24;10,0,0,22,48,8;24,0,10,32,48,22
S|3004|0,0,10,32,48,22;8,0,8,24,48,10;8,0,22,24,48,24;10,0,0,22,48,8
S|3005|0,0,10,32,48,22;8,0,8,24,48,10;8,0,22,24,48,24;10,0,0,22,48,8
S|3006|10,0,0,22,48,22;22,0,10,32,48,22
S|3007|0,0,10,32,48,22;10,0,0,22,48,10
S|3008|0,0,10,32,48,22;10,0,0,22,48,10
S|3009|8,0,8,24,48,24;10,0,0,22,48,8;10,0,24,22,48,32;24,0,10,32,48,22
S|3010|0,0,10,32,48,22;8,0,8,24,48,10;8,0,22,24,48,24;10,0,0,22,48,8;10,0,24,22,48,32
S|3011|0,0,10,32,48,22;8,0,8,24,48,10;8,0,22,24,48,24;10,0,0,22,48,8;10,0,24,22,48,32
S|3012|10,0,0,22,48,32;22,0,10,32,48,22
S|3013|0,0,10,32,48,22;10,0,0,22,48,10;10,0,22,22,48,32
S|3014|0,0,10,32,48,22;10,0,0,22,48,10;10,0,22,22,48,32
S|3015|8,0,8,24,48,24;10,0,0,22,48,8;10,0,24,22,48,32;24,0,10,32,48,22
S|3016|0,0,10,32,48,22;8,0,8,24,48,10;8,0,22,24,48,24;10,0,0,22,48,8;10,0,24,22,48,32
S|3017|0,0,10,32,48,22;8,0,8,24,48,10;8,0,22,24,48,24;10,0,0,22,48,8;10,0,24,22,48,32
S|3018|10,0,0,22,48,32;22,0,10,32,48,22
S|3019|0,0,10,32,48,22;10,0,0,22,48,10;10,0,22,22,48,32
S|3020|0,0,10,32,48,22;10,0,0,22,48,10;10,0,22,22,48,32
S|3021|8,0,8,24,48,24;24,0,10,32,48,22
S|3022|0,0,10,32,48,22;8,0,8,24,48,10;8,0,22,24,48,24
S|3023|0,0,10,32,48,22;8,0,8,24,48,10;8,0,22,24,48,24
S|3024|10,0,10,32,48,22
S|3025|0,0,10,32,48,22
S|3026|0,0,10,32,48,22
S|3027|8,0,8,24,48,24;10,0,24,22,48,32;24,0,10,32,48,22
S|3028|0,0,10,32,48,22;8,0,8,24,48,10;8,0,22,24,48,24;10,0,24,22,48,32
S|3029|0,0,10,32,48,22;8,0,8,24,48,10;8,0,22,24,48,24;10,0,24,22,48,32
S|3030|10,0,10,22,48,32;22,0,10,32,48,22
S|3031|0,0,10,32,48,22;10,0,22,22,48,32
S|3032|0,0,10,32,48,22;10,0,22,22,48,32
S|3033|8,0,8,24,48,24;10,0,24,22,48,32;24,0,10,32,48,22
S|3034|0,0,10,32,48,22;8,0,8,24,48,10;8,0,22,24,48,24;10,0,24,22,48,32
S|3035|0,0,10,32,48,22;8,0,8,24,48,10;8,0,22,24,48,24;10,0,24,22,48,32
S|3036|10,0,10,22,48,32;22,0,10,32,48,22
S|3037|0,0,10,32,48,22;10,0,22,22,48,32
S|3038|0,0,10,32,48,22;10,0,22,22,48,32
S|3039|8,0,8,24,48,24;10,0,0,22,48,8;24,0,10,32,48,22
S|3040|0,0,10,32,48,22;8,0,8,24,48,10;8,0,22,24,48,24;10,0,0,22,48,8
S|3041|0,0,10,32,48,22;8,0,8,24,48,10;8,0,22,24,48,24;10,0,0,22,48,8
S|3042|10,0,0,22,48,22;22,0,10,32,48,22
S|3043|0,0,10,32,48,22;10,0,0,22,48,10
S|3044|0,0,10,32,48,22;10,0,0,22,48,10
S|3045|8,0,8,24,48,24;10,0,0,22,48,8;10,0,24,22,48,32;24,0,10,32,48,22
S|3046|0,0,10,32,48,22;8,0,8,24,48,10;8,0,22,24,48,24;10,0,0,22,48,8;10,0,24,22,48,32
S|3047|0,0,10,32,48,22;8,0,8,24,48,10;8,0,22,24,48,24;10,0,0,22,48,8;10,0,24,22,48,32
S|3048|10,0,0,22,48,32;22,0,10,32,48,22
S|3049|0,0,10,32,48,22;10,0,0,22,48,10;10,0,22,22,48,32
S|3050|0,0,10,32,48,22;10,0,0,22,48,10;10,0,22,22,48,32
S|3051|8,0,8,24,48,24;10,0,0,22,48,8;10,0,24,22,48,32;24,0,10,32,48,22
S|3052|0,0,10,32,48,22;8,0,8,24,48,10;8,0,22,24,48,24;10,0,0,22,48,8;10,0,24,22,48,32
S|3053|0,0,10,32,48,22;8,0,8,24,48,10;8,0,22,24,48,24;10,0,0,22,48,8;10,0,24,22,48,32
S|3054|10,0,0,22,48,32;22,0,10,32,48,22
S|3055|0,0,10,32,48,22;10,0,0,22,48,10;10,0,22,22,48,32
S|3056|0,0,10,32,48,22;10,0,0,22,48,10;10,0,22,22,48,32
S|3057|8,0,8,24,48,24;10,0,0,22,48,8;24,0,10,32,48,22
S|3058|0,0,10,32,48,22;8,0,8,24,48,10;8,0,22,24,48,24;10,0,0,22,48,8
S|3059|0,0,10,32,48,22;8,0,8,24,48,10;8,0,22,24,48,24;10,0,0,22,48,8
S|3060|10,0,0,22,48,22;22,0,10,32,48,22
S|3061|0,0,10,32,48,22;10,0,0,22,48,10
S|3062|0,0,10,32,48,22;10,0,0,22,48,10
S|3063|8,0,8,24,48,24;10,0,0,22,48,8;10,0,24,22,48,32;24,0,10,32,48,22
S|3064|0,0,10,32,48,22;8,0,8,24,48,10;8,0,22,24,48,24;10,0,0,22,48,8;10,0,24,22,48,32
S|3065|0,0,10,32,48,22;8,0,8,24,48,10;8,0,22,24,48,24;10,0,0,22,48,8;10,0,24,22,48,32
S|3066|10,0,0,22,48,32;22,0,10,32,48,22
S|3067|0,0,10,32,48,22;10,0,0,22,48,10;10,0,22,22,48,32
S|3068|0,0,10,32,48,22;10,0,0,22,48,10;10,0,22,22,48,32
S|3069|8,0,8,24,48,24;10,0,0,22,48,8;10,0,24,22,48,32;24,0,10,32,48,22
S|3070|0,0,10,32,48,22;8,0,8,24,48,10;8,0,22,24,48,24;10,0,0,22,48,8;10,0,24,22,48,32
S|3071|0,0,10,32,48,22;8,0,8,24,48,10;8,0,22,24,48,24;10,0,0,22,48,8;10,0,24,22,48,32
S|3072|10,0,0,22,48,32;22,0,10,32,48,22
S|3073|0,0,10,32,48,22;10,0,0,22,48,10;10,0,22,22,48,32
S|3074|0,0,10,32,48,22;10,0,0,22,48,10;10,0,22,22,48,32
S|3075|8,0,8,24,48,24
S|3076|0,0,10,24,48,22;8,0,8,24,48,10;8,0,22,24,48,24
S|3077|0,0,10,24,48,22;8,0,8,24,48,10;8,0,22,24,48,24
S|3078|0,0,10,22,48,22
S|3079|0,0,10,22,48,22
S|3080|8,0,8,24,48,24;10,0,24,22,48,32
S|3081|0,0,10,24,48,22;8,0,8,24,48,10;8,0,22,24,48,24;10,0,24,22,48,32
S|3082|0,0,10,24,48,22;8,0,8,24,48,10;8,0,22,24,48,24;10,0,24,22,48,32
S|3083|10,0,10,22,48,32
S|3084|0,0,10,22,48,22;10,0,22,22,48,32
S|3085|0,0,10,22,48,22;10,0,22,22,48,32
S|3086|8,0,8,24,48,24;10,0,24,22,48,32
S|3087|0,0,10,24,48,22;8,0,8,24,48,10;8,0,22,24,48,24;10,0,24,22,48,32
S|3088|0,0,10,24,48,22;8,0,8,24,48,10;8,0,22,24,48,24;10,0,24,22,48,32
S|3089|10,0,10,22,48,32
S|3090|0,0,10,22,48,22;10,0,22,22,48,32
S|3091|0,0,10,22,48,22;10,0,22,22,48,32
S|3092|8,0,8,24,48,24;10,0,0,22,48,8
S|3093|0,0,10,24,48,22;8,0,8,24,48,10;8,0,22,24,48,24;10,0,0,22,48,8
S|3094|0,0,10,24,48,22;8,0,8,24,48,10;8,0,22,24,48,24;10,0,0,22,48,8
S|3095|10,0,0,22,48,22
S|3096|0,0,10,22,48,22;10,0,0,22,48,10
S|3097|0,0,10,22,48,22;10,0,0,22,48,10
S|3098|8,0,8,24,48,24;10,0,0,22,48,8;10,0,24,22,48,32
S|3099|0,0,10,24,48,22;8,0,8,24,48,10;8,0,22,24,48,24;10,0,0,22,48,8;10,0,24,22,48,32
S|3100|0,0,10,24,48,22;8,0,8,24,48,10;8,0,22,24,48,24;10,0,0,22,48,8;10,0,24,22,48,32
S|3101|10,0,0,22,48,32
S|3102|0,0,10,22,48,22;10,0,0,22,48,10;10,0,22,22,48,32
S|3103|0,0,10,22,48,22;10,0,0,22,48,10;10,0,22,22,48,32
S|3104|8,0,8,24,48,24;10,0,0,22,48,8;10,0,24,22,48,32
S|3105|0,0,10,24,48,22;8,0,8,24,48,10;8,0,22,24,48,24;10,0,0,22,48,8;10,0,24,22,48,32
S|3106|0,0,10,24,48,22;8,0,8,24,48,10;8,0,22,24,48,24;10,0,0,22,48,8;10,0,24,22,48,32
S|3107|10,0,0,22,48,32
S|3108|0,0,10,22,48,22;10,0,0,22,48,10;10,0,22,22,48,32
S|3109|0,0,10,22,48,22;10,0,0,22,48,10;10,0,22,22,48,32
S|3110|8,0,8,24,48,24;10,0,0,22,48,8
S|3111|0,0,10,24,48,22;8,0,8,24,48,10;8,0,22,24,48,24;10,0,0,22,48,8
S|3112|0,0,10,24,48,22;8,0,8,24,48,10;8,0,22,24,48,24;10,0,0,22,48,8
S|3113|10,0,0,22,48,22
S|3114|0,0,10,22,48,22;10,0,0,22,48,10
S|3115|0,0,10,22,48,22;10,0,0,22,48,10
S|3116|8,0,8,24,48,24;10,0,0,22,48,8;10,0,24,22,48,32
S|3117|0,0,10,24,48,22;8,0,8,24,48,10;8,0,22,24,48,24;10,0,0,22,48,8;10,0,24,22,48,32
S|3118|0,0,10,24,48,22;8,0,8,24,48,10;8,0,22,24,48,24;10,0,0,22,48,8;10,0,24,22,48,32
S|3119|10,0,0,22,48,32
S|3120|0,0,10,22,48,22;10,0,0,22,48,10;10,0,22,22,48,32
S|3121|0,0,10,22,48,22;10,0,0,22,48,10;10,0,22,22,48,32
S|3122|8,0,8,24,48,24;10,0,0,22,48,8;10,0,24,22,48,32
S|3123|0,0,10,24,48,22;8,0,8,24,48,10;8,0,22,24,48,24;10,0,0,22,48,8;10,0,24,22,48,32
S|3124|0,0,10,24,48,22;8,0,8,24,48,10;8,0,22,24,48,24;10,0,0,22,48,8;10,0,24,22,48,32
S|3125|10,0,0,22,48,32
S|3126|0,0,10,22,48,22;10,0,0,22,48,10;10,0,22,22,48,32
S|3127|0,0,10,22,48,22;10,0,0,22,48,10;10,0,22,22,48,32
S|3128|8,0,8,24,48,24;24,0,10,32,48,22
S|3129|0,0,10,32,48,22;8,0,8,24,48,10;8,0,22,24,48,24
S|3130|0,0,10,32,48,22;8,0,8,24,48,10;8,0,22,24,48,24
S|3131|10,0,10,32,48,22
S|3132|0,0,10,32,48,22
S|3133|0,0,10,32,48,22
S|3134|8,0,8,24,48,24;10,0,24,22,48,32;24,0,10,32,48,22
S|3135|0,0,10,32,48,22;8,0,8,24,48,10;8,0,22,24,48,24;10,0,24,22,48,32
S|3136|0,0,10,32,48,22;8,0,8,24,48,10;8,0,22,24,48,24;10,0,24,22,48,32
S|3137|10,0,10,22,48,32;22,0,10,32,48,22
S|3138|0,0,10,32,48,22;10,0,22,22,48,32
S|3139|0,0,10,32,48,22;10,0,22,22,48,32
S|3140|8,0,8,24,48,24;10,0,24,22,48,32;24,0,10,32,48,22
S|3141|0,0,10,32,48,22;8,0,8,24,48,10;8,0,22,24,48,24;10,0,24,22,48,32
S|3142|0,0,10,32,48,22;8,0,8,24,48,10;8,0,22,24,48,24;10,0,24,22,48,32
S|3143|10,0,10,22,48,32;22,0,10,32,48,22
S|3144|0,0,10,32,48,22;10,0,22,22,48,32
S|3145|0,0,10,32,48,22;10,0,22,22,48,32
S|3146|8,0,8,24,48,24;10,0,0,22,48,8;24,0,10,32,48,22
S|3147|0,0,10,32,48,22;8,0,8,24,48,10;8,0,22,24,48,24;10,0,0,22,48,8
S|3148|0,0,10,32,48,22;8,0,8,24,48,10;8,0,22,24,48,24;10,0,0,22,48,8
S|3149|10,0,0,22,48,22;22,0,10,32,48,22
S|3150|0,0,10,32,48,22;10,0,0,22,48,10
S|3151|0,0,10,32,48,22;10,0,0,22,48,10
S|3152|8,0,8,24,48,24;10,0,0,22,48,8;10,0,24,22,48,32;24,0,10,32,48,22
S|3153|0,0,10,32,48,22;8,0,8,24,48,10;8,0,22,24,48,24;10,0,0,22,48,8;10,0,24,22,48,32
S|3154|0,0,10,32,48,22;8,0,8,24,48,10;8,0,22,24,48,24;10,0,0,22,48,8;10,0,24,22,48,32
S|3155|10,0,0,22,48,32;22,0,10,32,48,22
S|3156|0,0,10,32,48,22;10,0,0,22,48,10;10,0,22,22,48,32
S|3157|0,0,10,32,48,22;10,0,0,22,48,10;10,0,22,22,48,32
S|3158|8,0,8,24,48,24;10,0,0,22,48,8;10,0,24,22,48,32;24,0,10,32,48,22
S|3159|0,0,10,32,48,22;8,0,8,24,48,10;8,0,22,24,48,24;10,0,0,22,48,8;10,0,24,22,48,32
S|3160|0,0,10,32,48,22;8,0,8,24,48,10;8,0,22,24,48,24;10,0,0,22,48,8;10,0,24,22,48,32
S|3161|10,0,0,22,48,32;22,0,10,32,48,22
S|3162|0,0,10,32,48,22;10,0,0,22,48,10;10,0,22,22,48,32
S|3163|0,0,10,32,48,22;10,0,0,22,48,10;10,0,22,22,48,32
S|3164|8,0,8,24,48,24;10,0,0,22,48,8;24,0,10,32,48,22
S|3165|0,0,10,32,48,22;8,0,8,24,48,10;8,0,22,24,48,24;10,0,0,22,48,8
S|3166|0,0,10,32,48,22;8,0,8,24,48,10;8,0,22,24,48,24;10,0,0,22,48,8
S|3167|10,0,0,22,48,22;22,0,10,32,48,22
S|3168|0,0,10,32,48,22;10,0,0,22,48,10
S|3169|0,0,10,32,48,22;10,0,0,22,48,10
S|3170|8,0,8,24,48,24;10,0,0,22,48,8;10,0,24,22,48,32;24,0,10,32,48,22
S|3171|0,0,10,32,48,22;8,0,8,24,48,10;8,0,22,24,48,24;10,0,0,22,48,8;10,0,24,22,48,32
S|3172|0,0,10,32,48,22;8,0,8,24,48,10;8,0,22,24,48,24;10,0,0,22,48,8;10,0,24,22,48,32
S|3173|10,0,0,22,48,32;22,0,10,32,48,22
S|3174|0,0,10,32,48,22;10,0,0,22,48,10;10,0,22,22,48,32
S|3175|0,0,10,32,48,22;10,0,0,22,48,10;10,0,22,22,48,32
S|3176|8,0,8,24,48,24;10,0,0,22,48,8;10,0,24,22,48,32;24,0,10,32,48,22
S|3177|0,0,10,32,48,22;8,0,8,24,48,10;8,0,22,24,48,24;10,0,0,22,48,8;10,0,24,22,48,32
S|3178|0,0,10,32,48,22;8,0,8,24,48,10;8,0,22,24,48,24;10,0,0,22,48,8;10,0,24,22,48,32
S|3179|10,0,0,22,48,32;22,0,10,32,48,22
S|3180|0,0,10,32,48,22;10,0,0,22,48,10;10,0,22,22,48,32
S|3181|0,0,10,32,48,22;10,0,0,22,48,10;10,0,22,22,48,32
S|3182|8,0,8,24,48,24;24,0,10,32,48,22
S|3183|0,0,10,32,48,22;8,0,8,24,48,10;8,0,22,24,48,24
S|3184|0,0,10,32,48,22;8,0,8,24,48,10;8,0,22,24,48,24
S|3185|10,0,10,32,48,22
S|3186|0,0,10,32,48,22
S|3187|0,0,10,32,48,22
S|3188|8,0,8,24,48,24;10,0,24,22,48,32;24,0,10,32,48,22
S|3189|0,0,10,32,48,22;8,0,8,24,48,10;8,0,22,24,48,24;10,0,24,22,48,32
S|3190|0,0,10,32,48,22;8,0,8,24,48,10;8,0,22,24,48,24;10,0,24,22,48,32
S|3191|10,0,10,22,48,32;22,0,10,32,48,22
S|3192|0,0,10,32,48,22;10,0,22,22,48,32
S|3193|0,0,10,32,48,22;10,0,22,22,48,32
S|3194|8,0,8,24,48,24;10,0,24,22,48,32;24,0,10,32,48,22
S|3195|0,0,10,32,48,22;8,0,8,24,48,10;8,0,22,24,48,24;10,0,24,22,48,32
S|3196|0,0,10,32,48,22;8,0,8,24,48,10;8,0,22,24,48,24;10,0,24,22,48,32
S|3197|10,0,10,22,48,32;22,0,10,32,48,22
S|3198|0,0,10,32,48,22;10,0,22,22,48,32
S|3199|0,0,10,32,48,22;10,0,22,22,48,32
S|3200|8,0,8,24,48,24;10,0,0,22,48,8;24,0,10,32,48,22
S|3201|0,0,10,32,48,22;8,0,8,24,48,10;8,0,22,24,48,24;10,0,0,22,48,8
S|3202|0,0,10,32,48,22;8,0,8,24,48,10;8,0,22,24,48,24;10,0,0,22,48,8
S|3203|10,0,0,22,48,22;22,0,10,32,48,22
S|3204|0,0,10,32,48,22;10,0,0,22,48,10
S|3205|0,0,10,32,48,22;10,0,0,22,48,10
S|3206|8,0,8,24,48,24;10,0,0,22,48,8;10,0,24,22,48,32;24,0,10,32,48,22
S|3207|0,0,10,32,48,22;8,0,8,24,48,10;8,0,22,24,48,24;10,0,0,22,48,8;10,0,24,22,48,32
S|3208|0,0,10,32,48,22;8,0,8,24,48,10;8,0,22,24,48,24;10,0,0,22,48,8;10,0,24,22,48,32
S|3209|10,0,0,22,48,32;22,0,10,32,48,22
S|3210|0,0,10,32,48,22;10,0,0,22,48,10;10,0,22,22,48,32
S|3211|0,0,10,32,48,22;10,0,0,22,48,10;10,0,22,22,48,32
S|3212|8,0,8,24,48,24;10,0,0,22,48,8;10,0,24,22,48,32;24,0,10,32,48,22
S|3213|0,0,10,32,48,22;8,0,8,24,48,10;8,0,22,24,48,24;10,0,0,22,48,8;10,0,24,22,48,32
S|3214|0,0,10,32,48,22;8,0,8,24,48,10;8,0,22,24,48,24;10,0,0,22,48,8;10,0,24,22,48,32
S|3215|10,0,0,22,48,32;22,0,10,32,48,22
S|3216|0,0,10,32,48,22;10,0,0,22,48,10;10,0,22,22,48,32
S|3217|0,0,10,32,48,22;10,0,0,22,48,10;10,0,22,22,48,32
S|3218|8,0,8,24,48,24;10,0,0,22,48,8;24,0,10,32,48,22
S|3219|0,0,10,32,48,22;8,0,8,24,48,10;8,0,22,24,48,24;10,0,0,22,48,8
S|3220|0,0,10,32,48,22;8,0,8,24,48,10;8,0,22,24,48,24;10,0,0,22,48,8
S|3221|10,0,0,22,48,22;22,0,10,32,48,22
S|3222|0,0,10,32,48,22;10,0,0,22,48,10
S|3223|0,0,10,32,48,22;10,0,0,22,48,10
S|3224|8,0,8,24,48,24;10,0,0,22,48,8;10,0,24,22,48,32;24,0,10,32,48,22
S|3225|0,0,10,32,48,22;8,0,8,24,48,10;8,0,22,24,48,24;10,0,0,22,48,8;10,0,24,22,48,32
S|3226|0,0,10,32,48,22;8,0,8,24,48,10;8,0,22,24,48,24;10,0,0,22,48,8;10,0,24,22,48,32
S|3227|10,0,0,22,48,32;22,0,10,32,48,22
S|3228|0,0,10,32,48,22;10,0,0,22,48,10;10,0,22,22,48,32
S|3229|0,0,10,32,48,22;10,0,0,22,48,10;10,0,22,22,48,32
S|3230|8,0,8,24,48,24;10,0,0,22,48,8;10,0,24,22,48,32;24,0,10,32,48,22
S|3231|0,0,10,32,48,22;8,0,8,24,48,10;8,0,22,24,48,24;10,0,0,22,48,8;10,0,24,22,48,32
S|3232|0,0,10,32,48,22;8,0,8,24,48,10;8,0,22,24,48,24;10,0,0,22,48,8;10,0,24,22,48,32
S|3233|10,0,0,22,48,32;22,0,10,32,48,22
S|3234|0,0,10,32,48,22;10,0,0,22,48,10;10,0,22,22,48,32
S|3235|0,0,10,32,48,22;10,0,0,22,48,10;10,0,22,22,48,32
S|3236|8,0,8,24,48,24
S|3237|0,0,10,24,48,22;8,0,8,24,48,10;8,0,22,24,48,24
S|3238|0,0,10,24,48,22;8,0,8,24,48,10;8,0,22,24,48,24
S|3239|0,0,10,22,48,22
S|3240|0,0,10,22,48,22
S|3241|8,0,8,24,48,24;10,0,24,22,48,32
S|3242|0,0,10,24,48,22;8,0,8,24,48,10;8,0,22,24,48,24;10,0,24,22,48,32
S|3243|0,0,10,24,48,22;8,0,8,24,48,10;8,0,22,24,48,24;10,0,24,22,48,32
S|3244|10,0,10,22,48,32
S|3245|0,0,10,22,48,22;10,0,22,22,48,32
S|3246|0,0,10,22,48,22;10,0,22,22,48,32
S|3247|8,0,8,24,48,24;10,0,24,22,48,32
S|3248|0,0,10,24,48,22;8,0,8,24,48,10;8,0,22,24,48,24;10,0,24,22,48,32
S|3249|0,0,10,24,48,22;8,0,8,24,48,10;8,0,22,24,48,24;10,0,24,22,48,32
S|3250|10,0,10,22,48,32
S|3251|0,0,10,22,48,22;10,0,22,22,48,32
S|3252|0,0,10,22,48,22;10,0,22,22,48,32
S|3253|8,0,8,24,48,24;10,0,0,22,48,8
S|3254|0,0,10,24,48,22;8,0,8,24,48,10;8,0,22,24,48,24;10,0,0,22,48,8
S|3255|0,0,10,24,48,22;8,0,8,24,48,10;8,0,22,24,48,24;10,0,0,22,48,8
S|3256|10,0,0,22,48,22
S|3257|0,0,10,22,48,22;10,0,0,22,48,10
S|3258|0,0,10,22,48,22;10,0,0,22,48,10
S|3259|8,0,8,24,48,24;10,0,0,22,48,8;10,0,24,22,48,32
S|3260|0,0,10,24,48,22;8,0,8,24,48,10;8,0,22,24,48,24;10,0,0,22,48,8;10,0,24,22,48,32
S|3261|0,0,10,24,48,22;8,0,8,24,48,10;8,0,22,24,48,24;10,0,0,22,48,8;10,0,24,22,48,32
S|3262|10,0,0,22,48,32
S|3263|0,0,10,22,48,22;10,0,0,22,48,10;10,0,22,22,48,32
S|3264|0,0,10,22,48,22;10,0,0,22,48,10;10,0,22,22,48,32
S|3265|8,0,8,24,48,24;10,0,0,22,48,8;10,0,24,22,48,32
S|3266|0,0,10,24,48,22;8,0,8,24,48,10;8,0,22,24,48,24;10,0,0,22,48,8;10,0,24,22,48,32
S|3267|0,0,10,24,48,22;8,0,8,24,48,10;8,0,22,24,48,24;10,0,0,22,48,8;10,0,24,22,48,32
S|3268|10,0,0,22,48,32
S|3269|0,0,10,22,48,22;10,0,0,22,48,10;10,0,22,22,48,32
S|3270|0,0,10,22,48,22;10,0,0,22,48,10;10,0,22,22,48,32
S|3271|8,0,8,24,48,24;10,0,0,22,48,8
S|3272|0,0,10,24,48,22;8,0,8,24,48,10;8,0,22,24,48,24;10,0,0,22,48,8
S|3273|0,0,10,24,48,22;8,0,8,24,48,10;8,0,22,24,48,24;10,0,0,22,48,8
S|3274|10,0,0,22,48,22
S|3275|0,0,10,22,48,22;10,0,0,22,48,10
S|3276|0,0,10,22,48,22;10,0,0,22,48,10
S|3277|8,0,8,24,48,24;10,0,0,22,48,8;10,0,24,22,48,32
S|3278|0,0,10,24,48,22;8,0,8,24,48,10;8,0,22,24,48,24;10,0,0,22,48,8;10,0,24,22,48,32
S|3279|0,0,10,24,48,22;8,0,8,24,48,10;8,0,22,24,48,24;10,0,0,22,48,8;10,0,24,22,48,32
S|3280|10,0,0,22,48,32
S|3281|0,0,10,22,48,22;10,0,0,22,48,10;10,0,22,22,48,32
S|3282|0,0,10,22,48,22;10,0,0,22,48,10;10,0,22,22,48,32
S|3283|8,0,8,24,48,24;10,0,0,22,48,8;10,0,24,22,48,32
S|3284|0,0,10,24,48,22;8,0,8,24,48,10;8,0,22,24,48,24;10,0,0,22,48,8;10,0,24,22,48,32
S|3285|0,0,10,24,48,22;8,0,8,24,48,10;8,0,22,24,48,24;10,0,0,22,48,8;10,0,24,22,48,32
S|3286|10,0,0,22,48,32
S|3287|0,0,10,22,48,22;10,0,0,22,48,10;10,0,22,22,48,32
S|3288|0,0,10,22,48,22;10,0,0,22,48,10;10,0,22,22,48,32
S|3289|8,0,8,24,48,24;24,0,10,32,48,22
S|3290|0,0,10,32,48,22;8,0,8,24,48,10;8,0,22,24,48,24
S|3291|0,0,10,32,48,22;8,0,8,24,48,10;8,0,22,24,48,24
S|3292|10,0,10,32,48,22
S|3293|0,0,10,32,48,22
S|3294|0,0,10,32,48,22
S|3295|8,0,8,24,48,24;10,0,24,22,48,32;24,0,10,32,48,22
S|3296|0,0,10,32,48,22;8,0,8,24,48,10;8,0,22,24,48,24;10,0,24,22,48,32
S|3297|0,0,10,32,48,22;8,0,8,24,48,10;8,0,22,24,48,24;10,0,24,22,48,32
S|3298|10,0,10,22,48,32;22,0,10,32,48,22
S|3299|0,0,10,32,48,22;10,0,22,22,48,32
S|3300|0,0,10,32,48,22;10,0,22,22,48,32
S|3301|8,0,8,24,48,24;10,0,24,22,48,32;24,0,10,32,48,22
S|3302|0,0,10,32,48,22;8,0,8,24,48,10;8,0,22,24,48,24;10,0,24,22,48,32
S|3303|0,0,10,32,48,22;8,0,8,24,48,10;8,0,22,24,48,24;10,0,24,22,48,32
S|3304|10,0,10,22,48,32;22,0,10,32,48,22
S|3305|0,0,10,32,48,22;10,0,22,22,48,32
S|3306|0,0,10,32,48,22;10,0,22,22,48,32
S|3307|8,0,8,24,48,24;10,0,0,22,48,8;24,0,10,32,48,22
S|3308|0,0,10,32,48,22;8,0,8,24,48,10;8,0,22,24,48,24;10,0,0,22,48,8
S|3309|0,0,10,32,48,22;8,0,8,24,48,10;8,0,22,24,48,24;10,0,0,22,48,8
S|3310|10,0,0,22,48,22;22,0,10,32,48,22
S|3311|0,0,10,32,48,22;10,0,0,22,48,10
S|3312|0,0,10,32,48,22;10,0,0,22,48,10
S|3313|8,0,8,24,48,24;10,0,0,22,48,8;10,0,24,22,48,32;24,0,10,32,48,22
S|3314|0,0,10,32,48,22;8,0,8,24,48,10;8,0,22,24,48,24;10,0,0,22,48,8;10,0,24,22,48,32
S|3315|0,0,10,32,48,22;8,0,8,24,48,10;8,0,22,24,48,24;10,0,0,22,48,8;10,0,24,22,48,32
S|3316|10,0,0,22,48,32;22,0,10,32,48,22
S|3317|0,0,10,32,48,22;10,0,0,22,48,10;10,0,22,22,48,32
S|3318|0,0,10,32,48,22;10,0,0,22,48,10;10,0,22,22,48,32
S|3319|8,0,8,24,48,24;10,0,0,22,48,8;10,0,24,22,48,32;24,0,10,32,48,22
S|3320|0,0,10,32,48,22;8,0,8,24,48,10;8,0,22,24,48,24;10,0,0,22,48,8;10,0,24,22,48,32
S|3321|0,0,10,32,48,22;8,0,8,24,48,10;8,0,22,24,48,24;10,0,0,22,48,8;10,0,24,22,48,32
S|3322|10,0,0,22,48,32;22,0,10,32,48,22
S|3323|0,0,10,32,48,22;10,0,0,22,48,10;10,0,22,22,48,32
S|3324|0,0,10,32,48,22;10,0,0,22,48,10;10,0,22,22,48,32
S|3325|8,0,8,24,48,24;10,0,0,22,48,8;24,0,10,32,48,22
S|3326|0,0,10,32,48,22;8,0,8,24,48,10;8,0,22,24,48,24;10,0,0,22,48,8
S|3327|0,0,10,32,48,22;8,0,8,24,48,10;8,0,22,24,48,24;10,0,0,22,48,8
S|3328|10,0,0,22,48,22;22,0,10,32,48,22
S|3329|0,0,10,32,48,22;10,0,0,22,48,10
S|3330|0,0,10,32,48,22;10,0,0,22,48,10
S|3331|8,0,8,24,48,24;10,0,0,22,48,8;10,0,24,22,48,32;24,0,10,32,48,22
S|3332|0,0,10,32,48,22;8,0,8,24,48,10;8,0,22,24,48,24;10,0,0,22,48,8;10,0,24,22,48,32
S|3333|0,0,10,32,48,22;8,0,8,24,48,10;8,0,22,24,48,24;10,0,0,22,48,8;10,0,24,22,48,32
S|3334|10,0,0,22,48,32;22,0,10,32,48,22
S|3335|0,0,10,32,48,22;10,0,0,22,48,10;10,0,22,22,48,32
S|3336|0,0,10,32,48,22;10,0,0,22,48,10;10,0,22,22,48,32
S|3337|8,0,8,24,48,24;10,0,0,22,48,8;10,0,24,22,48,32;24,0,10,32,48,22
S|3338|0,0,10,32,48,22;8,0,8,24,48,10;8,0,22,24,48,24;10,0,0,22,48,8;10,0,24,22,48,32
S|3339|0,0,10,32,48,22;8,0,8,24,48,10;8,0,22,24,48,24;10,0,0,22,48,8;10,0,24,22,48,32
S|3340|10,0,0,22,48,32;22,0,10,32,48,22
S|3341|0,0,10,32,48,22;10,0,0,22,48,10;10,0,22,22,48,32
S|3342|0,0,10,32,48,22;10,0,0,22,48,10;10,0,22,22,48,32
S|3343|8,0,8,24,48,24;24,0,10,32,48,22
S|3344|0,0,10,32,48,22;8,0,8,24,48,10;8,0,22,24,48,24
S|3345|0,0,10,32,48,22;8,0,8,24,48,10;8,0,22,24,48,24
S|3346|10,0,10,32,48,22
S|3347|0,0,10,32,48,22
S|3348|0,0,10,32,48,22
S|3349|8,0,8,24,48,24;10,0,24,22,48,32;24,0,10,32,48,22
S|3350|0,0,10,32,48,22;8,0,8,24,48,10;8,0,22,24,48,24;10,0,24,22,48,32
S|3351|0,0,10,32,48,22;8,0,8,24,48,10;8,0,22,24,48,24;10,0,24,22,48,32
S|3352|10,0,10,22,48,32;22,0,10,32,48,22
S|3353|0,0,10,32,48,22;10,0,22,22,48,32
S|3354|0,0,10,32,48,22;10,0,22,22,48,32
S|3355|8,0,8,24,48,24;10,0,24,22,48,32;24,0,10,32,48,22
S|3356|0,0,10,32,48,22;8,0,8,24,48,10;8,0,22,24,48,24;10,0,24,22,48,32
S|3357|0,0,10,32,48,22;8,0,8,24,48,10;8,0,22,24,48,24;10,0,24,22,48,32
S|3358|10,0,10,22,48,32;22,0,10,32,48,22
S|3359|0,0,10,32,48,22;10,0,22,22,48,32
S|3360|0,0,10,32,48,22;10,0,22,22,48,32
S|3361|8,0,8,24,48,24;10,0,0,22,48,8;24,0,10,32,48,22
S|3362|0,0,10,32,48,22;8,0,8,24,48,10;8,0,22,24,48,24;10,0,0,22,48,8
S|3363|0,0,10,32,48,22;8,0,8,24,48,10;8,0,22,24,48,24;10,0,0,22,48,8
S|3364|10,0,0,22,48,22;22,0,10,32,48,22
S|3365|0,0,10,32,48,22;10,0,0,22,48,10
S|3366|0,0,10,32,48,22;10,0,0,22,48,10
S|3367|8,0,8,24,48,24;10,0,0,22,48,8;10,0,24,22,48,32;24,0,10,32,48,22
S|3368|0,0,10,32,48,22;8,0,8,24,48,10;8,0,22,24,48,24;10,0,0,22,48,8;10,0,24,22,48,32
S|3369|0,0,10,32,48,22;8,0,8,24,48,10;8,0,22,24,48,24;10,0,0,22,48,8;10,0,24,22,48,32
S|3370|10,0,0,22,48,32;22,0,10,32,48,22
S|3371|0,0,10,32,48,22;10,0,0,22,48,10;10,0,22,22,48,32
S|3372|0,0,10,32,48,22;10,0,0,22,48,10;10,0,22,22,48,32
S|3373|8,0,8,24,48,24;10,0,0,22,48,8;10,0,24,22,48,32;24,0,10,32,48,22
S|3374|0,0,10,32,48,22;8,0,8,24,48,10;8,0,22,24,48,24;10,0,0,22,48,8;10,0,24,22,48,32
S|3375|0,0,10,32,48,22;8,0,8,24,48,10;8,0,22,24,48,24;10,0,0,22,48,8;10,0,24,22,48,32
S|3376|10,0,0,22,48,32;22,0,10,32,48,22
S|3377|0,0,10,32,48,22;10,0,0,22,48,10;10,0,22,22,48,32
S|3378|0,0,10,32,48,22;10,0,0,22,48,10;10,0,22,22,48,32
S|3379|8,0,8,24,48,24;10,0,0,22,48,8;24,0,10,32,48,22
S|3380|0,0,10,32,48,22;8,0,8,24,48,10;8,0,22,24,48,24;10,0,0,22,48,8
S|3381|0,0,10,32,48,22;8,0,8,24,48,10;8,0,22,24,48,24;10,0,0,22,48,8
S|3382|10,0,0,22,48,22;22,0,10,32,48,22
S|3383|0,0,10,32,48,22;10,0,0,22,48,10
S|3384|0,0,10,32,48,22;10,0,0,22,48,10
S|3385|8,0,8,24,48,24;10,0,0,22,48,8;10,0,24,22,48,32;24,0,10,32,48,22
S|3386|0,0,10,32,48,22;8,0,8,24,48,10;8,0,22,24,48,24;10,0,0,22,48,8;10,0,24,22,48,32
S|3387|0,0,10,32,48,22;8,0,8,24,48,10;8,0,22,24,48,24;10,0,0,22,48,8;10,0,24,22,48,32
S|3388|10,0,0,22,48,32;22,0,10,32,48,22
S|3389|0,0,10,32,48,22;10,0,0,22,48,10;10,0,22,22,48,32
S|3390|0,0,10,32,48,22;10,0,0,22,48,10;10,0,22,22,48,32
S|3391|8,0,8,24,48,24;10,0,0,22,48,8;10,0,24,22,48,32;24,0,10,32,48,22
S|3392|0,0,10,32,48,22;8,0,8,24,48,10;8,0,22,24,48,24;10,0,0,22,48,8;10,0,24,22,48,32
S|3393|0,0,10,32,48,22;8,0,8,24,48,10;8,0,22,24,48,24;10,0,0,22,48,8;10,0,24,22,48,32
S|3394|10,0,0,22,48,32;22,0,10,32,48,22
S|3395|0,0,10,32,48,22;10,0,0,22,48,10;10,0,22,22,48,32
S|3396|0,0,10,32,48,22;10,0,0,22,48,10;10,0,22,22,48,32
S|3397|0,0,0,4,32,4;0,0,28,4,32,32;28,0,0,32,32,4;28,0,28,32,32,32;0,28,4,32,32,28;4,28,0,28,32,4;4,28,28,28,32,32
S|3398|4,0,12,8,26,20;24,0,12,28,26,20;8,8,4,24,32,28;4,14,10,8,26,12;4,14,20,8,26,22;24,14,10,28,26,12;24,14,20,28,26,22
S|3399|4,0,12,8,26,20;24,0,12,28,26,20;8,8,4,24,32,28;4,14,10,8,26,12;4,14,20,8,26,22;24,14,10,28,26,12;24,14,20,28,26,22
S|3400|12,0,4,20,26,8;12,0,24,20,26,28;4,8,8,28,32,24;10,14,4,12,26,8;10,14,24,12,26,28;20,14,4,22,26,8;20,14,24,22,26,28
S|3401|12,0,4,20,26,8;12,0,24,20,26,28;4,8,8,28,32,24;10,14,4,12,26,8;10,14,24,12,26,28;20,14,4,22,26,8;20,14,24,22,26,28
S|3402|8,4,0,24,28,24;4,10,6,8,22,18;24,10,6,28,22,18;4,12,18,8,20,32;24,12,18,28,20,32
S|3403|8,4,8,24,28,32;4,10,14,8,22,26;24,10,14,28,22,26;4,12,0,8,20,14;24,12,0,28,20,14
S|3404|0,4,8,24,28,24;6,10,4,18,22,8;6,10,24,18,22,28;18,12,4,32,20,8;18,12,24,32,20,28
S|3405|8,4,8,32,28,24;14,10,4,26,22,8;14,10,24,26,22,28;0,12,4,14,20,8;0,12,24,14,20,28
S|3406|8,0,4,24,24,28;4,6,10,8,18,22;24,6,10,28,18,22;4,18,12,8,32,20;24,18,12,28,32,20
S|3407|8,0,4,24,24,28;4,6,10,8,18,22;24,6,10,28,18,22;4,18,12,8,32,20;24,18,12,28,32,20
S|3408|4,0,8,28,24,24;10,6,4,22,18,8;10,6,24,22,18,28;12,18,4,20,32,8;12,18,24,20,32,28
S|3409|4,0,8,28,24,24;10,6,4,22,18,8;10,6,24,22,18,28;12,18,4,20,32,8;12,18,24,20,32,28
S|3410|0,0,0,32,4,32;8,4,8,24,28,24
S|3411|0,0,0,32,18,32
S|3412|0,0,8,32,32,24
S|3413|8,0,0,24,32,32
S|3414|8,8,8,24,12,24;10,12,10,22,26,22;14,26,14,18,32,18
S|3415|8,8,8,24,12,24;10,12,10,22,26,22;14,26,0,18,30,26
S|3416|8,8,8,24,12,24;10,12,10,22,26,22;14,26,6,18,30,32
S|3417|8,8,8,24,12,24;10,12,10,22,26,22;0,26,14,26,30,18
S|3418|8,8,8,24,12,24;10,12,10,22,26,22;6,26,14,32,30,18
S|3419|8,8,8,24,12,24;10,12,10,22,26,22;14,26,0,18,30,32
S|3420|8,8,8,24,12,24;10,12,10,22,26,22;0,26,14,32,30,18
S|3421|10,2,10,22,16,22;12,16,12,20,20,20
S|3422|10,0,10,22,14,22;12,14,12,20,18,20
S|3423|0,0,0,32,14,32
S|3424|0,0,12,32,48,20;12,0,0,20,48,12;12,0,20,20,48,32
S|3425|12,0,0,20,48,32;20,0,12,32,48,20
S|3426|0,0,12,32,48,20;12,0,0,20,48,12
S|3427|12,0,0,20,48,20;20,0,12,32,48,20
S|3428|0,0,12,32,48,20;12,0,20,20,48,32
S|3429|12,0,12,20,48,32;20,0,12,32,48,20
S|3430|0,0,12,32,48,20
S|3431|12,0,12,32,48,20
S|3432|0,0,12,20,48,20;12,0,0,20,48,12;12,0,20,20,48,32
S|3433|12,0,0,20,48,32
S|3434|0,0,12,20,48,20;12,0,0,20,48,12
S|3435|12,0,0,20,48,20
S|3436|0,0,12,20,48,20;12,0,20,20,48,32
S|3437|12,0,12,20,48,32
S|3438|0,0,12,20,48,20
S|3439|12,0,12,20,48,20
S|3440|0,0,12,32,48,20;12,0,0,20,48,12;12,0,20,20,48,32
S|3441|12,0,0,20,48,32;20,0,12,32,48,20
S|3442|0,0,12,32,48,20;12,0,0,20,48,12
S|3443|12,0,0,20,48,20;20,0,12,32,48,20
S|3444|0,0,12,32,48,20;12,0,20,20,48,32
S|3445|12,0,12,20,48,32;20,0,12,32,48,20
S|3446|0,0,12,32,48,20
S|3447|12,0,12,32,48,20
S|3448|0,0,12,20,48,20;12,0,0,20,48,12;12,0,20,20,48,32
S|3449|12,0,0,20,48,32
S|3450|0,0,12,20,48,20;12,0,0,20,48,12
S|3451|12,0,0,20,48,20
S|3452|0,0,12,20,48,20;12,0,20,20,48,32
S|3453|12,0,12,20,48,32
S|3454|0,0,12,20,48,20
S|3455|12,0,12,20,48,20
S|3456|0,0,0,32,4,32;0,4,0,4,32,32;4,4,0,32,32,4;4,4,28,32,32,32;28,4,4,32,32,28
S|3457|2,0,2,30,30,30
S|3458|8,0,8,24,48,24
S|3459|0,0,10,24,48,22;8,0,8,24,48,10;8,0,22,24,48,24
S|3460|0,0,10,24,48,22;8,0,8,24,48,10;8,0,22,24,48,24
S|3461|0,0,10,22,48,22
S|3462|0,0,10,22,48,22
S|3463|8,0,8,24,48,24;10,0,24,22,48,32
S|3464|0,0,10,24,48,22;8,0,8,24,48,10;8,0,22,24,48,24;10,0,24,22,48,32
S|3465|0,0,10,24,48,22;8,0,8,24,48,10;8,0,22,24,48,24;10,0,24,22,48,32
S|3466|10,0,10,22,48,32
S|3467|0,0,10,22,48,22;10,0,22,22,48,32
S|3468|0,0,10,22,48,22;10,0,22,22,48,32
S|3469|8,0,8,24,48,24;10,0,24,22,48,32
S|3470|0,0,10,24,48,22;8,0,8,24,48,10;8,0,22,24,48,24;10,0,24,22,48,32
S|3471|0,0,10,24,48,22;8,0,8,24,48,10;8,0,22,24,48,24;10,0,24,22,48,32
S|3472|10,0,10,22,48,32
S|3473|0,0,10,22,48,22;10,0,22,22,48,32
S|3474|0,0,10,22,48,22;10,0,22,22,48,32
S|3475|8,0,8,24,48,24;10,0,0,22,48,8
S|3476|0,0,10,24,48,22;8,0,8,24,48,10;8,0,22,24,48,24;10,0,0,22,48,8
S|3477|0,0,10,24,48,22;8,0,8,24,48,10;8,0,22,24,48,24;10,0,0,22,48,8
S|3478|10,0,0,22,48,22
S|3479|0,0,10,22,48,22;10,0,0,22,48,10
S|3480|0,0,10,22,48,22;10,0,0,22,48,10
S|3481|8,0,8,24,48,24;10,0,0,22,48,8;10,0,24,22,48,32
S|3482|0,0,10,24,48,22;8,0,8,24,48,10;8,0,22,24,48,24;10,0,0,22,48,8;10,0,24,22,48,32
S|3483|0,0,10,24,48,22;8,0,8,24,48,10;8,0,22,24,48,24;10,0,0,22,48,8;10,0,24,22,48,32
S|3484|10,0,0,22,48,32
S|3485|0,0,10,22,48,22;10,0,0,22,48,10;10,0,22,22,48,32
S|3486|0,0,10,22,48,22;10,0,0,22,48,10;10,0,22,22,48,32
S|3487|8,0,8,24,48,24;10,0,0,22,48,8;10,0,24,22,48,32
S|3488|0,0,10,24,48,22;8,0,8,24,48,10;8,0,22,24,48,24;10,0,0,22,48,8;10,0,24,22,48,32
S|3489|0,0,10,24,48,22;8,0,8,24,48,10;8,0,22,24,48,24;10,0,0,22,48,8;10,0,24,22,48,32
S|3490|10,0,0,22,48,32
S|3491|0,0,10,22,48,22;10,0,0,22,48,10;10,0,22,22,48,32
S|3492|0,0,10,22,48,22;10,0,0,22,48,10;10,0,22,22,48,32
S|3493|8,0,8,24,48,24;10,0,0,22,48,8
S|3494|0,0,10,24,48,22;8,0,8,24,48,10;8,0,22,24,48,24;10,0,0,22,48,8
S|3495|0,0,10,24,48,22;8,0,8,24,48,10;8,0,22,24,48,24;10,0,0,22,48,8
S|3496|10,0,0,22,48,22
S|3497|0,0,10,22,48,22;10,0,0,22,48,10
S|3498|0,0,10,22,48,22;10,0,0,22,48,10
S|3499|8,0,8,24,48,24;10,0,0,22,48,8;10,0,24,22,48,32
S|3500|0,0,10,24,48,22;8,0,8,24,48,10;8,0,22,24,48,24;10,0,0,22,48,8;10,0,24,22,48,32
S|3501|0,0,10,24,48,22;8,0,8,24,48,10;8,0,22,24,48,24;10,0,0,22,48,8;10,0,24,22,48,32
S|3502|10,0,0,22,48,32
S|3503|0,0,10,22,48,22;10,0,0,22,48,10;10,0,22,22,48,32
S|3504|0,0,10,22,48,22;10,0,0,22,48,10;10,0,22,22,48,32
S|3505|8,0,8,24,48,24;10,0,0,22,48,8;10,0,24,22,48,32
S|3506|0,0,10,24,48,22;8,0,8,24,48,10;8,0,22,24,48,24;10,0,0,22,48,8;10,0,24,22,48,32
S|3507|0,0,10,24,48,22;8,0,8,24,48,10;8,0,22,24,48,24;10,0,0,22,48,8;10,0,24,22,48,32
S|3508|10,0,0,22,48,32
S|3509|0,0,10,22,48,22;10,0,0,22,48,10;10,0,22,22,48,32
S|3510|0,0,10,22,48,22;10,0,0,22,48,10;10,0,22,22,48,32
S|3511|8,0,8,24,48,24;24,0,10,32,48,22
S|3512|0,0,10,32,48,22;8,0,8,24,48,10;8,0,22,24,48,24
S|3513|0,0,10,32,48,22;8,0,8,24,48,10;8,0,22,24,48,24
S|3514|10,0,10,32,48,22
S|3515|0,0,10,32,48,22
S|3516|0,0,10,32,48,22
S|3517|8,0,8,24,48,24;10,0,24,22,48,32;24,0,10,32,48,22
S|3518|0,0,10,32,48,22;8,0,8,24,48,10;8,0,22,24,48,24;10,0,24,22,48,32
S|3519|0,0,10,32,48,22;8,0,8,24,48,10;8,0,22,24,48,24;10,0,24,22,48,32
S|3520|10,0,10,22,48,32;22,0,10,32,48,22
S|3521|0,0,10,32,48,22;10,0,22,22,48,32
S|3522|0,0,10,32,48,22;10,0,22,22,48,32
S|3523|8,0,8,24,48,24;10,0,24,22,48,32;24,0,10,32,48,22
S|3524|0,0,10,32,48,22;8,0,8,24,48,10;8,0,22,24,48,24;10,0,24,22,48,32
S|3525|0,0,10,32,48,22;8,0,8,24,48,10;8,0,22,24,48,24;10,0,24,22,48,32
S|3526|10,0,10,22,48,32;22,0,10,32,48,22
S|3527|0,0,10,32,48,22;10,0,22,22,48,32
S|3528|0,0,10,32,48,22;10,0,22,22,48,32
S|3529|8,0,8,24,48,24;10,0,0,22,48,8;24,0,10,32,48,22
S|3530|0,0,10,32,48,22;8,0,8,24,48,10;8,0,22,24,48,24;10,0,0,22,48,8
S|3531|0,0,10,32,48,22;8,0,8,24,48,10;8,0,22,24,48,24;10,0,0,22,48,8
S|3532|10,0,0,22,48,22;22,0,10,32,48,22
S|3533|0,0,10,32,48,22;10,0,0,22,48,10
S|3534|0,0,10,32,48,22;10,0,0,22,48,10
S|3535|8,0,8,24,48,24;10,0,0,22,48,8;10,0,24,22,48,32;24,0,10,32,48,22
S|3536|0,0,10,32,48,22;8,0,8,24,48,10;8,0,22,24,48,24;10,0,0,22,48,8;10,0,24,22,48,32
S|3537|0,0,10,32,48,22;8,0,8,24,48,10;8,0,22,24,48,24;10,0,0,22,48,8;10,0,24,22,48,32
S|3538|10,0,0,22,48,32;22,0,10,32,48,22
S|3539|0,0,10,32,48,22;10,0,0,22,48,10;10,0,22,22,48,32
S|3540|0,0,10,32,48,22;10,0,0,22,48,10;10,0,22,22,48,32
S|3541|8,0,8,24,48,24;10,0,0,22,48,8;10,0,24,22,48,32;24,0,10,32,48,22
S|3542|0,0,10,32,48,22;8,0,8,24,48,10;8,0,22,24,48,24;10,0,0,22,48,8;10,0,24,22,48,32
S|3543|0,0,10,32,48,22;8,0,8,24,48,10;8,0,22,24,48,24;10,0,0,22,48,8;10,0,24,22,48,32
S|3544|10,0,0,22,48,32;22,0,10,32,48,22
S|3545|0,0,10,32,48,22;10,0,0,22,48,10;10,0,22,22,48,32
S|3546|0,0,10,32,48,22;10,0,0,22,48,10;10,0,22,22,48,32
S|3547|8,0,8,24,48,24;10,0,0,22,48,8;24,0,10,32,48,22
S|3548|0,0,10,32,48,22;8,0,8,24,48,10;8,0,22,24,48,24;10,0,0,22,48,8
S|3549|0,0,10,32,48,22;8,0,8,24,48,10;8,0,22,24,48,24;10,0,0,22,48,8
S|3550|10,0,0,22,48,22;22,0,10,32,48,22
S|3551|0,0,10,32,48,22;10,0,0,22,48,10
S|3552|0,0,10,32,48,22;10,0,0,22,48,10
S|3553|8,0,8,24,48,24;10,0,0,22,48,8;10,0,24,22,48,32;24,0,10,32,48,22
S|3554|0,0,10,32,48,22;8,0,8,24,48,10;8,0,22,24,48,24;10,0,0,22,48,8;10,0,24,22,48,32
S|3555|0,0,10,32,48,22;8,0,8,24,48,10;8,0,22,24,48,24;10,0,0,22,48,8;10,0,24,22,48,32
S|3556|10,0,0,22,48,32;22,0,10,32,48,22
S|3557|0,0,10,32,48,22;10,0,0,22,48,10;10,0,22,22,48,32
S|3558|0,0,10,32,48,22;10,0,0,22,48,10;10,0,22,22,48,32
S|3559|8,0,8,24,48,24;10,0,0,22,48,8;10,0,24,22,48,32;24,0,10,32,48,22
S|3560|0,0,10,32,48,22;8,0,8,24,48,10;8,0,22,24,48,24;10,0,0,22,48,8;10,0,24,22,48,32
S|3561|0,0,10,32,48,22;8,0,8,24,48,10;8,0,22,24,48,24;10,0,0,22,48,8;10,0,24,22,48,32
S|3562|10,0,0,22,48,32;22,0,10,32,48,22
S|3563|0,0,10,32,48,22;10,0,0,22,48,10;10,0,22,22,48,32
S|3564|0,0,10,32,48,22;10,0,0,22,48,10;10,0,22,22,48,32
S|3565|8,0,8,24,48,24;24,0,10,32,48,22
S|3566|0,0,10,32,48,22;8,0,8,24,48,10;8,0,22,24,48,24
S|3567|0,0,10,32,48,22;8,0,8,24,48,10;8,0,22,24,48,24
S|3568|10,0,10,32,48,22
S|3569|0,0,10,32,48,22
S|3570|0,0,10,32,48,22
S|3571|8,0,8,24,48,24;10,0,24,22,48,32;24,0,10,32,48,22
S|3572|0,0,10,32,48,22;8,0,8,24,48,10;8,0,22,24,48,24;10,0,24,22,48,32
S|3573|0,0,10,32,48,22;8,0,8,24,48,10;8,0,22,24,48,24;10,0,24,22,48,32
S|3574|10,0,10,22,48,32;22,0,10,32,48,22
S|3575|0,0,10,32,48,22;10,0,22,22,48,32
S|3576|0,0,10,32,48,22;10,0,22,22,48,32
S|3577|8,0,8,24,48,24;10,0,24,22,48,32;24,0,10,32,48,22
S|3578|0,0,10,32,48,22;8,0,8,24,48,10;8,0,22,24,48,24;10,0,24,22,48,32
S|3579|0,0,10,32,48,22;8,0,8,24,48,10;8,0,22,24,48,24;10,0,24,22,48,32
S|3580|10,0,10,22,48,32;22,0,10,32,48,22
S|3581|0,0,10,32,48,22;10,0,22,22,48,32
S|3582|0,0,10,32,48,22;10,0,22,22,48,32
S|3583|8,0,8,24,48,24;10,0,0,22,48,8;24,0,10,32,48,22
S|3584|0,0,10,32,48,22;8,0,8,24,48,10;8,0,22,24,48,24;10,0,0,22,48,8
S|3585|0,0,10,32,48,22;8,0,8,24,48,10;8,0,22,24,48,24;10,0,0,22,48,8
S|3586|10,0,0,22,48,22;22,0,10,32,48,22
S|3587|0,0,10,32,48,22;10,0,0,22,48,10
S|3588|0,0,10,32,48,22;10,0,0,22,48,10
S|3589|8,0,8,24,48,24;10,0,0,22,48,8;10,0,24,22,48,32;24,0,10,32,48,22
S|3590|0,0,10,32,48,22;8,0,8,24,48,10;8,0,22,24,48,24;10,0,0,22,48,8;10,0,24,22,48,32
S|3591|0,0,10,32,48,22;8,0,8,24,48,10;8,0,22,24,48,24;10,0,0,22,48,8;10,0,24,22,48,32
S|3592|10,0,0,22,48,32;22,0,10,32,48,22
S|3593|0,0,10,32,48,22;10,0,0,22,48,10;10,0,22,22,48,32
S|3594|0,0,10,32,48,22;10,0,0,22,48,10;10,0,22,22,48,32
S|3595|8,0,8,24,48,24;10,0,0,22,48,8;10,0,24,22,48,32;24,0,10,32,48,22
S|3596|0,0,10,32,48,22;8,0,8,24,48,10;8,0,22,24,48,24;10,0,0,22,48,8;10,0,24,22,48,32
S|3597|0,0,10,32,48,22;8,0,8,24,48,10;8,0,22,24,48,24;10,0,0,22,48,8;10,0,24,22,48,32
S|3598|10,0,0,22,48,32;22,0,10,32,48,22
S|3599|0,0,10,32,48,22;10,0,0,22,48,10;10,0,22,22,48,32
S|3600|0,0,10,32,48,22;10,0,0,22,48,10;10,0,22,22,48,32
S|3601|8,0,8,24,48,24;10,0,0,22,48,8;24,0,10,32,48,22
S|3602|0,0,10,32,48,22;8,0,8,24,48,10;8,0,22,24,48,24;10,0,0,22,48,8
S|3603|0,0,10,32,48,22;8,0,8,24,48,10;8,0,22,24,48,24;10,0,0,22,48,8
S|3604|10,0,0,22,48,22;22,0,10,32,48,22
S|3605|0,0,10,32,48,22;10,0,0,22,48,10
S|3606|0,0,10,32,48,22;10,0,0,22,48,10
S|3607|8,0,8,24,48,24;10,0,0,22,48,8;10,0,24,22,48,32;24,0,10,32,48,22
S|3608|0,0,10,32,48,22;8,0,8,24,48,10;8,0,22,24,48,24;10,0,0,22,48,8;10,0,24,22,48,32
S|3609|0,0,10,32,48,22;8,0,8,24,48,10;8,0,22,24,48,24;10,0,0,22,48,8;10,0,24,22,48,32
S|3610|10,0,0,22,48,32;22,0,10,32,48,22
S|3611|0,0,10,32,48,22;10,0,0,22,48,10;10,0,22,22,48,32
S|3612|0,0,10,32,48,22;10,0,0,22,48,10;10,0,22,22,48,32
S|3613|8,0,8,24,48,24;10,0,0,22,48,8;10,0,24,22,48,32;24,0,10,32,48,22
S|3614|0,0,10,32,48,22;8,0,8,24,48,10;8,0,22,24,48,24;10,0,0,22,48,8;10,0,24,22,48,32
S|3615|0,0,10,32,48,22;8,0,8,24,48,10;8,0,22,24,48,24;10,0,0,22,48,8;10,0,24,22,48,32
S|3616|10,0,0,22,48,32;22,0,10,32,48,22
S|3617|0,0,10,32,48,22;10,0,0,22,48,10;10,0,22,22,48,32
S|3618|0,0,10,32,48,22;10,0,0,22,48,10;10,0,22,22,48,32
S|3619|8,0,8,24,48,24
S|3620|0,0,10,24,48,22;8,0,8,24,48,10;8,0,22,24,48,24
S|3621|0,0,10,24,48,22;8,0,8,24,48,10;8,0,22,24,48,24
S|3622|0,0,10,22,48,22
S|3623|0,0,10,22,48,22
S|3624|8,0,8,24,48,24;10,0,24,22,48,32
S|3625|0,0,10,24,48,22;8,0,8,24,48,10;8,0,22,24,48,24;10,0,24,22,48,32
S|3626|0,0,10,24,48,22;8,0,8,24,48,10;8,0,22,24,48,24;10,0,24,22,48,32
S|3627|10,0,10,22,48,32
S|3628|0,0,10,22,48,22;10,0,22,22,48,32
S|3629|0,0,10,22,48,22;10,0,22,22,48,32
S|3630|8,0,8,24,48,24;10,0,24,22,48,32
S|3631|0,0,10,24,48,22;8,0,8,24,48,10;8,0,22,24,48,24;10,0,24,22,48,32
S|3632|0,0,10,24,48,22;8,0,8,24,48,10;8,0,22,24,48,24;10,0,24,22,48,32
S|3633|10,0,10,22,48,32
S|3634|0,0,10,22,48,22;10,0,22,22,48,32
S|3635|0,0,10,22,48,22;10,0,22,22,48,32
S|3636|8,0,8,24,48,24;10,0,0,22,48,8
S|3637|0,0,10,24,48,22;8,0,8,24,48,10;8,0,22,24,48,24;10,0,0,22,48,8
S|3638|0,0,10,24,48,22;8,0,8,24,48,10;8,0,22,24,48,24;10,0,0,22,48,8
S|3639|10,0,0,22,48,22
S|3640|0,0,10,22,48,22;10,0,0,22,48,10
S|3641|0,0,10,22,48,22;10,0,0,22,48,10
S|3642|8,0,8,24,48,24;10,0,0,22,48,8;10,0,24,22,48,32
S|3643|0,0,10,24,48,22;8,0,8,24,48,10;8,0,22,24,48,24;10,0,0,22,48,8;10,0,24,22,48,32
S|3644|0,0,10,24,48,22;8,0,8,24,48,10;8,0,22,24,48,24;10,0,0,22,48,8;10,0,24,22,48,32
S|3645|10,0,0,22,48,32
S|3646|0,0,10,22,48,22;10,0,0,22,48,10;10,0,22,22,48,32
S|3647|0,0,10,22,48,22;10,0,0,22,48,10;10,0,22,22,48,32
S|3648|8,0,8,24,48,24;10,0,0,22,48,8;10,0,24,22,48,32
S|3649|0,0,10,24,48,22;8,0,8,24,48,10;8,0,22,24,48,24;10,0,0,22,48,8;10,0,24,22,48,32
S|3650|0,0,10,24,48,22;8,0,8,24,48,10;8,0,22,24,48,24;10,0,0,22,48,8;10,0,24,22,48,32
S|3651|10,0,0,22,48,32
S|3652|0,0,10,22,48,22;10,0,0,22,48,10;10,0,22,22,48,32
S|3653|0,0,10,22,48,22;10,0,0,22,48,10;10,0,22,22,48,32
S|3654|8,0,8,24,48,24;10,0,0,22,48,8
S|3655|0,0,10,24,48,22;8,0,8,24,48,10;8,0,22,24,48,24;10,0,0,22,48,8
S|3656|0,0,10,24,48,22;8,0,8,24,48,10;8,0,22,24,48,24;10,0,0,22,48,8
S|3657|10,0,0,22,48,22
S|3658|0,0,10,22,48,22;10,0,0,22,48,10
S|3659|0,0,10,22,48,22;10,0,0,22,48,10
S|3660|8,0,8,24,48,24;10,0,0,22,48,8;10,0,24,22,48,32
S|3661|0,0,10,24,48,22;8,0,8,24,48,10;8,0,22,24,48,24;10,0,0,22,48,8;10,0,24,22,48,32
S|3662|0,0,10,24,48,22;8,0,8,24,48,10;8,0,22,24,48,24;10,0,0,22,48,8;10,0,24,22,48,32
S|3663|10,0,0,22,48,32
S|3664|0,0,10,22,48,22;10,0,0,22,48,10;10,0,22,22,48,32
S|3665|0,0,10,22,48,22;10,0,0,22,48,10;10,0,22,22,48,32
S|3666|8,0,8,24,48,24;10,0,0,22,48,8;10,0,24,22,48,32
S|3667|0,0,10,24,48,22;8,0,8,24,48,10;8,0,22,24,48,24;10,0,0,22,48,8;10,0,24,22,48,32
S|3668|0,0,10,24,48,22;8,0,8,24,48,10;8,0,22,24,48,24;10,0,0,22,48,8;10,0,24,22,48,32
S|3669|10,0,0,22,48,32
S|3670|0,0,10,22,48,22;10,0,0,22,48,10;10,0,22,22,48,32
S|3671|0,0,10,22,48,22;10,0,0,22,48,10;10,0,22,22,48,32
S|3672|8,0,8,24,48,24;24,0,10,32,48,22
S|3673|0,0,10,32,48,22;8,0,8,24,48,10;8,0,22,24,48,24
S|3674|0,0,10,32,48,22;8,0,8,24,48,10;8,0,22,24,48,24
S|3675|10,0,10,32,48,22
S|3676|0,0,10,32,48,22
S|3677|0,0,10,32,48,22
S|3678|8,0,8,24,48,24;10,0,24,22,48,32;24,0,10,32,48,22
S|3679|0,0,10,32,48,22;8,0,8,24,48,10;8,0,22,24,48,24;10,0,24,22,48,32
S|3680|0,0,10,32,48,22;8,0,8,24,48,10;8,0,22,24,48,24;10,0,24,22,48,32
S|3681|10,0,10,22,48,32;22,0,10,32,48,22
S|3682|0,0,10,32,48,22;10,0,22,22,48,32
S|3683|0,0,10,32,48,22;10,0,22,22,48,32
S|3684|8,0,8,24,48,24;10,0,24,22,48,32;24,0,10,32,48,22
S|3685|0,0,10,32,48,22;8,0,8,24,48,10;8,0,22,24,48,24;10,0,24,22,48,32
S|3686|0,0,10,32,48,22;8,0,8,24,48,10;8,0,22,24,48,24;10,0,24,22,48,32
S|3687|10,0,10,22,48,32;22,0,10,32,48,22
S|3688|0,0,10,32,48,22;10,0,22,22,48,32
S|3689|0,0,10,32,48,22;10,0,22,22,48,32
S|3690|8,0,8,24,48,24;10,0,0,22,48,8;24,0,10,32,48,22
S|3691|0,0,10,32,48,22;8,0,8,24,48,10;8,0,22,24,48,24;10,0,0,22,48,8
S|3692|0,0,10,32,48,22;8,0,8,24,48,10;8,0,22,24,48,24;10,0,0,22,48,8
S|3693|10,0,0,22,48,22;22,0,10,32,48,22
S|3694|0,0,10,32,48,22;10,0,0,22,48,10
S|3695|0,0,10,32,48,22;10,0,0,22,48,10
S|3696|8,0,8,24,48,24;10,0,0,22,48,8;10,0,24,22,48,32;24,0,10,32,48,22
S|3697|0,0,10,32,48,22;8,0,8,24,48,10;8,0,22,24,48,24;10,0,0,22,48,8;10,0,24,22,48,32
S|3698|0,0,10,32,48,22;8,0,8,24,48,10;8,0,22,24,48,24;10,0,0,22,48,8;10,0,24,22,48,32
S|3699|10,0,0,22,48,32;22,0,10,32,48,22
S|3700|0,0,10,32,48,22;10,0,0,22,48,10;10,0,22,22,48,32
S|3701|0,0,10,32,48,22;10,0,0,22,48,10;10,0,22,22,48,32
S|3702|8,0,8,24,48,24;10,0,0,22,48,8;10,0,24,22,48,32;24,0,10,32,48,22
S|3703|0,0,10,32,48,22;8,0,8,24,48,10;8,0,22,24,48,24;10,0,0,22,48,8;10,0,24,22,48,32
S|3704|0,0,10,32,48,22;8,0,8,24,48,10;8,0,22,24,48,24;10,0,0,22,48,8;10,0,24,22,48,32
S|3705|10,0,0,22,48,32;22,0,10,32,48,22
S|3706|0,0,10,32,48,22;10,0,0,22,48,10;10,0,22,22,48,32
S|3707|0,0,10,32,48,22;10,0,0,22,48,10;10,0,22,22,48,32
S|3708|8,0,8,24,48,24;10,0,0,22,48,8;24,0,10,32,48,22
S|3709|0,0,10,32,48,22;8,0,8,24,48,10;8,0,22,24,48,24;10,0,0,22,48,8
S|3710|0,0,10,32,48,22;8,0,8,24,48,10;8,0,22,24,48,24;10,0,0,22,48,8
S|3711|10,0,0,22,48,22;22,0,10,32,48,22
S|3712|0,0,10,32,48,22;10,0,0,22,48,10
S|3713|0,0,10,32,48,22;10,0,0,22,48,10
S|3714|8,0,8,24,48,24;10,0,0,22,48,8;10,0,24,22,48,32;24,0,10,32,48,22
S|3715|0,0,10,32,48,22;8,0,8,24,48,10;8,0,22,24,48,24;10,0,0,22,48,8;10,0,24,22,48,32
S|3716|0,0,10,32,48,22;8,0,8,24,48,10;8,0,22,24,48,24;10,0,0,22,48,8;10,0,24,22,48,32
S|3717|10,0,0,22,48,32;22,0,10,32,48,22
S|3718|0,0,10,32,48,22;10,0,0,22,48,10;10,0,22,22,48,32
S|3719|0,0,10,32,48,22;10,0,0,22,48,10;10,0,22,22,48,32
S|3720|8,0,8,24,48,24;10,0,0,22,48,8;10,0,24,22,48,32;24,0,10,32,48,22
S|3721|0,0,10,32,48,22;8,0,8,24,48,10;8,0,22,24,48,24;10,0,0,22,48,8;10,0,24,22,48,32
S|3722|0,0,10,32,48,22;8,0,8,24,48,10;8,0,22,24,48,24;10,0,0,22,48,8;10,0,24,22,48,32
S|3723|10,0,0,22,48,32;22,0,10,32,48,22
S|3724|0,0,10,32,48,22;10,0,0,22,48,10;10,0,22,22,48,32
S|3725|0,0,10,32,48,22;10,0,0,22,48,10;10,0,22,22,48,32
S|3726|8,0,8,24,48,24;24,0,10,32,48,22
S|3727|0,0,10,32,48,22;8,0,8,24,48,10;8,0,22,24,48,24
S|3728|0,0,10,32,48,22;8,0,8,24,48,10;8,0,22,24,48,24
S|3729|10,0,10,32,48,22
S|3730|0,0,10,32,48,22
S|3731|0,0,10,32,48,22
S|3732|8,0,8,24,48,24;10,0,24,22,48,32;24,0,10,32,48,22
S|3733|0,0,10,32,48,22;8,0,8,24,48,10;8,0,22,24,48,24;10,0,24,22,48,32
S|3734|0,0,10,32,48,22;8,0,8,24,48,10;8,0,22,24,48,24;10,0,24,22,48,32
S|3735|10,0,10,22,48,32;22,0,10,32,48,22
S|3736|0,0,10,32,48,22;10,0,22,22,48,32
S|3737|0,0,10,32,48,22;10,0,22,22,48,32
S|3738|8,0,8,24,48,24;10,0,24,22,48,32;24,0,10,32,48,22
S|3739|0,0,10,32,48,22;8,0,8,24,48,10;8,0,22,24,48,24;10,0,24,22,48,32
S|3740|0,0,10,32,48,22;8,0,8,24,48,10;8,0,22,24,48,24;10,0,24,22,48,32
S|3741|10,0,10,22,48,32;22,0,10,32,48,22
S|3742|0,0,10,32,48,22;10,0,22,22,48,32
S|3743|0,0,10,32,48,22;10,0,22,22,48,32
S|3744|8,0,8,24,48,24;10,0,0,22,48,8;24,0,10,32,48,22
S|3745|0,0,10,32,48,22;8,0,8,24,48,10;8,0,22,24,48,24;10,0,0,22,48,8
S|3746|0,0,10,32,48,22;8,0,8,24,48,10;8,0,22,24,48,24;10,0,0,22,48,8
S|3747|10,0,0,22,48,22;22,0,10,32,48,22
S|3748|0,0,10,32,48,22;10,0,0,22,48,10
S|3749|0,0,10,32,48,22;10,0,0,22,48,10
S|3750|8,0,8,24,48,24;10,0,0,22,48,8;10,0,24,22,48,32;24,0,10,32,48,22
S|3751|0,0,10,32,48,22;8,0,8,24,48,10;8,0,22,24,48,24;10,0,0,22,48,8;10,0,24,22,48,32
S|3752|0,0,10,32,48,22;8,0,8,24,48,10;8,0,22,24,48,24;10,0,0,22,48,8;10,0,24,22,48,32
S|3753|10,0,0,22,48,32;22,0,10,32,48,22
S|3754|0,0,10,32,48,22;10,0,0,22,48,10;10,0,22,22,48,32
S|3755|0,0,10,32,48,22;10,0,0,22,48,10;10,0,22,22,48,32
S|3756|8,0,8,24,48,24;10,0,0,22,48,8;10,0,24,22,48,32;24,0,10,32,48,22
S|3757|0,0,10,32,48,22;8,0,8,24,48,10;8,0,22,24,48,24;10,0,0,22,48,8;10,0,24,22,48,32
S|3758|0,0,10,32,48,22;8,0,8,24,48,10;8,0,22,24,48,24;10,0,0,22,48,8;10,0,24,22,48,32
S|3759|10,0,0,22,48,32;22,0,10,32,48,22
S|3760|0,0,10,32,48,22;10,0,0,22,48,10;10,0,22,22,48,32
S|3761|0,0,10,32,48,22;10,0,0,22,48,10;10,0,22,22,48,32
S|3762|8,0,8,24,48,24;10,0,0,22,48,8;24,0,10,32,48,22
S|3763|0,0,10,32,48,22;8,0,8,24,48,10;8,0,22,24,48,24;10,0,0,22,48,8
S|3764|0,0,10,32,48,22;8,0,8,24,48,10;8,0,22,24,48,24;10,0,0,22,48,8
S|3765|10,0,0,22,48,22;22,0,10,32,48,22
S|3766|0,0,10,32,48,22;10,0,0,22,48,10
S|3767|0,0,10,32,48,22;10,0,0,22,48,10
S|3768|8,0,8,24,48,24;10,0,0,22,48,8;10,0,24,22,48,32;24,0,10,32,48,22
S|3769|0,0,10,32,48,22;8,0,8,24,48,10;8,0,22,24,48,24;10,0,0,22,48,8;10,0,24,22,48,32
S|3770|0,0,10,32,48,22;8,0,8,24,48,10;8,0,22,24,48,24;10,0,0,22,48,8;10,0,24,22,48,32
S|3771|10,0,0,22,48,32;22,0,10,32,48,22
S|3772|0,0,10,32,48,22;10,0,0,22,48,10;10,0,22,22,48,32
S|3773|0,0,10,32,48,22;10,0,0,22,48,10;10,0,22,22,48,32
S|3774|8,0,8,24,48,24;10,0,0,22,48,8;10,0,24,22,48,32;24,0,10,32,48,22
S|3775|0,0,10,32,48,22;8,0,8,24,48,10;8,0,22,24,48,24;10,0,0,22,48,8;10,0,24,22,48,32
S|3776|0,0,10,32,48,22;8,0,8,24,48,10;8,0,22,24,48,24;10,0,0,22,48,8;10,0,24,22,48,32
S|3777|10,0,0,22,48,32;22,0,10,32,48,22
S|3778|0,0,10,32,48,22;10,0,0,22,48,10;10,0,22,22,48,32
S|3779|0,0,10,32,48,22;10,0,0,22,48,10;10,0,22,22,48,32
S|3780|8,0,8,24,48,24
S|3781|0,0,10,24,48,22;8,0,8,24,48,10;8,0,22,24,48,24
S|3782|0,0,10,24,48,22;8,0,8,24,48,10;8,0,22,24,48,24
S|3783|0,0,10,22,48,22
S|3784|0,0,10,22,48,22
S|3785|8,0,8,24,48,24;10,0,24,22,48,32
S|3786|0,0,10,24,48,22;8,0,8,24,48,10;8,0,22,24,48,24;10,0,24,22,48,32
S|3787|0,0,10,24,48,22;8,0,8,24,48,10;8,0,22,24,48,24;10,0,24,22,48,32
S|3788|10,0,10,22,48,32
S|3789|0,0,10,22,48,22;10,0,22,22,48,32
S|3790|0,0,10,22,48,22;10,0,22,22,48,32
S|3791|8,0,8,24,48,24;10,0,24,22,48,32
S|3792|0,0,10,24,48,22;8,0,8,24,48,10;8,0,22,24,48,24;10,0,24,22,48,32
S|3793|0,0,10,24,48,22;8,0,8,24,48,10;8,0,22,24,48,24;10,0,24,22,48,32
S|3794|10,0,10,22,48,32
S|3795|0,0,10,22,48,22;10,0,22,22,48,32
S|3796|0,0,10,22,48,22;10,0,22,22,48,32
S|3797|8,0,8,24,48,24;10,0,0,22,48,8
S|3798|0,0,10,24,48,22;8,0,8,24,48,10;8,0,22,24,48,24;10,0,0,22,48,8
S|3799|0,0,10,24,48,22;8,0,8,24,48,10;8,0,22,24,48,24;10,0,0,22,48,8
S|3800|10,0,0,22,48,22
S|3801|0,0,10,22,48,22;10,0,0,22,48,10
S|3802|0,0,10,22,48,22;10,0,0,22,48,10
S|3803|8,0,8,24,48,24;10,0,0,22,48,8;10,0,24,22,48,32
S|3804|0,0,10,24,48,22;8,0,8,24,48,10;8,0,22,24,48,24;10,0,0,22,48,8;10,0,24,22,48,32
S|3805|0,0,10,24,48,22;8,0,8,24,48,10;8,0,22,24,48,24;10,0,0,22,48,8;10,0,24,22,48,32
S|3806|10,0,0,22,48,32
S|3807|0,0,10,22,48,22;10,0,0,22,48,10;10,0,22,22,48,32
S|3808|0,0,10,22,48,22;10,0,0,22,48,10;10,0,22,22,48,32
S|3809|8,0,8,24,48,24;10,0,0,22,48,8;10,0,24,22,48,32
S|3810|0,0,10,24,48,22;8,0,8,24,48,10;8,0,22,24,48,24;10,0,0,22,48,8;10,0,24,22,48,32
S|3811|0,0,10,24,48,22;8,0,8,24,48,10;8,0,22,24,48,24;10,0,0,22,48,8;10,0,24,22,48,32
S|3812|10,0,0,22,48,32
S|3813|0,0,10,22,48,22;10,0,0,22,48,10;10,0,22,22,48,32
S|3814|0,0,10,22,48,22;10,0,0,22,48,10;10,0,22,22,48,32
S|3815|8,0,8,24,48,24;10,0,0,22,48,8
S|3816|0,0,10,24,48,22;8,0,8,24,48,10;8,0,22,24,48,24;10,0,0,22,48,8
S|3817|0,0,10,24,48,22;8,0,8,24,48,10;8,0,22,24,48,24;10,0,0,22,48,8
S|3818|10,0,0,22,48,22
S|3819|0,0,10,22,48,22;10,0,0,22,48,10
S|3820|0,0,10,22,48,22;10,0,0,22,48,10
S|3821|8,0,8,24,48,24;10,0,0,22,48,8;10,0,24,22,48,32
S|3822|0,0,10,24,48,22;8,0,8,24,48,10;8,0,22,24,48,24;10,0,0,22,48,8;10,0,24,22,48,32
S|3823|0,0,10,24,48,22;8,0,8,24,48,10;8,0,22,24,48,24;10,0,0,22,48,8;10,0,24,22,48,32
S|3824|10,0,0,22,48,32
S|3825|0,0,10,22,48,22;10,0,0,22,48,10;10,0,22,22,48,32
S|3826|0,0,10,22,48,22;10,0,0,22,48,10;10,0,22,22,48,32
S|3827|8,0,8,24,48,24;10,0,0,22,48,8;10,0,24,22,48,32
S|3828|0,0,10,24,48,22;8,0,8,24,48,10;8,0,22,24,48,24;10,0,0,22,48,8;10,0,24,22,48,32
S|3829|0,0,10,24,48,22;8,0,8,24,48,10;8,0,22,24,48,24;10,0,0,22,48,8;10,0,24,22,48,32
S|3830|10,0,0,22,48,32
S|3831|0,0,10,22,48,22;10,0,0,22,48,10;10,0,22,22,48,32
S|3832|0,0,10,22,48,22;10,0,0,22,48,10;10,0,22,22,48,32
S|3833|8,0,8,24,48,24;24,0,10,32,48,22
S|3834|0,0,10,32,48,22;8,0,8,24,48,10;8,0,22,24,48,24
S|3835|0,0,10,32,48,22;8,0,8,24,48,10;8,0,22,24,48,24
S|3836|10,0,10,32,48,22
S|3837|0,0,10,32,48,22
S|3838|0,0,10,32,48,22
S|3839|8,0,8,24,48,24;10,0,24,22,48,32;24,0,10,32,48,22
S|3840|0,0,10,32,48,22;8,0,8,24,48,10;8,0,22,24,48,24;10,0,24,22,48,32
S|3841|0,0,10,32,48,22;8,0,8,24,48,10;8,0,22,24,48,24;10,0,24,22,48,32
S|3842|10,0,10,22,48,32;22,0,10,32,48,22
S|3843|0,0,10,32,48,22;10,0,22,22,48,32
S|3844|0,0,10,32,48,22;10,0,22,22,48,32
S|3845|8,0,8,24,48,24;10,0,24,22,48,32;24,0,10,32,48,22
S|3846|0,0,10,32,48,22;8,0,8,24,48,10;8,0,22,24,48,24;10,0,24,22,48,32
S|3847|0,0,10,32,48,22;8,0,8,24,48,10;8,0,22,24,48,24;10,0,24,22,48,32
S|3848|10,0,10,22,48,32;22,0,10,32,48,22
S|3849|0,0,10,32,48,22;10,0,22,22,48,32
S|3850|0,0,10,32,48,22;10,0,22,22,48,32
S|3851|8,0,8,24,48,24;10,0,0,22,48,8;24,0,10,32,48,22
S|3852|0,0,10,32,48,22;8,0,8,24,48,10;8,0,22,24,48,24;10,0,0,22,48,8
S|3853|0,0,10,32,48,22;8,0,8,24,48,10;8,0,22,24,48,24;10,0,0,22,48,8
S|3854|10,0,0,22,48,22;22,0,10,32,48,22
S|3855|0,0,10,32,48,22;10,0,0,22,48,10
S|3856|0,0,10,32,48,22;10,0,0,22,48,10
S|3857|8,0,8,24,48,24;10,0,0,22,48,8;10,0,24,22,48,32;24,0,10,32,48,22
S|3858|0,0,10,32,48,22;8,0,8,24,48,10;8,0,22,24,48,24;10,0,0,22,48,8;10,0,24,22,48,32
S|3859|0,0,10,32,48,22;8,0,8,24,48,10;8,0,22,24,48,24;10,0,0,22,48,8;10,0,24,22,48,32
S|3860|10,0,0,22,48,32;22,0,10,32,48,22
S|3861|0,0,10,32,48,22;10,0,0,22,48,10;10,0,22,22,48,32
S|3862|0,0,10,32,48,22;10,0,0,22,48,10;10,0,22,22,48,32
S|3863|8,0,8,24,48,24;10,0,0,22,48,8;10,0,24,22,48,32;24,0,10,32,48,22
S|3864|0,0,10,32,48,22;8,0,8,24,48,10;8,0,22,24,48,24;10,0,0,22,48,8;10,0,24,22,48,32
S|3865|0,0,10,32,48,22;8,0,8,24,48,10;8,0,22,24,48,24;10,0,0,22,48,8;10,0,24,22,48,32
S|3866|10,0,0,22,48,32;22,0,10,32,48,22
S|3867|0,0,10,32,48,22;10,0,0,22,48,10;10,0,22,22,48,32
S|3868|0,0,10,32,48,22;10,0,0,22,48,10;10,0,22,22,48,32
S|3869|8,0,8,24,48,24;10,0,0,22,48,8;24,0,10,32,48,22
S|3870|0,0,10,32,48,22;8,0,8,24,48,10;8,0,22,24,48,24;10,0,0,22,48,8
S|3871|0,0,10,32,48,22;8,0,8,24,48,10;8,0,22,24,48,24;10,0,0,22,48,8
S|3872|10,0,0,22,48,22;22,0,10,32,48,22
S|3873|0,0,10,32,48,22;10,0,0,22,48,10
S|3874|0,0,10,32,48,22;10,0,0,22,48,10
S|3875|8,0,8,24,48,24;10,0,0,22,48,8;10,0,24,22,48,32;24,0,10,32,48,22
S|3876|0,0,10,32,48,22;8,0,8,24,48,10;8,0,22,24,48,24;10,0,0,22,48,8;10,0,24,22,48,32
S|3877|0,0,10,32,48,22;8,0,8,24,48,10;8,0,22,24,48,24;10,0,0,22,48,8;10,0,24,22,48,32
S|3878|10,0,0,22,48,32;22,0,10,32,48,22
S|3879|0,0,10,32,48,22;10,0,0,22,48,10;10,0,22,22,48,32
S|3880|0,0,10,32,48,22;10,0,0,22,48,10;10,0,22,22,48,32
S|3881|8,0,8,24,48,24;10,0,0,22,48,8;10,0,24,22,48,32;24,0,10,32,48,22
S|3882|0,0,10,32,48,22;8,0,8,24,48,10;8,0,22,24,48,24;10,0,0,22,48,8;10,0,24,22,48,32
S|3883|0,0,10,32,48,22;8,0,8,24,48,10;8,0,22,24,48,24;10,0,0,22,48,8;10,0,24,22,48,32
S|3884|10,0,0,22,48,32;22,0,10,32,48,22
S|3885|0,0,10,32,48,22;10,0,0,22,48,10;10,0,22,22,48,32
S|3886|0,0,10,32,48,22;10,0,0,22,48,10;10,0,22,22,48,32
S|3887|8,0,8,24,48,24;24,0,10,32,48,22
S|3888|0,0,10,32,48,22;8,0,8,24,48,10;8,0,22,24,48,24
S|3889|0,0,10,32,48,22;8,0,8,24,48,10;8,0,22,24,48,24
S|3890|10,0,10,32,48,22
S|3891|0,0,10,32,48,22
S|3892|0,0,10,32,48,22
S|3893|8,0,8,24,48,24;10,0,24,22,48,32;24,0,10,32,48,22
S|3894|0,0,10,32,48,22;8,0,8,24,48,10;8,0,22,24,48,24;10,0,24,22,48,32
S|3895|0,0,10,32,48,22;8,0,8,24,48,10;8,0,22,24,48,24;10,0,24,22,48,32
S|3896|10,0,10,22,48,32;22,0,10,32,48,22
S|3897|0,0,10,32,48,22;10,0,22,22,48,32
S|3898|0,0,10,32,48,22;10,0,22,22,48,32
S|3899|8,0,8,24,48,24;10,0,24,22,48,32;24,0,10,32,48,22
S|3900|0,0,10,32,48,22;8,0,8,24,48,10;8,0,22,24,48,24;10,0,24,22,48,32
S|3901|0,0,10,32,48,22;8,0,8,24,48,10;8,0,22,24,48,24;10,0,24,22,48,32
S|3902|10,0,10,22,48,32;22,0,10,32,48,22
S|3903|0,0,10,32,48,22;10,0,22,22,48,32
S|3904|0,0,10,32,48,22;10,0,22,22,48,32
S|3905|8,0,8,24,48,24;10,0,0,22,48,8;24,0,10,32,48,22
S|3906|0,0,10,32,48,22;8,0,8,24,48,10;8,0,22,24,48,24;10,0,0,22,48,8
S|3907|0,0,10,32,48,22;8,0,8,24,48,10;8,0,22,24,48,24;10,0,0,22,48,8
S|3908|10,0,0,22,48,22;22,0,10,32,48,22
S|3909|0,0,10,32,48,22;10,0,0,22,48,10
S|3910|0,0,10,32,48,22;10,0,0,22,48,10
S|3911|8,0,8,24,48,24;10,0,0,22,48,8;10,0,24,22,48,32;24,0,10,32,48,22
S|3912|0,0,10,32,48,22;8,0,8,24,48,10;8,0,22,24,48,24;10,0,0,22,48,8;10,0,24,22,48,32
S|3913|0,0,10,32,48,22;8,0,8,24,48,10;8,0,22,24,48,24;10,0,0,22,48,8;10,0,24,22,48,32
S|3914|10,0,0,22,48,32;22,0,10,32,48,22
S|3915|0,0,10,32,48,22;10,0,0,22,48,10;10,0,22,22,48,32
S|3916|0,0,10,32,48,22;10,0,0,22,48,10;10,0,22,22,48,32
S|3917|8,0,8,24,48,24;10,0,0,22,48,8;10,0,24,22,48,32;24,0,10,32,48,22
S|3918|0,0,10,32,48,22;8,0,8,24,48,10;8,0,22,24,48,24;10,0,0,22,48,8;10,0,24,22,48,32
S|3919|0,0,10,32,48,22;8,0,8,24,48,10;8,0,22,24,48,24;10,0,0,22,48,8;10,0,24,22,48,32
S|3920|10,0,0,22,48,32;22,0,10,32,48,22
S|3921|0,0,10,32,48,22;10,0,0,22,48,10;10,0,22,22,48,32
S|3922|0,0,10,32,48,22;10,0,0,22,48,10;10,0,22,22,48,32
S|3923|8,0,8,24,48,24;10,0,0,22,48,8;24,0,10,32,48,22
S|3924|0,0,10,32,48,22;8,0,8,24,48,10;8,0,22,24,48,24;10,0,0,22,48,8
S|3925|0,0,10,32,48,22;8,0,8,24,48,10;8,0,22,24,48,24;10,0,0,22,48,8
S|3926|10,0,0,22,48,22;22,0,10,32,48,22
S|3927|0,0,10,32,48,22;10,0,0,22,48,10
S|3928|0,0,10,32,48,22;10,0,0,22,48,10
S|3929|8,0,8,24,48,24;10,0,0,22,48,8;10,0,24,22,48,32;24,0,10,32,48,22
S|3930|0,0,10,32,48,22;8,0,8,24,48,10;8,0,22,24,48,24;10,0,0,22,48,8;10,0,24,22,48,32
S|3931|0,0,10,32,48,22;8,0,8,24,48,10;8,0,22,24,48,24;10,0,0,22,48,8;10,0,24,22,48,32
S|3932|10,0,0,22,48,32;22,0,10,32,48,22
S|3933|0,0,10,32,48,22;10,0,0,22,48,10;10,0,22,22,48,32
S|3934|0,0,10,32,48,22;10,0,0,22,48,10;10,0,22,22,48,32
S|3935|8,0,8,24,48,24;10,0,0,22,48,8;10,0,24,22,48,32;24,0,10,32,48,22
S|3936|0,0,10,32,48,22;8,0,8,24,48,10;8,0,22,24,48,24;10,0,0,22,48,8;10,0,24,22,48,32
S|3937|0,0,10,32,48,22;8,0,8,24,48,10;8,0,22,24,48,24;10,0,0,22,48,8;10,0,24,22,48,32
S|3938|10,0,0,22,48,32;22,0,10,32,48,22
S|3939|0,0,10,32,48,22;10,0,0,22,48,10;10,0,22,22,48,32
S|3940|0,0,10,32,48,22;10,0,0,22,48,10;10,0,22,22,48,32
S|3941|14,0,14,18,12,18
S|3942|10,0,12,22,12,18
S|3943|10,0,12,20,12,22
S|3944|10,0,10,22,12,20
S|3945|2,0,2,30,16,30;14,16,14,18,28,18
S|3946|6,6,18,26,26,32
S|3947|0,6,6,14,26,26
S|3948|6,6,0,26,26,14
S|3949|18,6,6,32,26,26
S|3950|6,0,6,26,14,26
S|3951|6,18,6,26,32,26
S|3952|6,6,22,26,26,32
S|3953|0,6,6,10,26,26
S|3954|6,6,0,26,26,10
S|3955|22,6,6,32,26,26
S|3956|6,0,6,26,10,26
S|3957|6,22,6,26,32,26
S|3958|6,6,24,26,26,32
S|3959|0,6,6,8,26,26
S|3960|6,6,0,26,26,8
S|3961|24,6,6,32,26,26
S|3962|6,0,6,26,8,26
S|3963|6,24,6,26,32,26
S|3964|8,8,26,24,24,32
S|3965|0,8,8,6,24,24
S|3966|8,8,0,24,24,6
S|3967|26,8,8,32,24,24
S|3968|8,0,8,24,6,24
S|3969|8,26,8,24,32,24
S|3970|8,0,8,24,48,24
S|3971|0,0,10,24,48,22;8,0,8,24,48,10;8,0,22,24,48,24
S|3972|0,0,10,24,48,22;8,0,8,24,48,10;8,0,22,24,48,24
S|3973|0,0,10,22,48,22
S|3974|0,0,10,22,48,22
S|3975|8,0,8,24,48,24;10,0,24,22,48,32
S|3976|0,0,10,24,48,22;8,0,8,24,48,10;8,0,22,24,48,24;10,0,24,22,48,32
S|3977|0,0,10,24,48,22;8,0,8,24,48,10;8,0,22,24,48,24;10,0,24,22,48,32
S|3978|10,0,10,22,48,32
S|3979|0,0,10,22,48,22;10,0,22,22,48,32
S|3980|0,0,10,22,48,22;10,0,22,22,48,32
S|3981|8,0,8,24,48,24;10,0,24,22,48,32
S|3982|0,0,10,24,48,22;8,0,8,24,48,10;8,0,22,24,48,24;10,0,24,22,48,32
S|3983|0,0,10,24,48,22;8,0,8,24,48,10;8,0,22,24,48,24;10,0,24,22,48,32
S|3984|10,0,10,22,48,32
S|3985|0,0,10,22,48,22;10,0,22,22,48,32
S|3986|0,0,10,22,48,22;10,0,22,22,48,32
S|3987|8,0,8,24,48,24;10,0,0,22,48,8
S|3988|0,0,10,24,48,22;8,0,8,24,48,10;8,0,22,24,48,24;10,0,0,22,48,8
S|3989|0,0,10,24,48,22;8,0,8,24,48,10;8,0,22,24,48,24;10,0,0,22,48,8
S|3990|10,0,0,22,48,22
S|3991|0,0,10,22,48,22;10,0,0,22,48,10
S|3992|0,0,10,22,48,22;10,0,0,22,48,10
S|3993|8,0,8,24,48,24;10,0,0,22,48,8;10,0,24,22,48,32
S|3994|0,0,10,24,48,22;8,0,8,24,48,10;8,0,22,24,48,24;10,0,0,22,48,8;10,0,24,22,48,32
S|3995|0,0,10,24,48,22;8,0,8,24,48,10;8,0,22,24,48,24;10,0,0,22,48,8;10,0,24,22,48,32
S|3996|10,0,0,22,48,32
S|3997|0,0,10,22,48,22;10,0,0,22,48,10;10,0,22,22,48,32
S|3998|0,0,10,22,48,22;10,0,0,22,48,10;10,0,22,22,48,32
S|3999|8,0,8,24,48,24;10,0,0,22,48,8;10,0,24,22,48,32
S|4000|0,0,10,24,48,22;8,0,8,24,48,10;8,0,22,24,48,24;10,0,0,22,48,8;10,0,24,22,48,32
S|4001|0,0,10,24,48,22;8,0,8,24,48,10;8,0,22,24,48,24;10,0,0,22,48,8;10,0,24,22,48,32
S|4002|10,0,0,22,48,32
S|4003|0,0,10,22,48,22;10,0,0,22,48,10;10,0,22,22,48,32
S|4004|0,0,10,22,48,22;10,0,0,22,48,10;10,0,22,22,48,32
S|4005|8,0,8,24,48,24;10,0,0,22,48,8
S|4006|0,0,10,24,48,22;8,0,8,24,48,10;8,0,22,24,48,24;10,0,0,22,48,8
S|4007|0,0,10,24,48,22;8,0,8,24,48,10;8,0,22,24,48,24;10,0,0,22,48,8
S|4008|10,0,0,22,48,22
S|4009|0,0,10,22,48,22;10,0,0,22,48,10
S|4010|0,0,10,22,48,22;10,0,0,22,48,10
S|4011|8,0,8,24,48,24;10,0,0,22,48,8;10,0,24,22,48,32
S|4012|0,0,10,24,48,22;8,0,8,24,48,10;8,0,22,24,48,24;10,0,0,22,48,8;10,0,24,22,48,32
S|4013|0,0,10,24,48,22;8,0,8,24,48,10;8,0,22,24,48,24;10,0,0,22,48,8;10,0,24,22,48,32
S|4014|10,0,0,22,48,32
S|4015|0,0,10,22,48,22;10,0,0,22,48,10;10,0,22,22,48,32
S|4016|0,0,10,22,48,22;10,0,0,22,48,10;10,0,22,22,48,32
S|4017|8,0,8,24,48,24;10,0,0,22,48,8;10,0,24,22,48,32
S|4018|0,0,10,24,48,22;8,0,8,24,48,10;8,0,22,24,48,24;10,0,0,22,48,8;10,0,24,22,48,32
S|4019|0,0,10,24,48,22;8,0,8,24,48,10;8,0,22,24,48,24;10,0,0,22,48,8;10,0,24,22,48,32
S|4020|10,0,0,22,48,32
S|4021|0,0,10,22,48,22;10,0,0,22,48,10;10,0,22,22,48,32
S|4022|0,0,10,22,48,22;10,0,0,22,48,10;10,0,22,22,48,32
S|4023|8,0,8,24,48,24;24,0,10,32,48,22
S|4024|0,0,10,32,48,22;8,0,8,24,48,10;8,0,22,24,48,24
S|4025|0,0,10,32,48,22;8,0,8,24,48,10;8,0,22,24,48,24
S|4026|10,0,10,32,48,22
S|4027|0,0,10,32,48,22
S|4028|0,0,10,32,48,22
S|4029|8,0,8,24,48,24;10,0,24,22,48,32;24,0,10,32,48,22
S|4030|0,0,10,32,48,22;8,0,8,24,48,10;8,0,22,24,48,24;10,0,24,22,48,32
S|4031|0,0,10,32,48,22;8,0,8,24,48,10;8,0,22,24,48,24;10,0,24,22,48,32
S|4032|10,0,10,22,48,32;22,0,10,32,48,22
S|4033|0,0,10,32,48,22;10,0,22,22,48,32
S|4034|0,0,10,32,48,22;10,0,22,22,48,32
S|4035|8,0,8,24,48,24;10,0,24,22,48,32;24,0,10,32,48,22
S|4036|0,0,10,32,48,22;8,0,8,24,48,10;8,0,22,24,48,24;10,0,24,22,48,32
S|4037|0,0,10,32,48,22;8,0,8,24,48,10;8,0,22,24,48,24;10,0,24,22,48,32
S|4038|10,0,10,22,48,32;22,0,10,32,48,22
S|4039|0,0,10,32,48,22;10,0,22,22,48,32
S|4040|0,0,10,32,48,22;10,0,22,22,48,32
S|4041|8,0,8,24,48,24;10,0,0,22,48,8;24,0,10,32,48,22
S|4042|0,0,10,32,48,22;8,0,8,24,48,10;8,0,22,24,48,24;10,0,0,22,48,8
S|4043|0,0,10,32,48,22;8,0,8,24,48,10;8,0,22,24,48,24;10,0,0,22,48,8
S|4044|10,0,0,22,48,22;22,0,10,32,48,22
S|4045|0,0,10,32,48,22;10,0,0,22,48,10
S|4046|0,0,10,32,48,22;10,0,0,22,48,10
S|4047|8,0,8,24,48,24;10,0,0,22,48,8;10,0,24,22,48,32;24,0,10,32,48,22
S|4048|0,0,10,32,48,22;8,0,8,24,48,10;8,0,22,24,48,24;10,0,0,22,48,8;10,0,24,22,48,32
S|4049|0,0,10,32,48,22;8,0,8,24,48,10;8,0,22,24,48,24;10,0,0,22,48,8;10,0,24,22,48,32
S|4050|10,0,0,22,48,32;22,0,10,32,48,22
S|4051|0,0,10,32,48,22;10,0,0,22,48,10;10,0,22,22,48,32
S|4052|0,0,10,32,48,22;10,0,0,22,48,10;10,0,22,22,48,32
S|4053|8,0,8,24,48,24;10,0,0,22,48,8;10,0,24,22,48,32;24,0,10,32,48,22
S|4054|0,0,10,32,48,22;8,0,8,24,48,10;8,0,22,24,48,24;10,0,0,22,48,8;10,0,24,22,48,32
S|4055|0,0,10,32,48,22;8,0,8,24,48,10;8,0,22,24,48,24;10,0,0,22,48,8;10,0,24,22,48,32
S|4056|10,0,0,22,48,32;22,0,10,32,48,22
S|4057|0,0,10,32,48,22;10,0,0,22,48,10;10,0,22,22,48,32
S|4058|0,0,10,32,48,22;10,0,0,22,48,10;10,0,22,22,48,32
S|4059|8,0,8,24,48,24;10,0,0,22,48,8;24,0,10,32,48,22
S|4060|0,0,10,32,48,22;8,0,8,24,48,10;8,0,22,24,48,24;10,0,0,22,48,8
S|4061|0,0,10,32,48,22;8,0,8,24,48,10;8,0,22,24,48,24;10,0,0,22,48,8
S|4062|10,0,0,22,48,22;22,0,10,32,48,22
S|4063|0,0,10,32,48,22;10,0,0,22,48,10
S|4064|0,0,10,32,48,22;10,0,0,22,48,10
S|4065|8,0,8,24,48,24;10,0,0,22,48,8;10,0,24,22,48,32;24,0,10,32,48,22
S|4066|0,0,10,32,48,22;8,0,8,24,48,10;8,0,22,24,48,24;10,0,0,22,48,8;10,0,24,22,48,32
S|4067|0,0,10,32,48,22;8,0,8,24,48,10;8,0,22,24,48,24;10,0,0,22,48,8;10,0,24,22,48,32
S|4068|10,0,0,22,48,32;22,0,10,32,48,22
S|4069|0,0,10,32,48,22;10,0,0,22,48,10;10,0,22,22,48,32
S|4070|0,0,10,32,48,22;10,0,0,22,48,10;10,0,22,22,48,32
S|4071|8,0,8,24,48,24;10,0,0,22,48,8;10,0,24,22,48,32;24,0,10,32,48,22
S|4072|0,0,10,32,48,22;8,0,8,24,48,10;8,0,22,24,48,24;10,0,0,22,48,8;10,0,24,22,48,32
S|4073|0,0,10,32,48,22;8,0,8,24,48,10;8,0,22,24,48,24;10,0,0,22,48,8;10,0,24,22,48,32
S|4074|10,0,0,22,48,32;22,0,10,32,48,22
S|4075|0,0,10,32,48,22;10,0,0,22,48,10;10,0,22,22,48,32
S|4076|0,0,10,32,48,22;10,0,0,22,48,10;10,0,22,22,48,32
S|4077|8,0,8,24,48,24;24,0,10,32,48,22
S|4078|0,0,10,32,48,22;8,0,8,24,48,10;8,0,22,24,48,24
S|4079|0,0,10,32,48,22;8,0,8,24,48,10;8,0,22,24,48,24
S|4080|10,0,10,32,48,22
S|4081|0,0,10,32,48,22
S|4082|0,0,10,32,48,22
S|4083|8,0,8,24,48,24;10,0,24,22,48,32;24,0,10,32,48,22
S|4084|0,0,10,32,48,22;8,0,8,24,48,10;8,0,22,24,48,24;10,0,24,22,48,32
S|4085|0,0,10,32,48,22;8,0,8,24,48,10;8,0,22,24,48,24;10,0,24,22,48,32
S|4086|10,0,10,22,48,32;22,0,10,32,48,22
S|4087|0,0,10,32,48,22;10,0,22,22,48,32
S|4088|0,0,10,32,48,22;10,0,22,22,48,32
S|4089|8,0,8,24,48,24;10,0,24,22,48,32;24,0,10,32,48,22
S|4090|0,0,10,32,48,22;8,0,8,24,48,10;8,0,22,24,48,24;10,0,24,22,48,32
S|4091|0,0,10,32,48,22;8,0,8,24,48,10;8,0,22,24,48,24;10,0,24,22,48,32
S|4092|10,0,10,22,48,32;22,0,10,32,48,22
S|4093|0,0,10,32,48,22;10,0,22,22,48,32
S|4094|0,0,10,32,48,22;10,0,22,22,48,32
S|4095|8,0,8,24,48,24;10,0,0,22,48,8;24,0,10,32,48,22
S|4096|0,0,10,32,48,22;8,0,8,24,48,10;8,0,22,24,48,24;10,0,0,22,48,8
S|4097|0,0,10,32,48,22;8,0,8,24,48,10;8,0,22,24,48,24;10,0,0,22,48,8
S|4098|10,0,0,22,48,22;22,0,10,32,48,22
S|4099|0,0,10,32,48,22;10,0,0,22,48,10
S|4100|0,0,10,32,48,22;10,0,0,22,48,10
S|4101|8,0,8,24,48,24;10,0,0,22,48,8;10,0,24,22,48,32;24,0,10,32,48,22
S|4102|0,0,10,32,48,22;8,0,8,24,48,10;8,0,22,24,48,24;10,0,0,22,48,8;10,0,24,22,48,32
S|4103|0,0,10,32,48,22;8,0,8,24,48,10;8,0,22,24,48,24;10,0,0,22,48,8;10,0,24,22,48,32
S|4104|10,0,0,22,48,32;22,0,10,32,48,22
S|4105|0,0,10,32,48,22;10,0,0,22,48,10;10,0,22,22,48,32
S|4106|0,0,10,32,48,22;10,0,0,22,48,10;10,0,22,22,48,32
S|4107|8,0,8,24,48,24;10,0,0,22,48,8;10,0,24,22,48,32;24,0,10,32,48,22
S|4108|0,0,10,32,48,22;8,0,8,24,48,10;8,0,22,24,48,24;10,0,0,22,48,8;10,0,24,22,48,32
S|4109|0,0,10,32,48,22;8,0,8,24,48,10;8,0,22,24,48,24;10,0,0,22,48,8;10,0,24,22,48,32
S|4110|10,0,0,22,48,32;22,0,10,32,48,22
S|4111|0,0,10,32,48,22;10,0,0,22,48,10;10,0,22,22,48,32
S|4112|0,0,10,32,48,22;10,0,0,22,48,10;10,0,22,22,48,32
S|4113|8,0,8,24,48,24;10,0,0,22,48,8;24,0,10,32,48,22
S|4114|0,0,10,32,48,22;8,0,8,24,48,10;8,0,22,24,48,24;10,0,0,22,48,8
S|4115|0,0,10,32,48,22;8,0,8,24,48,10;8,0,22,24,48,24;10,0,0,22,48,8
S|4116|10,0,0,22,48,22;22,0,10,32,48,22
S|4117|0,0,10,32,48,22;10,0,0,22,48,10
S|4118|0,0,10,32,48,22;10,0,0,22,48,10
S|4119|8,0,8,24,48,24;10,0,0,22,48,8;10,0,24,22,48,32;24,0,10,32,48,22
S|4120|0,0,10,32,48,22;8,0,8,24,48,10;8,0,22,24,48,24;10,0,0,22,48,8;10,0,24,22,48,32
S|4121|0,0,10,32,48,22;8,0,8,24,48,10;8,0,22,24,48,24;10,0,0,22,48,8;10,0,24,22,48,32
S|4122|10,0,0,22,48,32;22,0,10,32,48,22
S|4123|0,0,10,32,48,22;10,0,0,22,48,10;10,0,22,22,48,32
S|4124|0,0,10,32,48,22;10,0,0,22,48,10;10,0,22,22,48,32
S|4125|8,0,8,24,48,24;10,0,0,22,48,8;10,0,24,22,48,32;24,0,10,32,48,22
S|4126|0,0,10,32,48,22;8,0,8,24,48,10;8,0,22,24,48,24;10,0,0,22,48,8;10,0,24,22,48,32
S|4127|0,0,10,32,48,22;8,0,8,24,48,10;8,0,22,24,48,24;10,0,0,22,48,8;10,0,24,22,48,32
S|4128|10,0,0,22,48,32;22,0,10,32,48,22
S|4129|0,0,10,32,48,22;10,0,0,22,48,10;10,0,22,22,48,32
S|4130|0,0,10,32,48,22;10,0,0,22,48,10;10,0,22,22,48,32
S|4131|8,0,8,24,48,24
S|4132|0,0,10,24,48,22;8,0,8,24,48,10;8,0,22,24,48,24
S|4133|0,0,10,24,48,22;8,0,8,24,48,10;8,0,22,24,48,24
S|4134|0,0,10,22,48,22
S|4135|0,0,10,22,48,22
S|4136|8,0,8,24,48,24;10,0,24,22,48,32
S|4137|0,0,10,24,48,22;8,0,8,24,48,10;8,0,22,24,48,24;10,0,24,22,48,32
S|4138|0,0,10,24,48,22;8,0,8,24,48,10;8,0,22,24,48,24;10,0,24,22,48,32
S|4139|10,0,10,22,48,32
S|4140|0,0,10,22,48,22;10,0,22,22,48,32
S|4141|0,0,10,22,48,22;10,0,22,22,48,32
S|4142|8,0,8,24,48,24;10,0,24,22,48,32
S|4143|0,0,10,24,48,22;8,0,8,24,48,10;8,0,22,24,48,24;10,0,24,22,48,32
S|4144|0,0,10,24,48,22;8,0,8,24,48,10;8,0,22,24,48,24;10,0,24,22,48,32
S|4145|10,0,10,22,48,32
S|4146|0,0,10,22,48,22;10,0,22,22,48,32
S|4147|0,0,10,22,48,22;10,0,22,22,48,32
S|4148|8,0,8,24,48,24;10,0,0,22,48,8
S|4149|0,0,10,24,48,22;8,0,8,24,48,10;8,0,22,24,48,24;10,0,0,22,48,8
S|4150|0,0,10,24,48,22;8,0,8,24,48,10;8,0,22,24,48,24;10,0,0,22,48,8
S|4151|10,0,0,22,48,22
S|4152|0,0,10,22,48,22;10,0,0,22,48,10
S|4153|0,0,10,22,48,22;10,0,0,22,48,10
S|4154|8,0,8,24,48,24;10,0,0,22,48,8;10,0,24,22,48,32
S|4155|0,0,10,24,48,22;8,0,8,24,48,10;8,0,22,24,48,24;10,0,0,22,48,8;10,0,24,22,48,32
S|4156|0,0,10,24,48,22;8,0,8,24,48,10;8,0,22,24,48,24;10,0,0,22,48,8;10,0,24,22,48,32
S|4157|10,0,0,22,48,32
S|4158|0,0,10,22,48,22;10,0,0,22,48,10;10,0,22,22,48,32
S|4159|0,0,10,22,48,22;10,0,0,22,48,10;10,0,22,22,48,32
S|4160|8,0,8,24,48,24;10,0,0,22,48,8;10,0,24,22,48,32
S|4161|0,0,10,24,48,22;8,0,8,24,48,10;8,0,22,24,48,24;10,0,0,22,48,8;10,0,24,22,48,32
S|4162|0,0,10,24,48,22;8,0,8,24,48,10;8,0,22,24,48,24;10,0,0,22,48,8;10,0,24,22,48,32
S|4163|10,0,0,22,48,32
S|4164|0,0,10,22,48,22;10,0,0,22,48,10;10,0,22,22,48,32
S|4165|0,0,10,22,48,22;10,0,0,22,48,10;10,0,22,22,48,32
S|4166|8,0,8,24,48,24;10,0,0,22,48,8
S|4167|0,0,10,24,48,22;8,0,8,24,48,10;8,0,22,24,48,24;10,0,0,22,48,8
S|4168|0,0,10,24,48,22;8,0,8,24,48,10;8,0,22,24,48,24;10,0,0,22,48,8
S|4169|10,0,0,22,48,22
S|4170|0,0,10,22,48,22;10,0,0,22,48,10
S|4171|0,0,10,22,48,22;10,0,0,22,48,10
S|4172|8,0,8,24,48,24;10,0,0,22,48,8;10,0,24,22,48,32
S|4173|0,0,10,24,48,22;8,0,8,24,48,10;8,0,22,24,48,24;10,0,0,22,48,8;10,0,24,22,48,32
S|4174|0,0,10,24,48,22;8,0,8,24,48,10;8,0,22,24,48,24;10,0,0,22,48,8;10,0,24,22,48,32
S|4175|10,0,0,22,48,32
S|4176|0,0,10,22,48,22;10,0,0,22,48,10;10,0,22,22,48,32
S|4177|0,0,10,22,48,22;10,0,0,22,48,10;10,0,22,22,48,32
S|4178|8,0,8,24,48,24;10,0,0,22,48,8;10,0,24,22,48,32
S|4179|0,0,10,24,48,22;8,0,8,24,48,10;8,0,22,24,48,24;10,0,0,22,48,8;10,0,24,22,48,32
S|4180|0,0,10,24,48,22;8,0,8,24,48,10;8,0,22,24,48,24;10,0,0,22,48,8;10,0,24,22,48,32
S|4181|10,0,0,22,48,32
S|4182|0,0,10,22,48,22;10,0,0,22,48,10;10,0,22,22,48,32
S|4183|0,0,10,22,48,22;10,0,0,22,48,10;10,0,22,22,48,32
S|4184|8,0,8,24,48,24;24,0,10,32,48,22
S|4185|0,0,10,32,48,22;8,0,8,24,48,10;8,0,22,24,48,24
S|4186|0,0,10,32,48,22;8,0,8,24,48,10;8,0,22,24,48,24
S|4187|10,0,10,32,48,22
S|4188|0,0,10,32,48,22
S|4189|0,0,10,32,48,22
S|4190|8,0,8,24,48,24;10,0,24,22,48,32;24,0,10,32,48,22
S|4191|0,0,10,32,48,22;8,0,8,24,48,10;8,0,22,24,48,24;10,0,24,22,48,32
S|4192|0,0,10,32,48,22;8,0,8,24,48,10;8,0,22,24,48,24;10,0,24,22,48,32
S|4193|10,0,10,22,48,32;22,0,10,32,48,22
S|4194|0,0,10,32,48,22;10,0,22,22,48,32
S|4195|0,0,10,32,48,22;10,0,22,22,48,32
S|4196|8,0,8,24,48,24;10,0,24,22,48,32;24,0,10,32,48,22
S|4197|0,0,10,32,48,22;8,0,8,24,48,10;8,0,22,24,48,24;10,0,24,22,48,32
S|4198|0,0,10,32,48,22;8,0,8,24,48,10;8,0,22,24,48,24;10,0,24,22,48,32
S|4199|10,0,10,22,48,32;22,0,10,32,48,22
S|4200|0,0,10,32,48,22;10,0,22,22,48,32
S|4201|0,0,10,32,48,22;10,0,22,22,48,32
S|4202|8,0,8,24,48,24;10,0,0,22,48,8;24,0,10,32,48,22
S|4203|0,0,10,32,48,22;8,0,8,24,48,10;8,0,22,24,48,24;10,0,0,22,48,8
S|4204|0,0,10,32,48,22;8,0,8,24,48,10;8,0,22,24,48,24;10,0,0,22,48,8
S|4205|10,0,0,22,48,22;22,0,10,32,48,22
S|4206|0,0,10,32,48,22;10,0,0,22,48,10
S|4207|0,0,10,32,48,22;10,0,0,22,48,10
S|4208|8,0,8,24,48,24;10,0,0,22,48,8;10,0,24,22,48,32;24,0,10,32,48,22
S|4209|0,0,10,32,48,22;8,0,8,24,48,10;8,0,22,24,48,24;10,0,0,22,48,8;10,0,24,22,48,32
S|4210|0,0,10,32,48,22;8,0,8,24,48,10;8,0,22,24,48,24;10,0,0,22,48,8;10,0,24,22,48,32
S|4211|10,0,0,22,48,32;22,0,10,32,48,22
S|4212|0,0,10,32,48,22;10,0,0,22,48,10;10,0,22,22,48,32
S|4213|0,0,10,32,48,22;10,0,0,22,48,10;10,0,22,22,48,32
S|4214|8,0,8,24,48,24;10,0,0,22,48,8;10,0,24,22,48,32;24,0,10,32,48,22
S|4215|0,0,10,32,48,22;8,0,8,24,48,10;8,0,22,24,48,24;10,0,0,22,48,8;10,0,24,22,48,32
S|4216|0,0,10,32,48,22;8,0,8,24,48,10;8,0,22,24,48,24;10,0,0,22,48,8;10,0,24,22,48,32
S|4217|10,0,0,22,48,32;22,0,10,32,48,22
S|4218|0,0,10,32,48,22;10,0,0,22,48,10;10,0,22,22,48,32
S|4219|0,0,10,32,48,22;10,0,0,22,48,10;10,0,22,22,48,32
S|4220|8,0,8,24,48,24;10,0,0,22,48,8;24,0,10,32,48,22
S|4221|0,0,10,32,48,22;8,0,8,24,48,10;8,0,22,24,48,24;10,0,0,22,48,8
S|4222|0,0,10,32,48,22;8,0,8,24,48,10;8,0,22,24,48,24;10,0,0,22,48,8
S|4223|10,0,0,22,48,22;22,0,10,32,48,22
S|4224|0,0,10,32,48,22;10,0,0,22,48,10
S|4225|0,0,10,32,48,22;10,0,0,22,48,10
S|4226|8,0,8,24,48,24;10,0,0,22,48,8;10,0,24,22,48,32;24,0,10,32,48,22
S|4227|0,0,10,32,48,22;8,0,8,24,48,10;8,0,22,24,48,24;10,0,0,22,48,8;10,0,24,22,48,32
S|4228|0,0,10,32,48,22;8,0,8,24,48,10;8,0,22,24,48,24;10,0,0,22,48,8;10,0,24,22,48,32
S|4229|10,0,0,22,48,32;22,0,10,32,48,22
S|4230|0,0,10,32,48,22;10,0,0,22,48,10;10,0,22,22,48,32
S|4231|0,0,10,32,48,22;10,0,0,22,48,10;10,0,22,22,48,32
S|4232|8,0,8,24,48,24;10,0,0,22,48,8;10,0,24,22,48,32;24,0,10,32,48,22
S|4233|0,0,10,32,48,22;8,0,8,24,48,10;8,0,22,24,48,24;10,0,0,22,48,8;10,0,24,22,48,32
S|4234|0,0,10,32,48,22;8,0,8,24,48,10;8,0,22,24,48,24;10,0,0,22,48,8;10,0,24,22,48,32
S|4235|10,0,0,22,48,32;22,0,10,32,48,22
S|4236|0,0,10,32,48,22;10,0,0,22,48,10;10,0,22,22,48,32
S|4237|0,0,10,32,48,22;10,0,0,22,48,10;10,0,22,22,48,32
S|4238|8,0,8,24,48,24;24,0,10,32,48,22
S|4239|0,0,10,32,48,22;8,0,8,24,48,10;8,0,22,24,48,24
S|4240|0,0,10,32,48,22;8,0,8,24,48,10;8,0,22,24,48,24
S|4241|10,0,10,32,48,22
S|4242|0,0,10,32,48,22
S|4243|0,0,10,32,48,22
S|4244|8,0,8,24,48,24;10,0,24,22,48,32;24,0,10,32,48,22
S|4245|0,0,10,32,48,22;8,0,8,24,48,10;8,0,22,24,48,24;10,0,24,22,48,32
S|4246|0,0,10,32,48,22;8,0,8,24,48,10;8,0,22,24,48,24;10,0,24,22,48,32
S|4247|10,0,10,22,48,32;22,0,10,32,48,22
S|4248|0,0,10,32,48,22;10,0,22,22,48,32
S|4249|0,0,10,32,48,22;10,0,22,22,48,32
S|4250|8,0,8,24,48,24;10,0,24,22,48,32;24,0,10,32,48,22
S|4251|0,0,10,32,48,22;8,0,8,24,48,10;8,0,22,24,48,24;10,0,24,22,48,32
S|4252|0,0,10,32,48,22;8,0,8,24,48,10;8,0,22,24,48,24;10,0,24,22,48,32
S|4253|10,0,10,22,48,32;22,0,10,32,48,22
S|4254|0,0,10,32,48,22;10,0,22,22,48,32
S|4255|0,0,10,32,48,22;10,0,22,22,48,32
S|4256|8,0,8,24,48,24;10,0,0,22,48,8;24,0,10,32,48,22
S|4257|0,0,10,32,48,22;8,0,8,24,48,10;8,0,22,24,48,24;10,0,0,22,48,8
S|4258|0,0,10,32,48,22;8,0,8,24,48,10;8,0,22,24,48,24;10,0,0,22,48,8
S|4259|10,0,0,22,48,22;22,0,10,32,48,22
S|4260|0,0,10,32,48,22;10,0,0,22,48,10
S|4261|0,0,10,32,48,22;10,0,0,22,48,10
S|4262|8,0,8,24,48,24;10,0,0,22,48,8;10,0,24,22,48,32;24,0,10,32,48,22
S|4263|0,0,10,32,48,22;8,0,8,24,48,10;8,0,22,24,48,24;10,0,0,22,48,8;10,0,24,22,48,32
S|4264|0,0,10,32,48,22;8,0,8,24,48,10;8,0,22,24,48,24;10,0,0,22,48,8;10,0,24,22,48,32
S|4265|10,0,0,22,48,32;22,0,10,32,48,22
S|4266|0,0,10,32,48,22;10,0,0,22,48,10;10,0,22,22,48,32
S|4267|0,0,10,32,48,22;10,0,0,22,48,10;10,0,22,22,48,32
S|4268|8,0,8,24,48,24;10,0,0,22,48,8;10,0,24,22,48,32;24,0,10,32,48,22
S|4269|0,0,10,32,48,22;8,0,8,24,48,10;8,0,22,24,48,24;10,0,0,22,48,8;10,0,24,22,48,32
S|4270|0,0,10,32,48,22;8,0,8,24,48,10;8,0,22,24,48,24;10,0,0,22,48,8;10,0,24,22,48,32
S|4271|10,0,0,22,48,32;22,0,10,32,48,22
S|4272|0,0,10,32,48,22;10,0,0,22,48,10;10,0,22,22,48,32
S|4273|0,0,10,32,48,22;10,0,0,22,48,10;10,0,22,22,48,32
S|4274|8,0,8,24,48,24;10,0,0,22,48,8;24,0,10,32,48,22
S|4275|0,0,10,32,48,22;8,0,8,24,48,10;8,0,22,24,48,24;10,0,0,22,48,8
S|4276|0,0,10,32,48,22;8,0,8,24,48,10;8,0,22,24,48,24;10,0,0,22,48,8
S|4277|10,0,0,22,48,22;22,0,10,32,48,22
S|4278|0,0,10,32,48,22;10,0,0,22,48,10
S|4279|0,0,10,32,48,22;10,0,0,22,48,10
S|4280|8,0,8,24,48,24;10,0,0,22,48,8;10,0,24,22,48,32;24,0,10,32,48,22
S|4281|0,0,10,32,48,22;8,0,8,24,48,10;8,0,22,24,48,24;10,0,0,22,48,8;10,0,24,22,48,32
S|4282|0,0,10,32,48,22;8,0,8,24,48,10;8,0,22,24,48,24;10,0,0,22,48,8;10,0,24,22,48,32
S|4283|10,0,0,22,48,32;22,0,10,32,48,22
S|4284|0,0,10,32,48,22;10,0,0,22,48,10;10,0,22,22,48,32
S|4285|0,0,10,32,48,22;10,0,0,22,48,10;10,0,22,22,48,32
S|4286|8,0,8,24,48,24;10,0,0,22,48,8;10,0,24,22,48,32;24,0,10,32,48,22
S|4287|0,0,10,32,48,22;8,0,8,24,48,10;8,0,22,24,48,24;10,0,0,22,48,8;10,0,24,22,48,32
S|4288|0,0,10,32,48,22;8,0,8,24,48,10;8,0,22,24,48,24;10,0,0,22,48,8;10,0,24,22,48,32
S|4289|10,0,0,22,48,32;22,0,10,32,48,22
S|4290|0,0,10,32,48,22;10,0,0,22,48,10;10,0,22,22,48,32
S|4291|0,0,10,32,48,22;10,0,0,22,48,10;10,0,22,22,48,32
S|4292|8,0,8,24,48,24
S|4293|0,0,10,24,48,22;8,0,8,24,48,10;8,0,22,24,48,24
S|4294|0,0,10,24,48,22;8,0,8,24,48,10;8,0,22,24,48,24
S|4295|0,0,10,22,48,22
S|4296|0,0,10,22,48,22
S|4297|8,0,8,24,48,24;10,0,24,22,48,32
S|4298|0,0,10,24,48,22;8,0,8,24,48,10;8,0,22,24,48,24;10,0,24,22,48,32
S|4299|0,0,10,24,48,22;8,0,8,24,48,10;8,0,22,24,48,24;10,0,24,22,48,32
S|4300|10,0,10,22,48,32
S|4301|0,0,10,22,48,22;10,0,22,22,48,32
S|4302|0,0,10,22,48,22;10,0,22,22,48,32
S|4303|8,0,8,24,48,24;10,0,24,22,48,32
S|4304|0,0,10,24,48,22;8,0,8,24,48,10;8,0,22,24,48,24;10,0,24,22,48,32
S|4305|0,0,10,24,48,22;8,0,8,24,48,10;8,0,22,24,48,24;10,0,24,22,48,32
S|4306|10,0,10,22,48,32
S|4307|0,0,10,22,48,22;10,0,22,22,48,32
S|4308|0,0,10,22,48,22;10,0,22,22,48,32
S|4309|8,0,8,24,48,24;10,0,0,22,48,8
S|4310|0,0,10,24,48,22;8,0,8,24,48,10;8,0,22,24,48,24;10,0,0,22,48,8
S|4311|0,0,10,24,48,22;8,0,8,24,48,10;8,0,22,24,48,24;10,0,0,22,48,8
S|4312|10,0,0,22,48,22
S|4313|0,0,10,22,48,22;10,0,0,22,48,10
S|4314|0,0,10,22,48,22;10,0,0,22,48,10
S|4315|8,0,8,24,48,24;10,0,0,22,48,8;10,0,24,22,48,32
S|4316|0,0,10,24,48,22;8,0,8,24,48,10;8,0,22,24,48,24;10,0,0,22,48,8;10,0,24,22,48,32
S|4317|0,0,10,24,48,22;8,0,8,24,48,10;8,0,22,24,48,24;10,0,0,22,48,8;10,0,24,22,48,32
S|4318|10,0,0,22,48,32
S|4319|0,0,10,22,48,22;10,0,0,22,48,10;10,0,22,22,48,32
S|4320|0,0,10,22,48,22;10,0,0,22,48,10;10,0,22,22,48,32
S|4321|8,0,8,24,48,24;10,0,0,22,48,8;10,0,24,22,48,32
S|4322|0,0,10,24,48,22;8,0,8,24,48,10;8,0,22,24,48,24;10,0,0,22,48,8;10,0,24,22,48,32
S|4323|0,0,10,24,48,22;8,0,8,24,48,10;8,0,22,24,48,24;10,0,0,22,48,8;10,0,24,22,48,32
S|4324|10,0,0,22,48,32
S|4325|0,0,10,22,48,22;10,0,0,22,48,10;10,0,22,22,48,32
S|4326|0,0,10,22,48,22;10,0,0,22,48,10;10,0,22,22,48,32
S|4327|8,0,8,24,48,24;10,0,0,22,48,8
S|4328|0,0,10,24,48,22;8,0,8,24,48,10;8,0,22,24,48,24;10,0,0,22,48,8
S|4329|0,0,10,24,48,22;8,0,8,24,48,10;8,0,22,24,48,24;10,0,0,22,48,8
S|4330|10,0,0,22,48,22
S|4331|0,0,10,22,48,22;10,0,0,22,48,10
S|4332|0,0,10,22,48,22;10,0,0,22,48,10
S|4333|8,0,8,24,48,24;10,0,0,22,48,8;10,0,24,22,48,32
S|4334|0,0,10,24,48,22;8,0,8,24,48,10;8,0,22,24,48,24;10,0,0,22,48,8;10,0,24,22,48,32
S|4335|0,0,10,24,48,22;8,0,8,24,48,10;8,0,22,24,48,24;10,0,0,22,48,8;10,0,24,22,48,32
S|4336|10,0,0,22,48,32
S|4337|0,0,10,22,48,22;10,0,0,22,48,10;10,0,22,22,48,32
S|4338|0,0,10,22,48,22;10,0,0,22,48,10;10,0,22,22,48,32
S|4339|8,0,8,24,48,24;10,0,0,22,48,8;10,0,24,22,48,32
S|4340|0,0,10,24,48,22;8,0,8,24,48,10;8,0,22,24,48,24;10,0,0,22,48,8;10,0,24,22,48,32
S|4341|0,0,10,24,48,22;8,0,8,24,48,10;8,0,22,24,48,24;10,0,0,22,48,8;10,0,24,22,48,32
S|4342|10,0,0,22,48,32
S|4343|0,0,10,22,48,22;10,0,0,22,48,10;10,0,22,22,48,32
S|4344|0,0,10,22,48,22;10,0,0,22,48,10;10,0,22,22,48,32
S|4345|8,0,8,24,48,24;24,0,10,32,48,22
S|4346|0,0,10,32,48,22;8,0,8,24,48,10;8,0,22,24,48,24
S|4347|0,0,10,32,48,22;8,0,8,24,48,10;8,0,22,24,48,24
S|4348|10,0,10,32,48,22
S|4349|0,0,10,32,48,22
S|4350|0,0,10,32,48,22
S|4351|8,0,8,24,48,24;10,0,24,22,48,32;24,0,10,32,48,22
S|4352|0,0,10,32,48,22;8,0,8,24,48,10;8,0,22,24,48,24;10,0,24,22,48,32
S|4353|0,0,10,32,48,22;8,0,8,24,48,10;8,0,22,24,48,24;10,0,24,22,48,32
S|4354|10,0,10,22,48,32;22,0,10,32,48,22
S|4355|0,0,10,32,48,22;10,0,22,22,48,32
S|4356|0,0,10,32,48,22;10,0,22,22,48,32
S|4357|8,0,8,24,48,24;10,0,24,22,48,32;24,0,10,32,48,22
S|4358|0,0,10,32,48,22;8,0,8,24,48,10;8,0,22,24,48,24;10,0,24,22,48,32
S|4359|0,0,10,32,48,22;8,0,8,24,48,10;8,0,22,24,48,24;10,0,24,22,48,32
S|4360|10,0,10,22,48,32;22,0,10,32,48,22
S|4361|0,0,10,32,48,22;10,0,22,22,48,32
S|4362|0,0,10,32,48,22;10,0,22,22,48,32
S|4363|8,0,8,24,48,24;10,0,0,22,48,8;24,0,10,32,48,22
S|4364|0,0,10,32,48,22;8,0,8,24,48,10;8,0,22,24,48,24;10,0,0,22,48,8
S|4365|0,0,10,32,48,22;8,0,8,24,48,10;8,0,22,24,48,24;10,0,0,22,48,8
S|4366|10,0,0,22,48,22;22,0,10,32,48,22
S|4367|0,0,10,32,48,22;10,0,0,22,48,10
S|4368|0,0,10,32,48,22;10,0,0,22,48,10
S|4369|8,0,8,24,48,24;10,0,0,22,48,8;10,0,24,22,48,32;24,0,10,32,48,22
S|4370|0,0,10,32,48,22;8,0,8,24,48,10;8,0,22,24,48,24;10,0,0,22,48,8;10,0,24,22,48,32
S|4371|0,0,10,32,48,22;8,0,8,24,48,10;8,0,22,24,48,24;10,0,0,22,48,8;10,0,24,22,48,32
S|4372|10,0,0,22,48,32;22,0,10,32,48,22
S|4373|0,0,10,32,48,22;10,0,0,22,48,10;10,0,22,22,48,32
S|4374|0,0,10,32,48,22;10,0,0,22,48,10;10,0,22,22,48,32
S|4375|8,0,8,24,48,24;10,0,0,22,48,8;10,0,24,22,48,32;24,0,10,32,48,22
S|4376|0,0,10,32,48,22;8,0,8,24,48,10;8,0,22,24,48,24;10,0,0,22,48,8;10,0,24,22,48,32
S|4377|0,0,10,32,48,22;8,0,8,24,48,10;8,0,22,24,48,24;10,0,0,22,48,8;10,0,24,22,48,32
S|4378|10,0,0,22,48,32;22,0,10,32,48,22
S|4379|0,0,10,32,48,22;10,0,0,22,48,10;10,0,22,22,48,32
S|4380|0,0,10,32,48,22;10,0,0,22,48,10;10,0,22,22,48,32
S|4381|8,0,8,24,48,24;10,0,0,22,48,8;24,0,10,32,48,22
S|4382|0,0,10,32,48,22;8,0,8,24,48,10;8,0,22,24,48,24;10,0,0,22,48,8
S|4383|0,0,10,32,48,22;8,0,8,24,48,10;8,0,22,24,48,24;10,0,0,22,48,8
S|4384|10,0,0,22,48,22;22,0,10,32,48,22
S|4385|0,0,10,32,48,22;10,0,0,22,48,10
S|4386|0,0,10,32,48,22;10,0,0,22,48,10
S|4387|8,0,8,24,48,24;10,0,0,22,48,8;10,0,24,22,48,32;24,0,10,32,48,22
S|4388|0,0,10,32,48,22;8,0,8,24,48,10;8,0,22,24,48,24;10,0,0,22,48,8;10,0,24,22,48,32
S|4389|0,0,10,32,48,22;8,0,8,24,48,10;8,0,22,24,48,24;10,0,0,22,48,8;10,0,24,22,48,32
S|4390|10,0,0,22,48,32;22,0,10,32,48,22
S|4391|0,0,10,32,48,22;10,0,0,22,48,10;10,0,22,22,48,32
S|4392|0,0,10,32,48,22;10,0,0,22,48,10;10,0,22,22,48,32
S|4393|8,0,8,24,48,24;10,0,0,22,48,8;10,0,24,22,48,32;24,0,10,32,48,22
S|4394|0,0,10,32,48,22;8,0,8,24,48,10;8,0,22,24,48,24;10,0,0,22,48,8;10,0,24,22,48,32
S|4395|0,0,10,32,48,22;8,0,8,24,48,10;8,0,22,24,48,24;10,0,0,22,48,8;10,0,24,22,48,32
S|4396|10,0,0,22,48,32;22,0,10,32,48,22
S|4397|0,0,10,32,48,22;10,0,0,22,48,10;10,0,22,22,48,32
S|4398|0,0,10,32,48,22;10,0,0,22,48,10;10,0,22,22,48,32
S|4399|8,0,8,24,48,24;24,0,10,32,48,22
S|4400|0,0,10,32,48,22;8,0,8,24,48,10;8,0,22,24,48,24
S|4401|0,0,10,32,48,22;8,0,8,24,48,10;8,0,22,24,48,24
S|4402|10,0,10,32,48,22
S|4403|0,0,10,32,48,22
S|4404|0,0,10,32,48,22
S|4405|8,0,8,24,48,24;10,0,24,22,48,32;24,0,10,32,48,22
S|4406|0,0,10,32,48,22;8,0,8,24,48,10;8,0,22,24,48,24;10,0,24,22,48,32
S|4407|0,0,10,32,48,22;8,0,8,24,48,10;8,0,22,24,48,24;10,0,24,22,48,32
S|4408|10,0,10,22,48,32;22,0,10,32,48,22
S|4409|0,0,10,32,48,22;10,0,22,22,48,32
S|4410|0,0,10,32,48,22;10,0,22,22,48,32
S|4411|8,0,8,24,48,24;10,0,24,22,48,32;24,0,10,32,48,22
S|4412|0,0,10,32,48,22;8,0,8,24,48,10;8,0,22,24,48,24;10,0,24,22,48,32
S|4413|0,0,10,32,48,22;8,0,8,24,48,10;8,0,22,24,48,24;10,0,24,22,48,32
S|4414|10,0,10,22,48,32;22,0,10,32,48,22
S|4415|0,0,10,32,48,22;10,0,22,22,48,32
S|4416|0,0,10,32,48,22;10,0,22,22,48,32
S|4417|8,0,8,24,48,24;10,0,0,22,48,8;24,0,10,32,48,22
S|4418|0,0,10,32,48,22;8,0,8,24,48,10;8,0,22,24,48,24;10,0,0,22,48,8
S|4419|0,0,10,32,48,22;8,0,8,24,48,10;8,0,22,24,48,24;10,0,0,22,48,8
S|4420|10,0,0,22,48,22;22,0,10,32,48,22
S|4421|0,0,10,32,48,22;10,0,0,22,48,10
S|4422|0,0,10,32,48,22;10,0,0,22,48,10
S|4423|8,0,8,24,48,24;10,0,0,22,48,8;10,0,24,22,48,32;24,0,10,32,48,22
S|4424|0,0,10,32,48,22;8,0,8,24,48,10;8,0,22,24,48,24;10,0,0,22,48,8;10,0,24,22,48,32
S|4425|0,0,10,32,48,22;8,0,8,24,48,10;8,0,22,24,48,24;10,0,0,22,48,8;10,0,24,22,48,32
S|4426|10,0,0,22,48,32;22,0,10,32,48,22
S|4427|0,0,10,32,48,22;10,0,0,22,48,10;10,0,22,22,48,32
S|4428|0,0,10,32,48,22;10,0,0,22,48,10;10,0,22,22,48,32
S|4429|8,0,8,24,48,24;10,0,0,22,48,8;10,0,24,22,48,32;24,0,10,32,48,22
S|4430|0,0,10,32,48,22;8,0,8,24,48,10;8,0,22,24,48,24;10,0,0,22,48,8;10,0,24,22,48,32
S|4431|0,0,10,32,48,22;8,0,8,24,48,10;8,0,22,24,48,24;10,0,0,22,48,8;10,0,24,22,48,32
S|4432|10,0,0,22,48,32;22,0,10,32,48,22
S|4433|0,0,10,32,48,22;10,0,0,22,48,10;10,0,22,22,48,32
S|4434|0,0,10,32,48,22;10,0,0,22,48,10;10,0,22,22,48,32
S|4435|8,0,8,24,48,24;10,0,0,22,48,8;24,0,10,32,48,22
S|4436|0,0,10,32,48,22;8,0,8,24,48,10;8,0,22,24,48,24;10,0,0,22,48,8
S|4437|0,0,10,32,48,22;8,0,8,24,48,10;8,0,22,24,48,24;10,0,0,22,48,8
S|4438|10,0,0,22,48,22;22,0,10,32,48,22
S|4439|0,0,10,32,48,22;10,0,0,22,48,10
S|4440|0,0,10,32,48,22;10,0,0,22,48,10
S|4441|8,0,8,24,48,24;10,0,0,22,48,8;10,0,24,22,48,32;24,0,10,32,48,22
S|4442|0,0,10,32,48,22;8,0,8,24,48,10;8,0,22,24,48,24;10,0,0,22,48,8;10,0,24,22,48,32
S|4443|0,0,10,32,48,22;8,0,8,24,48,10;8,0,22,24,48,24;10,0,0,22,48,8;10,0,24,22,48,32
S|4444|10,0,0,22,48,32;22,0,10,32,48,22
S|4445|0,0,10,32,48,22;10,0,0,22,48,10;10,0,22,22,48,32
S|4446|0,0,10,32,48,22;10,0,0,22,48,10;10,0,22,22,48,32
S|4447|8,0,8,24,48,24;10,0,0,22,48,8;10,0,24,22,48,32;24,0,10,32,48,22
S|4448|0,0,10,32,48,22;8,0,8,24,48,10;8,0,22,24,48,24;10,0,0,22,48,8;10,0,24,22,48,32
S|4449|0,0,10,32,48,22;8,0,8,24,48,10;8,0,22,24,48,24;10,0,0,22,48,8;10,0,24,22,48,32
S|4450|10,0,0,22,48,32;22,0,10,32,48,22
S|4451|0,0,10,32,48,22;10,0,0,22,48,10;10,0,22,22,48,32
S|4452|0,0,10,32,48,22;10,0,0,22,48,10;10,0,22,22,48,32
S|4453|0,0,0,32,16,32
S|4454|0,0,0,32,16,32
S|4455|6,0,6,26,28,26
S|4456|6,0,6,18,32,18
S|4457|6,0,6,18,32,18
S|4458|6,0,6,18,32,18
S|4459|6,0,6,18,32,18
S|4460|6,0,6,18,22,18
S|4461|6,0,6,18,22,18
S|4462|6,10,6,18,32,18
S|4463|6,10,6,18,32,18
S|4464|4,0,4,20,32,20
S|4465|4,0,4,20,32,20
S|4466|4,0,4,20,32,20
S|4467|4,0,4,20,32,20
S|4468|2,0,2,22,32,22
S|4469|2,0,2,22,32,22
S|4470|2,0,2,22,32,22
S|4471|2,0,2,22,32,22
S|4472|0,0,0,24,32,24
S|4473|0,0,0,24,32,24
S|4474|0,0,0,24,32,24
S|4475|0,0,0,24,32,24
S|4476|12,0,12,20,32,20;0,16,0,12,32,32;12,16,0,32,32,12;12,16,20,32,32,32;20,16,12,32,32,20
S|4477|0,22,0,32,30,32
S|4478|0,22,0,32,30,32
S|4479|0,22,0,32,26,32
S|4480|0,0,0,32,28,32
S|4481|8,0,8,24,48,24
S|4482|0,0,10,24,48,22;8,0,8,24,48,10;8,0,22,24,48,24
S|4483|0,0,10,24,48,22;8,0,8,24,48,10;8,0,22,24,48,24
S|4484|0,0,10,22,48,22
S|4485|0,0,10,22,48,22
S|4486|8,0,8,24,48,24;10,0,24,22,48,32
S|4487|0,0,10,24,48,22;8,0,8,24,48,10;8,0,22,24,48,24;10,0,24,22,48,32
S|4488|0,0,10,24,48,22;8,0,8,24,48,10;8,0,22,24,48,24;10,0,24,22,48,32
S|4489|10,0,10,22,48,32
S|4490|0,0,10,22,48,22;10,0,22,22,48,32
S|4491|0,0,10,22,48,22;10,0,22,22,48,32
S|4492|8,0,8,24,48,24;10,0,24,22,48,32
S|4493|0,0,10,24,48,22;8,0,8,24,48,10;8,0,22,24,48,24;10,0,24,22,48,32
S|4494|0,0,10,24,48,22;8,0,8,24,48,10;8,0,22,24,48,24;10,0,24,22,48,32
S|4495|10,0,10,22,48,32
S|4496|0,0,10,22,48,22;10,0,22,22,48,32
S|4497|0,0,10,22,48,22;10,0,22,22,48,32
S|4498|8,0,8,24,48,24;10,0,0,22,48,8
S|4499|0,0,10,24,48,22;8,0,8,24,48,10;8,0,22,24,48,24;10,0,0,22,48,8
S|4500|0,0,10,24,48,22;8,0,8,24,48,10;8,0,22,24,48,24;10,0,0,22,48,8
S|4501|10,0,0,22,48,22
S|4502|0,0,10,22,48,22;10,0,0,22,48,10
S|4503|0,0,10,22,48,22;10,0,0,22,48,10
S|4504|8,0,8,24,48,24;10,0,0,22,48,8;10,0,24,22,48,32
S|4505|0,0,10,24,48,22;8,0,8,24,48,10;8,0,22,24,48,24;10,0,0,22,48,8;10,0,24,22,48,32
S|4506|0,0,10,24,48,22;8,0,8,24,48,10;8,0,22,24,48,24;10,0,0,22,48,8;10,0,24,22,48,32
S|4507|10,0,0,22,48,32
S|4508|0,0,10,22,48,22;10,0,0,22,48,10;10,0,22,22,48,32
S|4509|0,0,10,22,48,22;10,0,0,22,48,10;10,0,22,22,48,32
S|4510|8,0,8,24,48,24;10,0,0,22,48,8;10,0,24,22,48,32
S|4511|0,0,10,24,48,22;8,0,8,24,48,10;8,0,22,24,48,24;10,0,0,22,48,8;10,0,24,22,48,32
S|4512|0,0,10,24,48,22;8,0,8,24,48,10;8,0,22,24,48,24;10,0,0,22,48,8;10,0,24,22,48,32
S|4513|10,0,0,22,48,32
S|4514|0,0,10,22,48,22;10,0,0,22,48,10;10,0,22,22,48,32
S|4515|0,0,10,22,48,22;10,0,0,22,48,10;10,0,22,22,48,32
S|4516|8,0,8,24,48,24;10,0,0,22,48,8
S|4517|0,0,10,24,48,22;8,0,8,24,48,10;8,0,22,24,48,24;10,0,0,22,48,8
S|4518|0,0,10,24,48,22;8,0,8,24,48,10;8,0,22,24,48,24;10,0,0,22,48,8
S|4519|10,0,0,22,48,22
S|4520|0,0,10,22,48,22;10,0,0,22,48,10
S|4521|0,0,10,22,48,22;10,0,0,22,48,10
S|4522|8,0,8,24,48,24;10,0,0,22,48,8;10,0,24,22,48,32
S|4523|0,0,10,24,48,22;8,0,8,24,48,10;8,0,22,24,48,24;10,0,0,22,48,8;10,0,24,22,48,32
S|4524|0,0,10,24,48,22;8,0,8,24,48,10;8,0,22,24,48,24;10,0,0,22,48,8;10,0,24,22,48,32
S|4525|10,0,0,22,48,32
S|4526|0,0,10,22,48,22;10,0,0,22,48,10;10,0,22,22,48,32
S|4527|0,0,10,22,48,22;10,0,0,22,48,10;10,0,22,22,48,32
S|4528|8,0,8,24,48,24;10,0,0,22,48,8;10,0,24,22,48,32
S|4529|0,0,10,24,48,22;8,0,8,24,48,10;8,0,22,24,48,24;10,0,0,22,48,8;10,0,24,22,48,32
S|4530|0,0,10,24,48,22;8,0,8,24,48,10;8,0,22,24,48,24;10,0,0,22,48,8;10,0,24,22,48,32
S|4531|10,0,0,22,48,32
S|4532|0,0,10,22,48,22;10,0,0,22,48,10;10,0,22,22,48,32
S|4533|0,0,10,22,48,22;10,0,0,22,48,10;10,0,22,22,48,32
S|4534|8,0,8,24,48,24;24,0,10,32,48,22
S|4535|0,0,10,32,48,22;8,0,8,24,48,10;8,0,22,24,48,24
S|4536|0,0,10,32,48,22;8,0,8,24,48,10;8,0,22,24,48,24
S|4537|10,0,10,32,48,22
S|4538|0,0,10,32,48,22
S|4539|0,0,10,32,48,22
S|4540|8,0,8,24,48,24;10,0,24,22,48,32;24,0,10,32,48,22
S|4541|0,0,10,32,48,22;8,0,8,24,48,10;8,0,22,24,48,24;10,0,24,22,48,32
S|4542|0,0,10,32,48,22;8,0,8,24,48,10;8,0,22,24,48,24;10,0,24,22,48,32
S|4543|10,0,10,22,48,32;22,0,10,32,48,22
S|4544|0,0,10,32,48,22;10,0,22,22,48,32
S|4545|0,0,10,32,48,22;10,0,22,22,48,32
S|4546|8,0,8,24,48,24;10,0,24,22,48,32;24,0,10,32,48,22
S|4547|0,0,10,32,48,22;8,0,8,24,48,10;8,0,22,24,48,24;10,0,24,22,48,32
S|4548|0,0,10,32,48,22;8,0,8,24,48,10;8,0,22,24,48,24;10,0,24,22,48,32
S|4549|10,0,10,22,48,32;22,0,10,32,48,22
S|4550|0,0,10,32,48,22;10,0,22,22,48,32
S|4551|0,0,10,32,48,22;10,0,22,22,48,32
S|4552|8,0,8,24,48,24;10,0,0,22,48,8;24,0,10,32,48,22
S|4553|0,0,10,32,48,22;8,0,8,24,48,10;8,0,22,24,48,24;10,0,0,22,48,8
S|4554|0,0,10,32,48,22;8,0,8,24,48,10;8,0,22,24,48,24;10,0,0,22,48,8
S|4555|10,0,0,22,48,22;22,0,10,32,48,22
S|4556|0,0,10,32,48,22;10,0,0,22,48,10
S|4557|0,0,10,32,48,22;10,0,0,22,48,10
S|4558|8,0,8,24,48,24;10,0,0,22,48,8;10,0,24,22,48,32;24,0,10,32,48,22
S|4559|0,0,10,32,48,22;8,0,8,24,48,10;8,0,22,24,48,24;10,0,0,22,48,8;10,0,24,22,48,32
S|4560|0,0,10,32,48,22;8,0,8,24,48,10;8,0,22,24,48,24;10,0,0,22,48,8;10,0,24,22,48,32
S|4561|10,0,0,22,48,32;22,0,10,32,48,22
S|4562|0,0,10,32,48,22;10,0,0,22,48,10;10,0,22,22,48,32
S|4563|0,0,10,32,48,22;10,0,0,22,48,10;10,0,22,22,48,32
S|4564|8,0,8,24,48,24;10,0,0,22,48,8;10,0,24,22,48,32;24,0,10,32,48,22
S|4565|0,0,10,32,48,22;8,0,8,24,48,10;8,0,22,24,48,24;10,0,0,22,48,8;10,0,24,22,48,32
S|4566|0,0,10,32,48,22;8,0,8,24,48,10;8,0,22,24,48,24;10,0,0,22,48,8;10,0,24,22,48,32
S|4567|10,0,0,22,48,32;22,0,10,32,48,22
S|4568|0,0,10,32,48,22;10,0,0,22,48,10;10,0,22,22,48,32
S|4569|0,0,10,32,48,22;10,0,0,22,48,10;10,0,22,22,48,32
S|4570|8,0,8,24,48,24;10,0,0,22,48,8;24,0,10,32,48,22
S|4571|0,0,10,32,48,22;8,0,8,24,48,10;8,0,22,24,48,24;10,0,0,22,48,8
S|4572|0,0,10,32,48,22;8,0,8,24,48,10;8,0,22,24,48,24;10,0,0,22,48,8
S|4573|10,0,0,22,48,22;22,0,10,32,48,22
S|4574|0,0,10,32,48,22;10,0,0,22,48,10
S|4575|0,0,10,32,48,22;10,0,0,22,48,10
S|4576|8,0,8,24,48,24;10,0,0,22,48,8;10,0,24,22,48,32;24,0,10,32,48,22
S|4577|0,0,10,32,48,22;8,0,8,24,48,10;8,0,22,24,48,24;10,0,0,22,48,8;10,0,24,22,48,32
S|4578|0,0,10,32,48,22;8,0,8,24,48,10;8,0,22,24,48,24;10,0,0,22,48,8;10,0,24,22,48,32
S|4579|10,0,0,22,48,32;22,0,10,32,48,22
S|4580|0,0,10,32,48,22;10,0,0,22,48,10;10,0,22,22,48,32
S|4581|0,0,10,32,48,22;10,0,0,22,48,10;10,0,22,22,48,32
S|4582|8,0,8,24,48,24;10,0,0,22,48,8;10,0,24,22,48,32;24,0,10,32,48,22
S|4583|0,0,10,32,48,22;8,0,8,24,48,10;8,0,22,24,48,24;10,0,0,22,48,8;10,0,24,22,48,32
S|4584|0,0,10,32,48,22;8,0,8,24,48,10;8,0,22,24,48,24;10,0,0,22,48,8;10,0,24,22,48,32
S|4585|10,0,0,22,48,32;22,0,10,32,48,22
S|4586|0,0,10,32,48,22;10,0,0,22,48,10;10,0,22,22,48,32
S|4587|0,0,10,32,48,22;10,0,0,22,48,10;10,0,22,22,48,32
S|4588|8,0,8,24,48,24;24,0,10,32,48,22
S|4589|0,0,10,32,48,22;8,0,8,24,48,10;8,0,22,24,48,24
S|4590|0,0,10,32,48,22;8,0,8,24,48,10;8,0,22,24,48,24
S|4591|10,0,10,32,48,22
S|4592|0,0,10,32,48,22
S|4593|0,0,10,32,48,22
S|4594|8,0,8,24,48,24;10,0,24,22,48,32;24,0,10,32,48,22
S|4595|0,0,10,32,48,22;8,0,8,24,48,10;8,0,22,24,48,24;10,0,24,22,48,32
S|4596|0,0,10,32,48,22;8,0,8,24,48,10;8,0,22,24,48,24;10,0,24,22,48,32
S|4597|10,0,10,22,48,32;22,0,10,32,48,22
S|4598|0,0,10,32,48,22;10,0,22,22,48,32
S|4599|0,0,10,32,48,22;10,0,22,22,48,32
S|4600|8,0,8,24,48,24;10,0,24,22,48,32;24,0,10,32,48,22
S|4601|0,0,10,32,48,22;8,0,8,24,48,10;8,0,22,24,48,24;10,0,24,22,48,32
S|4602|0,0,10,32,48,22;8,0,8,24,48,10;8,0,22,24,48,24;10,0,24,22,48,32
S|4603|10,0,10,22,48,32;22,0,10,32,48,22
S|4604|0,0,10,32,48,22;10,0,22,22,48,32
S|4605|0,0,10,32,48,22;10,0,22,22,48,32
S|4606|8,0,8,24,48,24;10,0,0,22,48,8;24,0,10,32,48,22
S|4607|0,0,10,32,48,22;8,0,8,24,48,10;8,0,22,24,48,24;10,0,0,22,48,8
S|4608|0,0,10,32,48,22;8,0,8,24,48,10;8,0,22,24,48,24;10,0,0,22,48,8
S|4609|10,0,0,22,48,22;22,0,10,32,48,22
S|4610|0,0,10,32,48,22;10,0,0,22,48,10
S|4611|0,0,10,32,48,22;10,0,0,22,48,10
S|4612|8,0,8,24,48,24;10,0,0,22,48,8;10,0,24,22,48,32;24,0,10,32,48,22
S|4613|0,0,10,32,48,22;8,0,8,24,48,10;8,0,22,24,48,24;10,0,0,22,48,8;10,0,24,22,48,32
S|4614|0,0,10,32,48,22;8,0,8,24,48,10;8,0,22,24,48,24;10,0,0,22,48,8;10,0,24,22,48,32
S|4615|10,0,0,22,48,32;22,0,10,32,48,22
S|4616|0,0,10,32,48,22;10,0,0,22,48,10;10,0,22,22,48,32
S|4617|0,0,10,32,48,22;10,0,0,22,48,10;10,0,22,22,48,32
S|4618|8,0,8,24,48,24;10,0,0,22,48,8;10,0,24,22,48,32;24,0,10,32,48,22
S|4619|0,0,10,32,48,22;8,0,8,24,48,10;8,0,22,24,48,24;10,0,0,22,48,8;10,0,24,22,48,32
S|4620|0,0,10,32,48,22;8,0,8,24,48,10;8,0,22,24,48,24;10,0,0,22,48,8;10,0,24,22,48,32
S|4621|10,0,0,22,48,32;22,0,10,32,48,22
S|4622|0,0,10,32,48,22;10,0,0,22,48,10;10,0,22,22,48,32
S|4623|0,0,10,32,48,22;10,0,0,22,48,10;10,0,22,22,48,32
S|4624|8,0,8,24,48,24;10,0,0,22,48,8;24,0,10,32,48,22
S|4625|0,0,10,32,48,22;8,0,8,24,48,10;8,0,22,24,48,24;10,0,0,22,48,8
S|4626|0,0,10,32,48,22;8,0,8,24,48,10;8,0,22,24,48,24;10,0,0,22,48,8
S|4627|10,0,0,22,48,22;22,0,10,32,48,22
S|4628|0,0,10,32,48,22;10,0,0,22,48,10
S|4629|0,0,10,32,48,22;10,0,0,22,48,10
S|4630|8,0,8,24,48,24;10,0,0,22,48,8;10,0,24,22,48,32;24,0,10,32,48,22
S|4631|0,0,10,32,48,22;8,0,8,24,48,10;8,0,22,24,48,24;10,0,0,22,48,8;10,0,24,22,48,32
S|4632|0,0,10,32,48,22;8,0,8,24,48,10;8,0,22,24,48,24;10,0,0,22,48,8;10,0,24,22,48,32
S|4633|10,0,0,22,48,32;22,0,10,32,48,22
S|4634|0,0,10,32,48,22;10,0,0,22,48,10;10,0,22,22,48,32
S|4635|0,0,10,32,48,22;10,0,0,22,48,10;10,0,22,22,48,32
S|4636|8,0,8,24,48,24;10,0,0,22,48,8;10,0,24,22,48,32;24,0,10,32,48,22
S|4637|0,0,10,32,48,22;8,0,8,24,48,10;8,0,22,24,48,24;10,0,0,22,48,8;10,0,24,22,48,32
S|4638|0,0,10,32,48,22;8,0,8,24,48,10;8,0,22,24,48,24;10,0,0,22,48,8;10,0,24,22,48,32
S|4639|10,0,0,22,48,32;22,0,10,32,48,22
S|4640|0,0,10,32,48,22;10,0,0,22,48,10;10,0,22,22,48,32
S|4641|0,0,10,32,48,22;10,0,0,22,48,10;10,0,22,22,48,32
S|4642|8,0,8,24,48,24
S|4643|0,0,10,24,48,22;8,0,8,24,48,10;8,0,22,24,48,24
S|4644|0,0,10,24,48,22;8,0,8,24,48,10;8,0,22,24,48,24
S|4645|0,0,10,22,48,22
S|4646|0,0,10,22,48,22
S|4647|8,0,8,24,48,24;10,0,24,22,48,32
S|4648|0,0,10,24,48,22;8,0,8,24,48,10;8,0,22,24,48,24;10,0,24,22,48,32
S|4649|0,0,10,24,48,22;8,0,8,24,48,10;8,0,22,24,48,24;10,0,24,22,48,32
S|4650|10,0,10,22,48,32
S|4651|0,0,10,22,48,22;10,0,22,22,48,32
S|4652|0,0,10,22,48,22;10,0,22,22,48,32
S|4653|8,0,8,24,48,24;10,0,24,22,48,32
S|4654|0,0,10,24,48,22;8,0,8,24,48,10;8,0,22,24,48,24;10,0,24,22,48,32
S|4655|0,0,10,24,48,22;8,0,8,24,48,10;8,0,22,24,48,24;10,0,24,22,48,32
S|4656|10,0,10,22,48,32
S|4657|0,0,10,22,48,22;10,0,22,22,48,32
S|4658|0,0,10,22,48,22;10,0,22,22,48,32
S|4659|8,0,8,24,48,24;10,0,0,22,48,8
S|4660|0,0,10,24,48,22;8,0,8,24,48,10;8,0,22,24,48,24;10,0,0,22,48,8
S|4661|0,0,10,24,48,22;8,0,8,24,48,10;8,0,22,24,48,24;10,0,0,22,48,8
S|4662|10,0,0,22,48,22
S|4663|0,0,10,22,48,22;10,0,0,22,48,10
S|4664|0,0,10,22,48,22;10,0,0,22,48,10
S|4665|8,0,8,24,48,24;10,0,0,22,48,8;10,0,24,22,48,32
S|4666|0,0,10,24,48,22;8,0,8,24,48,10;8,0,22,24,48,24;10,0,0,22,48,8;10,0,24,22,48,32
S|4667|0,0,10,24,48,22;8,0,8,24,48,10;8,0,22,24,48,24;10,0,0,22,48,8;10,0,24,22,48,32
S|4668|10,0,0,22,48,32
S|4669|0,0,10,22,48,22;10,0,0,22,48,10;10,0,22,22,48,32
S|4670|0,0,10,22,48,22;10,0,0,22,48,10;10,0,22,22,48,32
S|4671|8,0,8,24,48,24;10,0,0,22,48,8;10,0,24,22,48,32
S|4672|0,0,10,24,48,22;8,0,8,24,48,10;8,0,22,24,48,24;10,0,0,22,48,8;10,0,24,22,48,32
S|4673|0,0,10,24,48,22;8,0,8,24,48,10;8,0,22,24,48,24;10,0,0,22,48,8;10,0,24,22,48,32
S|4674|10,0,0,22,48,32
S|4675|0,0,10,22,48,22;10,0,0,22,48,10;10,0,22,22,48,32
S|4676|0,0,10,22,48,22;10,0,0,22,48,10;10,0,22,22,48,32
S|4677|8,0,8,24,48,24;10,0,0,22,48,8
S|4678|0,0,10,24,48,22;8,0,8,24,48,10;8,0,22,24,48,24;10,0,0,22,48,8
S|4679|0,0,10,24,48,22;8,0,8,24,48,10;8,0,22,24,48,24;10,0,0,22,48,8
S|4680|10,0,0,22,48,22
S|4681|0,0,10,22,48,22;10,0,0,22,48,10
S|4682|0,0,10,22,48,22;10,0,0,22,48,10
S|4683|8,0,8,24,48,24;10,0,0,22,48,8;10,0,24,22,48,32
S|4684|0,0,10,24,48,22;8,0,8,24,48,10;8,0,22,24,48,24;10,0,0,22,48,8;10,0,24,22,48,32
S|4685|0,0,10,24,48,22;8,0,8,24,48,10;8,0,22,24,48,24;10,0,0,22,48,8;10,0,24,22,48,32
S|4686|10,0,0,22,48,32
S|4687|0,0,10,22,48,22;10,0,0,22,48,10;10,0,22,22,48,32
S|4688|0,0,10,22,48,22;10,0,0,22,48,10;10,0,22,22,48,32
S|4689|8,0,8,24,48,24;10,0,0,22,48,8;10,0,24,22,48,32
S|4690|0,0,10,24,48,22;8,0,8,24,48,10;8,0,22,24,48,24;10,0,0,22,48,8;10,0,24,22,48,32
S|4691|0,0,10,24,48,22;8,0,8,24,48,10;8,0,22,24,48,24;10,0,0,22,48,8;10,0,24,22,48,32
S|4692|10,0,0,22,48,32
S|4693|0,0,10,22,48,22;10,0,0,22,48,10;10,0,22,22,48,32
S|4694|0,0,10,22,48,22;10,0,0,22,48,10;10,0,22,22,48,32
S|4695|8,0,8,24,48,24;24,0,10,32,48,22
S|4696|0,0,10,32,48,22;8,0,8,24,48,10;8,0,22,24,48,24
S|4697|0,0,10,32,48,22;8,0,8,24,48,10;8,0,22,24,48,24
S|4698|10,0,10,32,48,22
S|4699|0,0,10,32,48,22
S|4700|0,0,10,32,48,22
S|4701|8,0,8,24,48,24;10,0,24,22,48,32;24,0,10,32,48,22
S|4702|0,0,10,32,48,22;8,0,8,24,48,10;8,0,22,24,48,24;10,0,24,22,48,32
S|4703|0,0,10,32,48,22;8,0,8,24,48,10;8,0,22,24,48,24;10,0,24,22,48,32
S|4704|10,0,10,22,48,32;22,0,10,32,48,22
S|4705|0,0,10,32,48,22;10,0,22,22,48,32
S|4706|0,0,10,32,48,22;10,0,22,22,48,32
S|4707|8,0,8,24,48,24;10,0,24,22,48,32;24,0,10,32,48,22
S|4708|0,0,10,32,48,22;8,0,8,24,48,10;8,0,22,24,48,24;10,0,24,22,48,32
S|4709|0,0,10,32,48,22;8,0,8,24,48,10;8,0,22,24,48,24;10,0,24,22,48,32
S|4710|10,0,10,22,48,32;22,0,10,32,48,22
S|4711|0,0,10,32,48,22;10,0,22,22,48,32
S|4712|0,0,10,32,48,22;10,0,22,22,48,32
S|4713|8,0,8,24,48,24;10,0,0,22,48,8;24,0,10,32,48,22
S|4714|0,0,10,32,48,22;8,0,8,24,48,10;8,0,22,24,48,24;10,0,0,22,48,8
S|4715|0,0,10,32,48,22;8,0,8,24,48,10;8,0,22,24,48,24;10,0,0,22,48,8
S|4716|10,0,0,22,48,22;22,0,10,32,48,22
S|4717|0,0,10,32,48,22;10,0,0,22,48,10
S|4718|0,0,10,32,48,22;10,0,0,22,48,10
S|4719|8,0,8,24,48,24;10,0,0,22,48,8;10,0,24,22,48,32;24,0,10,32,48,22
S|4720|0,0,10,32,48,22;8,0,8,24,48,10;8,0,22,24,48,24;10,0,0,22,48,8;10,0,24,22,48,32
S|4721|0,0,10,32,48,22;8,0,8,24,48,10;8,0,22,24,48,24;10,0,0,22,48,8;10,0,24,22,48,32
S|4722|10,0,0,22,48,32;22,0,10,32,48,22
S|4723|0,0,10,32,48,22;10,0,0,22,48,10;10,0,22,22,48,32
S|4724|0,0,10,32,48,22;10,0,0,22,48,10;10,0,22,22,48,32
S|4725|8,0,8,24,48,24;10,0,0,22,48,8;10,0,24,22,48,32;24,0,10,32,48,22
S|4726|0,0,10,32,48,22;8,0,8,24,48,10;8,0,22,24,48,24;10,0,0,22,48,8;10,0,24,22,48,32
S|4727|0,0,10,32,48,22;8,0,8,24,48,10;8,0,22,24,48,24;10,0,0,22,48,8;10,0,24,22,48,32
S|4728|10,0,0,22,48,32;22,0,10,32,48,22
S|4729|0,0,10,32,48,22;10,0,0,22,48,10;10,0,22,22,48,32
S|4730|0,0,10,32,48,22;10,0,0,22,48,10;10,0,22,22,48,32
S|4731|8,0,8,24,48,24;10,0,0,22,48,8;24,0,10,32,48,22
S|4732|0,0,10,32,48,22;8,0,8,24,48,10;8,0,22,24,48,24;10,0,0,22,48,8
S|4733|0,0,10,32,48,22;8,0,8,24,48,10;8,0,22,24,48,24;10,0,0,22,48,8
S|4734|10,0,0,22,48,22;22,0,10,32,48,22
S|4735|0,0,10,32,48,22;10,0,0,22,48,10
S|4736|0,0,10,32,48,22;10,0,0,22,48,10
S|4737|8,0,8,24,48,24;10,0,0,22,48,8;10,0,24,22,48,32;24,0,10,32,48,22
S|4738|0,0,10,32,48,22;8,0,8,24,48,10;8,0,22,24,48,24;10,0,0,22,48,8;10,0,24,22,48,32
S|4739|0,0,10,32,48,22;8,0,8,24,48,10;8,0,22,24,48,24;10,0,0,22,48,8;10,0,24,22,48,32
S|4740|10,0,0,22,48,32;22,0,10,32,48,22
S|4741|0,0,10,32,48,22;10,0,0,22,48,10;10,0,22,22,48,32
S|4742|0,0,10,32,48,22;10,0,0,22,48,10;10,0,22,22,48,32
S|4743|8,0,8,24,48,24;10,0,0,22,48,8;10,0,24,22,48,32;24,0,10,32,48,22
S|4744|0,0,10,32,48,22;8,0,8,24,48,10;8,0,22,24,48,24;10,0,0,22,48,8;10,0,24,22,48,32
S|4745|0,0,10,32,48,22;8,0,8,24,48,10;8,0,22,24,48,24;10,0,0,22,48,8;10,0,24,22,48,32
S|4746|10,0,0,22,48,32;22,0,10,32,48,22
S|4747|0,0,10,32,48,22;10,0,0,22,48,10;10,0,22,22,48,32
S|4748|0,0,10,32,48,22;10,0,0,22,48,10;10,0,22,22,48,32
S|4749|8,0,8,24,48,24;24,0,10,32,48,22
S|4750|0,0,10,32,48,22;8,0,8,24,48,10;8,0,22,24,48,24
S|4751|0,0,10,32,48,22;8,0,8,24,48,10;8,0,22,24,48,24
S|4752|10,0,10,32,48,22
S|4753|0,0,10,32,48,22
S|4754|0,0,10,32,48,22
S|4755|8,0,8,24,48,24;10,0,24,22,48,32;24,0,10,32,48,22
S|4756|0,0,10,32,48,22;8,0,8,24,48,10;8,0,22,24,48,24;10,0,24,22,48,32
S|4757|0,0,10,32,48,22;8,0,8,24,48,10;8,0,22,24,48,24;10,0,24,22,48,32
S|4758|10,0,10,22,48,32;22,0,10,32,48,22
S|4759|0,0,10,32,48,22;10,0,22,22,48,32
S|4760|0,0,10,32,48,22;10,0,22,22,48,32
S|4761|8,0,8,24,48,24;10,0,24,22,48,32;24,0,10,32,48,22
S|4762|0,0,10,32,48,22;8,0,8,24,48,10;8,0,22,24,48,24;10,0,24,22,48,32
S|4763|0,0,10,32,48,22;8,0,8,24,48,10;8,0,22,24,48,24;10,0,24,22,48,32
S|4764|10,0,10,22,48,32;22,0,10,32,48,22
S|4765|0,0,10,32,48,22;10,0,22,22,48,32
S|4766|0,0,10,32,48,22;10,0,22,22,48,32
S|4767|8,0,8,24,48,24;10,0,0,22,48,8;24,0,10,32,48,22
S|4768|0,0,10,32,48,22;8,0,8,24,48,10;8,0,22,24,48,24;10,0,0,22,48,8
S|4769|0,0,10,32,48,22;8,0,8,24,48,10;8,0,22,24,48,24;10,0,0,22,48,8
S|4770|10,0,0,22,48,22;22,0,10,32,48,22
S|4771|0,0,10,32,48,22;10,0,0,22,48,10
S|4772|0,0,10,32,48,22;10,0,0,22,48,10
S|4773|8,0,8,24,48,24;10,0,0,22,48,8;10,0,24,22,48,32;24,0,10,32,48,22
S|4774|0,0,10,32,48,22;8,0,8,24,48,10;8,0,22,24,48,24;10,0,0,22,48,8;10,0,24,22,48,32
S|4775|0,0,10,32,48,22;8,0,8,24,48,10;8,0,22,24,48,24;10,0,0,22,48,8;10,0,24,22,48,32
S|4776|10,0,0,22,48,32;22,0,10,32,48,22
S|4777|0,0,10,32,48,22;10,0,0,22,48,10;10,0,22,22,48,32
S|4778|0,0,10,32,48,22;10,0,0,22,48,10;10,0,22,22,48,32
S|4779|8,0,8,24,48,24;10,0,0,22,48,8;10,0,24,22,48,32;24,0,10,32,48,22
S|4780|0,0,10,32,48,22;8,0,8,24,48,10;8,0,22,24,48,24;10,0,0,22,48,8;10,0,24,22,48,32
S|4781|0,0,10,32,48,22;8,0,8,24,48,10;8,0,22,24,48,24;10,0,0,22,48,8;10,0,24,22,48,32
S|4782|10,0,0,22,48,32;22,0,10,32,48,22
S|4783|0,0,10,32,48,22;10,0,0,22,48,10;10,0,22,22,48,32
S|4784|0,0,10,32,48,22;10,0,0,22,48,10;10,0,22,22,48,32
S|4785|8,0,8,24,48,24;10,0,0,22,48,8;24,0,10,32,48,22
S|4786|0,0,10,32,48,22;8,0,8,24,48,10;8,0,22,24,48,24;10,0,0,22,48,8
S|4787|0,0,10,32,48,22;8,0,8,24,48,10;8,0,22,24,48,24;10,0,0,22,48,8
S|4788|10,0,0,22,48,22;22,0,10,32,48,22
S|4789|0,0,10,32,48,22;10,0,0,22,48,10
S|4790|0,0,10,32,48,22;10,0,0,22,48,10
S|4791|8,0,8,24,48,24;10,0,0,22,48,8;10,0,24,22,48,32;24,0,10,32,48,22
S|4792|0,0,10,32,48,22;8,0,8,24,48,10;8,0,22,24,48,24;10,0,0,22,48,8;10,0,24,22,48,32
S|4793|0,0,10,32,48,22;8,0,8,24,48,10;8,0,22,24,48,24;10,0,0,22,48,8;10,0,24,22,48,32
S|4794|10,0,0,22,48,32;22,0,10,32,48,22
S|4795|0,0,10,32,48,22;10,0,0,22,48,10;10,0,22,22,48,32
S|4796|0,0,10,32,48,22;10,0,0,22,48,10;10,0,22,22,48,32
S|4797|8,0,8,24,48,24;10,0,0,22,48,8;10,0,24,22,48,32;24,0,10,32,48,22
S|4798|0,0,10,32,48,22;8,0,8,24,48,10;8,0,22,24,48,24;10,0,0,22,48,8;10,0,24,22,48,32
S|4799|0,0,10,32,48,22;8,0,8,24,48,10;8,0,22,24,48,24;10,0,0,22,48,8;10,0,24,22,48,32
S|4800|10,0,0,22,48,32;22,0,10,32,48,22
S|4801|0,0,10,32,48,22;10,0,0,22,48,10;10,0,22,22,48,32
S|4802|0,0,10,32,48,22;10,0,0,22,48,10;10,0,22,22,48,32
S|4803|8,0,8,24,48,24
S|4804|0,0,10,24,48,22;8,0,8,24,48,10;8,0,22,24,48,24
S|4805|0,0,10,24,48,22;8,0,8,24,48,10;8,0,22,24,48,24
S|4806|0,0,10,22,48,22
S|4807|0,0,10,22,48,22
S|4808|8,0,8,24,48,24;10,0,24,22,48,32
S|4809|0,0,10,24,48,22;8,0,8,24,48,10;8,0,22,24,48,24;10,0,24,22,48,32
S|4810|0,0,10,24,48,22;8,0,8,24,48,10;8,0,22,24,48,24;10,0,24,22,48,32
S|4811|10,0,10,22,48,32
S|4812|0,0,10,22,48,22;10,0,22,22,48,32
S|4813|0,0,10,22,48,22;10,0,22,22,48,32
S|4814|8,0,8,24,48,24;10,0,24,22,48,32
S|4815|0,0,10,24,48,22;8,0,8,24,48,10;8,0,22,24,48,24;10,0,24,22,48,32
S|4816|0,0,10,24,48,22;8,0,8,24,48,10;8,0,22,24,48,24;10,0,24,22,48,32
S|4817|10,0,10,22,48,32
S|4818|0,0,10,22,48,22;10,0,22,22,48,32
S|4819|0,0,10,22,48,22;10,0,22,22,48,32
S|4820|8,0,8,24,48,24;10,0,0,22,48,8
S|4821|0,0,10,24,48,22;8,0,8,24,48,10;8,0,22,24,48,24;10,0,0,22,48,8
S|4822|0,0,10,24,48,22;8,0,8,24,48,10;8,0,22,24,48,24;10,0,0,22,48,8
S|4823|10,0,0,22,48,22
S|4824|0,0,10,22,48,22;10,0,0,22,48,10
S|4825|0,0,10,22,48,22;10,0,0,22,48,10
S|4826|8,0,8,24,48,24;10,0,0,22,48,8;10,0,24,22,48,32
S|4827|0,0,10,24,48,22;8,0,8,24,48,10;8,0,22,24,48,24;10,0,0,22,48,8;10,0,24,22,48,32
S|4828|0,0,10,24,48,22;8,0,8,24,48,10;8,0,22,24,48,24;10,0,0,22,48,8;10,0,24,22,48,32
S|4829|10,0,0,22,48,32
S|4830|0,0,10,22,48,22;10,0,0,22,48,10;10,0,22,22,48,32
S|4831|0,0,10,22,48,22;10,0,0,22,48,10;10,0,22,22,48,32
S|4832|8,0,8,24,48,24;10,0,0,22,48,8;10,0,24,22,48,32
S|4833|0,0,10,24,48,22;8,0,8,24,48,10;8,0,22,24,48,24;10,0,0,22,48,8;10,0,24,22,48,32
S|4834|0,0,10,24,48,22;8,0,8,24,48,10;8,0,22,24,48,24;10,0,0,22,48,8;10,0,24,22,48,32
S|4835|10,0,0,22,48,32
S|4836|0,0,10,22,48,22;10,0,0,22,48,10;10,0,22,22,48,32
S|4837|0,0,10,22,48,22;10,0,0,22,48,10;10,0,22,22,48,32
S|4838|8,0,8,24,48,24;10,0,0,22,48,8
S|4839|0,0,10,24,48,22;8,0,8,24,48,10;8,0,22,24,48,24;10,0,0,22,48,8
S|4840|0,0,10,24,48,22;8,0,8,24,48,10;8,0,22,24,48,24;10,0,0,22,48,8
S|4841|10,0,0,22,48,22
S|4842|0,0,10,22,48,22;10,0,0,22,48,10
S|4843|0,0,10,22,48,22;10,0,0,22,48,10
S|4844|8,0,8,24,48,24;10,0,0,22,48,8;10,0,24,22,48,32
S|4845|0,0,10,24,48,22;8,0,8,24,48,10;8,0,22,24,48,24;10,0,0,22,48,8;10,0,24,22,48,32
S|4846|0,0,10,24,48,22;8,0,8,24,48,10;8,0,22,24,48,24;10,0,0,22,48,8;10,0,24,22,48,32
S|4847|10,0,0,22,48,32
S|4848|0,0,10,22,48,22;10,0,0,22,48,10;10,0,22,22,48,32
S|4849|0,0,10,22,48,22;10,0,0,22,48,10;10,0,22,22,48,32
S|4850|8,0,8,24,48,24;10,0,0,22,48,8;10,0,24,22,48,32
S|4851|0,0,10,24,48,22;8,0,8,24,48,10;8,0,22,24,48,24;10,0,0,22,48,8;10,0,24,22,48,32
S|4852|0,0,10,24,48,22;8,0,8,24,48,10;8,0,22,24,48,24;10,0,0,22,48,8;10,0,24,22,48,32
S|4853|10,0,0,22,48,32
S|4854|0,0,10,22,48,22;10,0,0,22,48,10;10,0,22,22,48,32
S|4855|0,0,10,22,48,22;10,0,0,22,48,10;10,0,22,22,48,32
S|4856|8,0,8,24,48,24;24,0,10,32,48,22
S|4857|0,0,10,32,48,22;8,0,8,24,48,10;8,0,22,24,48,24
S|4858|0,0,10,32,48,22;8,0,8,24,48,10;8,0,22,24,48,24
S|4859|10,0,10,32,48,22
S|4860|0,0,10,32,48,22
S|4861|0,0,10,32,48,22
S|4862|8,0,8,24,48,24;10,0,24,22,48,32;24,0,10,32,48,22
S|4863|0,0,10,32,48,22;8,0,8,24,48,10;8,0,22,24,48,24;10,0,24,22,48,32
S|4864|0,0,10,32,48,22;8,0,8,24,48,10;8,0,22,24,48,24;10,0,24,22,48,32
S|4865|10,0,10,22,48,32;22,0,10,32,48,22
S|4866|0,0,10,32,48,22;10,0,22,22,48,32
S|4867|0,0,10,32,48,22;10,0,22,22,48,32
S|4868|8,0,8,24,48,24;10,0,24,22,48,32;24,0,10,32,48,22
S|4869|0,0,10,32,48,22;8,0,8,24,48,10;8,0,22,24,48,24;10,0,24,22,48,32
S|4870|0,0,10,32,48,22;8,0,8,24,48,10;8,0,22,24,48,24;10,0,24,22,48,32
S|4871|10,0,10,22,48,32;22,0,10,32,48,22
S|4872|0,0,10,32,48,22;10,0,22,22,48,32
S|4873|0,0,10,32,48,22;10,0,22,22,48,32
S|4874|8,0,8,24,48,24;10,0,0,22,48,8;24,0,10,32,48,22
S|4875|0,0,10,32,48,22;8,0,8,24,48,10;8,0,22,24,48,24;10,0,0,22,48,8
S|4876|0,0,10,32,48,22;8,0,8,24,48,10;8,0,22,24,48,24;10,0,0,22,48,8
S|4877|10,0,0,22,48,22;22,0,10,32,48,22
S|4878|0,0,10,32,48,22;10,0,0,22,48,10
S|4879|0,0,10,32,48,22;10,0,0,22,48,10
S|4880|8,0,8,24,48,24;10,0,0,22,48,8;10,0,24,22,48,32;24,0,10,32,48,22
S|4881|0,0,10,32,48,22;8,0,8,24,48,10;8,0,22,24,48,24;10,0,0,22,48,8;10,0,24,22,48,32
S|4882|0,0,10,32,48,22;8,0,8,24,48,10;8,0,22,24,48,24;10,0,0,22,48,8;10,0,24,22,48,32
S|4883|10,0,0,22,48,32;22,0,10,32,48,22
S|4884|0,0,10,32,48,22;10,0,0,22,48,10;10,0,22,22,48,32
S|4885|0,0,10,32,48,22;10,0,0,22,48,10;10,0,22,22,48,32
S|4886|8,0,8,24,48,24;10,0,0,22,48,8;10,0,24,22,48,32;24,0,10,32,48,22
S|4887|0,0,10,32,48,22;8,0,8,24,48,10;8,0,22,24,48,24;10,0,0,22,48,8;10,0,24,22,48,32
S|4888|0,0,10,32,48,22;8,0,8,24,48,10;8,0,22,24,48,24;10,0,0,22,48,8;10,0,24,22,48,32
S|4889|10,0,0,22,48,32;22,0,10,32,48,22
S|4890|0,0,10,32,48,22;10,0,0,22,48,10;10,0,22,22,48,32
S|4891|0,0,10,32,48,22;10,0,0,22,48,10;10,0,22,22,48,32
S|4892|8,0,8,24,48,24;10,0,0,22,48,8;24,0,10,32,48,22
S|4893|0,0,10,32,48,22;8,0,8,24,48,10;8,0,22,24,48,24;10,0,0,22,48,8
S|4894|0,0,10,32,48,22;8,0,8,24,48,10;8,0,22,24,48,24;10,0,0,22,48,8
S|4895|10,0,0,22,48,22;22,0,10,32,48,22
S|4896|0,0,10,32,48,22;10,0,0,22,48,10
S|4897|0,0,10,32,48,22;10,0,0,22,48,10
S|4898|8,0,8,24,48,24;10,0,0,22,48,8;10,0,24,22,48,32;24,0,10,32,48,22
S|4899|0,0,10,32,48,22;8,0,8,24,48,10;8,0,22,24,48,24;10,0,0,22,48,8;10,0,24,22,48,32
S|4900|0,0,10,32,48,22;8,0,8,24,48,10;8,0,22,24,48,24;10,0,0,22,48,8;10,0,24,22,48,32
S|4901|10,0,0,22,48,32;22,0,10,32,48,22
S|4902|0,0,10,32,48,22;10,0,0,22,48,10;10,0,22,22,48,32
S|4903|0,0,10,32,48,22;10,0,0,22,48,10;10,0,22,22,48,32
S|4904|8,0,8,24,48,24;10,0,0,22,48,8;10,0,24,22,48,32;24,0,10,32,48,22
S|4905|0,0,10,32,48,22;8,0,8,24,48,10;8,0,22,24,48,24;10,0,0,22,48,8;10,0,24,22,48,32
S|4906|0,0,10,32,48,22;8,0,8,24,48,10;8,0,22,24,48,24;10,0,0,22,48,8;10,0,24,22,48,32
S|4907|10,0,0,22,48,32;22,0,10,32,48,22
S|4908|0,0,10,32,48,22;10,0,0,22,48,10;10,0,22,22,48,32
S|4909|0,0,10,32,48,22;10,0,0,22,48,10;10,0,22,22,48,32
S|4910|8,0,8,24,48,24;24,0,10,32,48,22
S|4911|0,0,10,32,48,22;8,0,8,24,48,10;8,0,22,24,48,24
S|4912|0,0,10,32,48,22;8,0,8,24,48,10;8,0,22,24,48,24
S|4913|10,0,10,32,48,22
S|4914|0,0,10,32,48,22
S|4915|0,0,10,32,48,22
S|4916|8,0,8,24,48,24;10,0,24,22,48,32;24,0,10,32,48,22
S|4917|0,0,10,32,48,22;8,0,8,24,48,10;8,0,22,24,48,24;10,0,24,22,48,32
S|4918|0,0,10,32,48,22;8,0,8,24,48,10;8,0,22,24,48,24;10,0,24,22,48,32
S|4919|10,0,10,22,48,32;22,0,10,32,48,22
S|4920|0,0,10,32,48,22;10,0,22,22,48,32
S|4921|0,0,10,32,48,22;10,0,22,22,48,32
S|4922|8,0,8,24,48,24;10,0,24,22,48,32;24,0,10,32,48,22
S|4923|0,0,10,32,48,22;8,0,8,24,48,10;8,0,22,24,48,24;10,0,24,22,48,32
S|4924|0,0,10,32,48,22;8,0,8,24,48,10;8,0,22,24,48,24;10,0,24,22,48,32
S|4925|10,0,10,22,48,32;22,0,10,32,48,22
S|4926|0,0,10,32,48,22;10,0,22,22,48,32
S|4927|0,0,10,32,48,22;10,0,22,22,48,32
S|4928|8,0,8,24,48,24;10,0,0,22,48,8;24,0,10,32,48,22
S|4929|0,0,10,32,48,22;8,0,8,24,48,10;8,0,22,24,48,24;10,0,0,22,48,8
S|4930|0,0,10,32,48,22;8,0,8,24,48,10;8,0,22,24,48,24;10,0,0,22,48,8
S|4931|10,0,0,22,48,22;22,0,10,32,48,22
S|4932|0,0,10,32,48,22;10,0,0,22,48,10
S|4933|0,0,10,32,48,22;10,0,0,22,48,10
S|4934|8,0,8,24,48,24;10,0,0,22,48,8;10,0,24,22,48,32;24,0,10,32,48,22
S|4935|0,0,10,32,48,22;8,0,8,24,48,10;8,0,22,24,48,24;10,0,0,22,48,8;10,0,24,22,48,32
S|4936|0,0,10,32,48,22;8,0,8,24,48,10;8,0,22,24,48,24;10,0,0,22,48,8;10,0,24,22,48,32
S|4937|10,0,0,22,48,32;22,0,10,32,48,22
S|4938|0,0,10,32,48,22;10,0,0,22,48,10;10,0,22,22,48,32
S|4939|0,0,10,32,48,22;10,0,0,22,48,10;10,0,22,22,48,32
S|4940|8,0,8,24,48,24;10,0,0,22,48,8;10,0,24,22,48,32;24,0,10,32,48,22
S|4941|0,0,10,32,48,22;8,0,8,24,48,10;8,0,22,24,48,24;10,0,0,22,48,8;10,0,24,22,48,32
S|4942|0,0,10,32,48,22;8,0,8,24,48,10;8,0,22,24,48,24;10,0,0,22,48,8;10,0,24,22,48,32
S|4943|10,0,0,22,48,32;22,0,10,32,48,22
S|4944|0,0,10,32,48,22;10,0,0,22,48,10;10,0,22,22,48,32
S|4945|0,0,10,32,48,22;10,0,0,22,48,10;10,0,22,22,48,32
S|4946|8,0,8,24,48,24;10,0,0,22,48,8;24,0,10,32,48,22
S|4947|0,0,10,32,48,22;8,0,8,24,48,10;8,0,22,24,48,24;10,0,0,22,48,8
S|4948|0,0,10,32,48,22;8,0,8,24,48,10;8,0,22,24,48,24;10,0,0,22,48,8
S|4949|10,0,0,22,48,22;22,0,10,32,48,22
S|4950|0,0,10,32,48,22;10,0,0,22,48,10
S|4951|0,0,10,32,48,22;10,0,0,22,48,10
S|4952|8,0,8,24,48,24;10,0,0,22,48,8;10,0,24,22,48,32;24,0,10,32,48,22
S|4953|0,0,10,32,48,22;8,0,8,24,48,10;8,0,22,24,48,24;10,0,0,22,48,8;10,0,24,22,48,32
S|4954|0,0,10,32,48,22;8,0,8,24,48,10;8,0,22,24,48,24;10,0,0,22,48,8;10,0,24,22,48,32
S|4955|10,0,0,22,48,32;22,0,10,32,48,22
S|4956|0,0,10,32,48,22;10,0,0,22,48,10;10,0,22,22,48,32
S|4957|0,0,10,32,48,22;10,0,0,22,48,10;10,0,22,22,48,32
S|4958|8,0,8,24,48,24;10,0,0,22,48,8;10,0,24,22,48,32;24,0,10,32,48,22
S|4959|0,0,10,32,48,22;8,0,8,24,48,10;8,0,22,24,48,24;10,0,0,22,48,8;10,0,24,22,48,32
S|4960|0,0,10,32,48,22;8,0,8,24,48,10;8,0,22,24,48,24;10,0,0,22,48,8;10,0,24,22,48,32
S|4961|10,0,0,22,48,32;22,0,10,32,48,22
S|4962|0,0,10,32,48,22;10,0,0,22,48,10;10,0,22,22,48,32
S|4963|0,0,10,32,48,22;10,0,0,22,48,10;10,0,22,22,48,32
S|4964|8,0,8,24,48,24
S|4965|0,0,10,24,48,22;8,0,8,24,48,10;8,0,22,24,48,24
S|4966|0,0,10,24,48,22;8,0,8,24,48,10;8,0,22,24,48,24
S|4967|0,0,10,22,48,22
S|4968|0,0,10,22,48,22
S|4969|8,0,8,24,48,24;10,0,24,22,48,32
S|4970|0,0,10,24,48,22;8,0,8,24,48,10;8,0,22,24,48,24;10,0,24,22,48,32
S|4971|0,0,10,24,48,22;8,0,8,24,48,10;8,0,22,24,48,24;10,0,24,22,48,32
S|4972|10,0,10,22,48,32
S|4973|0,0,10,22,48,22;10,0,22,22,48,32
S|4974|0,0,10,22,48,22;10,0,22,22,48,32
S|4975|8,0,8,24,48,24;10,0,24,22,48,32
S|4976|0,0,10,24,48,22;8,0,8,24,48,10;8,0,22,24,48,24;10,0,24,22,48,32
S|4977|0,0,10,24,48,22;8,0,8,24,48,10;8,0,22,24,48,24;10,0,24,22,48,32
S|4978|10,0,10,22,48,32
S|4979|0,0,10,22,48,22;10,0,22,22,48,32
S|4980|0,0,10,22,48,22;10,0,22,22,48,32
S|4981|8,0,8,24,48,24;10,0,0,22,48,8
S|4982|0,0,10,24,48,22;8,0,8,24,48,10;8,0,22,24,48,24;10,0,0,22,48,8
S|4983|0,0,10,24,48,22;8,0,8,24,48,10;8,0,22,24,48,24;10,0,0,22,48,8
S|4984|10,0,0,22,48,22
S|4985|0,0,10,22,48,22;10,0,0,22,48,10
S|4986|0,0,10,22,48,22;10,0,0,22,48,10
S|4987|8,0,8,24,48,24;10,0,0,22,48,8;10,0,24,22,48,32
S|4988|0,0,10,24,48,22;8,0,8,24,48,10;8,0,22,24,48,24;10,0,0,22,48,8;10,0,24,22,48,32
S|4989|0,0,10,24,48,22;8,0,8,24,48,10;8,0,22,24,48,24;10,0,0,22,48,8;10,0,24,22,48,32
S|4990|10,0,0,22,48,32
S|4991|0,0,10,22,48,22;10,0,0,22,48,10;10,0,22,22,48,32
S|4992|0,0,10,22,48,22;10,0,0,22,48,10;10,0,22,22,48,32
S|4993|8,0,8,24,48,24;10,0,0,22,48,8;10,0,24,22,48,32
S|4994|0,0,10,24,48,22;8,0,8,24,48,10;8,0,22,24,48,24;10,0,0,22,48,8;10,0,24,22,48,32
S|4995|0,0,10,24,48,22;8,0,8,24,48,10;8,0,22,24,48,24;10,0,0,22,48,8;10,0,24,22,48,32
S|4996|10,0,0,22,48,32
S|4997|0,0,10,22,48,22;10,0,0,22,48,10;10,0,22,22,48,32
S|4998|0,0,10,22,48,22;10,0,0,22,48,10;10,0,22,22,48,32
S|4999|8,0,8,24,48,24;10,0,0,22,48,8
S|5000|0,0,10,24,48,22;8,0,8,24,48,10;8,0,22,24,48,24;10,0,0,22,48,8
S|5001|0,0,10,24,48,22;8,0,8,24,48,10;8,0,22,24,48,24;10,0,0,22,48,8
S|5002|10,0,0,22,48,22
S|5003|0,0,10,22,48,22;10,0,0,22,48,10
S|5004|0,0,10,22,48,22;10,0,0,22,48,10
S|5005|8,0,8,24,48,24;10,0,0,22,48,8;10,0,24,22,48,32
S|5006|0,0,10,24,48,22;8,0,8,24,48,10;8,0,22,24,48,24;10,0,0,22,48,8;10,0,24,22,48,32
S|5007|0,0,10,24,48,22;8,0,8,24,48,10;8,0,22,24,48,24;10,0,0,22,48,8;10,0,24,22,48,32
S|5008|10,0,0,22,48,32
S|5009|0,0,10,22,48,22;10,0,0,22,48,10;10,0,22,22,48,32
S|5010|0,0,10,22,48,22;10,0,0,22,48,10;10,0,22,22,48,32
S|5011|8,0,8,24,48,24;10,0,0,22,48,8;10,0,24,22,48,32
S|5012|0,0,10,24,48,22;8,0,8,24,48,10;8,0,22,24,48,24;10,0,0,22,48,8;10,0,24,22,48,32
S|5013|0,0,10,24,48,22;8,0,8,24,48,10;8,0,22,24,48,24;10,0,0,22,48,8;10,0,24,22,48,32
S|5014|10,0,0,22,48,32
S|5015|0,0,10,22,48,22;10,0,0,22,48,10;10,0,22,22,48,32
S|5016|0,0,10,22,48,22;10,0,0,22,48,10;10,0,22,22,48,32
S|5017|8,0,8,24,48,24;24,0,10,32,48,22
S|5018|0,0,10,32,48,22;8,0,8,24,48,10;8,0,22,24,48,24
S|5019|0,0,10,32,48,22;8,0,8,24,48,10;8,0,22,24,48,24
S|5020|10,0,10,32,48,22
S|5021|0,0,10,32,48,22
S|5022|0,0,10,32,48,22
S|5023|8,0,8,24,48,24;10,0,24,22,48,32;24,0,10,32,48,22
S|5024|0,0,10,32,48,22;8,0,8,24,48,10;8,0,22,24,48,24;10,0,24,22,48,32
S|5025|0,0,10,32,48,22;8,0,8,24,48,10;8,0,22,24,48,24;10,0,24,22,48,32
S|5026|10,0,10,22,48,32;22,0,10,32,48,22
S|5027|0,0,10,32,48,22;10,0,22,22,48,32
S|5028|0,0,10,32,48,22;10,0,22,22,48,32
S|5029|8,0,8,24,48,24;10,0,24,22,48,32;24,0,10,32,48,22
S|5030|0,0,10,32,48,22;8,0,8,24,48,10;8,0,22,24,48,24;10,0,24,22,48,32
S|5031|0,0,10,32,48,22;8,0,8,24,48,10;8,0,22,24,48,24;10,0,24,22,48,32
S|5032|10,0,10,22,48,32;22,0,10,32,48,22
S|5033|0,0,10,32,48,22;10,0,22,22,48,32
S|5034|0,0,10,32,48,22;10,0,22,22,48,32
S|5035|8,0,8,24,48,24;10,0,0,22,48,8;24,0,10,32,48,22
S|5036|0,0,10,32,48,22;8,0,8,24,48,10;8,0,22,24,48,24;10,0,0,22,48,8
S|5037|0,0,10,32,48,22;8,0,8,24,48,10;8,0,22,24,48,24;10,0,0,22,48,8
S|5038|10,0,0,22,48,22;22,0,10,32,48,22
S|5039|0,0,10,32,48,22;10,0,0,22,48,10
S|5040|0,0,10,32,48,22;10,0,0,22,48,10
S|5041|8,0,8,24,48,24;10,0,0,22,48,8;10,0,24,22,48,32;24,0,10,32,48,22
S|5042|0,0,10,32,48,22;8,0,8,24,48,10;8,0,22,24,48,24;10,0,0,22,48,8;10,0,24,22,48,32
S|5043|0,0,10,32,48,22;8,0,8,24,48,10;8,0,22,24,48,24;10,0,0,22,48,8;10,0,24,22,48,32
S|5044|10,0,0,22,48,32;22,0,10,32,48,22
S|5045|0,0,10,32,48,22;10,0,0,22,48,10;10,0,22,22,48,32
S|5046|0,0,10,32,48,22;10,0,0,22,48,10;10,0,22,22,48,32
S|5047|8,0,8,24,48,24;10,0,0,22,48,8;10,0,24,22,48,32;24,0,10,32,48,22
S|5048|0,0,10,32,48,22;8,0,8,24,48,10;8,0,22,24,48,24;10,0,0,22,48,8;10,0,24,22,48,32
S|5049|0,0,10,32,48,22;8,0,8,24,48,10;8,0,22,24,48,24;10,0,0,22,48,8;10,0,24,22,48,32
S|5050|10,0,0,22,48,32;22,0,10,32,48,22
S|5051|0,0,10,32,48,22;10,0,0,22,48,10;10,0,22,22,48,32
S|5052|0,0,10,32,48,22;10,0,0,22,48,10;10,0,22,22,48,32
S|5053|8,0,8,24,48,24;10,0,0,22,48,8;24,0,10,32,48,22
S|5054|0,0,10,32,48,22;8,0,8,24,48,10;8,0,22,24,48,24;10,0,0,22,48,8
S|5055|0,0,10,32,48,22;8,0,8,24,48,10;8,0,22,24,48,24;10,0,0,22,48,8
S|5056|10,0,0,22,48,22;22,0,10,32,48,22
S|5057|0,0,10,32,48,22;10,0,0,22,48,10
S|5058|0,0,10,32,48,22;10,0,0,22,48,10
S|5059|8,0,8,24,48,24;10,0,0,22,48,8;10,0,24,22,48,32;24,0,10,32,48,22
S|5060|0,0,10,32,48,22;8,0,8,24,48,10;8,0,22,24,48,24;10,0,0,22,48,8;10,0,24,22,48,32
S|5061|0,0,10,32,48,22;8,0,8,24,48,10;8,0,22,24,48,24;10,0,0,22,48,8;10,0,24,22,48,32
S|5062|10,0,0,22,48,32;22,0,10,32,48,22
S|5063|0,0,10,32,48,22;10,0,0,22,48,10;10,0,22,22,48,32
S|5064|0,0,10,32,48,22;10,0,0,22,48,10;10,0,22,22,48,32
S|5065|8,0,8,24,48,24;10,0,0,22,48,8;10,0,24,22,48,32;24,0,10,32,48,22
S|5066|0,0,10,32,48,22;8,0,8,24,48,10;8,0,22,24,48,24;10,0,0,22,48,8;10,0,24,22,48,32
S|5067|0,0,10,32,48,22;8,0,8,24,48,10;8,0,22,24,48,24;10,0,0,22,48,8;10,0,24,22,48,32
S|5068|10,0,0,22,48,32;22,0,10,32,48,22
S|5069|0,0,10,32,48,22;10,0,0,22,48,10;10,0,22,22,48,32
S|5070|0,0,10,32,48,22;10,0,0,22,48,10;10,0,22,22,48,32
S|5071|8,0,8,24,48,24;24,0,10,32,48,22
S|5072|0,0,10,32,48,22;8,0,8,24,48,10;8,0,22,24,48,24
S|5073|0,0,10,32,48,22;8,0,8,24,48,10;8,0,22,24,48,24
S|5074|10,0,10,32,48,22
S|5075|0,0,10,32,48,22
S|5076|0,0,10,32,48,22
S|5077|8,0,8,24,48,24;10,0,24,22,48,32;24,0,10,32,48,22
S|5078|0,0,10,32,48,22;8,0,8,24,48,10;8,0,22,24,48,24;10,0,24,22,48,32
S|5079|0,0,10,32,48,22;8,0,8,24,48,10;8,0,22,24,48,24;10,0,24,22,48,32
S|5080|10,0,10,22,48,32;22,0,10,32,48,22
S|5081|0,0,10,32,48,22;10,0,22,22,48,32
S|5082|0,0,10,32,48,22;10,0,22,22,48,32
S|5083|8,0,8,24,48,24;10,0,24,22,48,32;24,0,10,32,48,22
S|5084|0,0,10,32,48,22;8,0,8,24,48,10;8,0,22,24,48,24;10,0,24,22,48,32
S|5085|0,0,10,32,48,22;8,0,8,24,48,10;8,0,22,24,48,24;10,0,24,22,48,32
S|5086|10,0,10,22,48,32;22,0,10,32,48,22
S|5087|0,0,10,32,48,22;10,0,22,22,48,32
S|5088|0,0,10,32,48,22;10,0,22,22,48,32
S|5089|8,0,8,24,48,24;10,0,0,22,48,8;24,0,10,32,48,22
S|5090|0,0,10,32,48,22;8,0,8,24,48,10;8,0,22,24,48,24;10,0,0,22,48,8
S|5091|0,0,10,32,48,22;8,0,8,24,48,10;8,0,22,24,48,24;10,0,0,22,48,8
S|5092|10,0,0,22,48,22;22,0,10,32,48,22
S|5093|0,0,10,32,48,22;10,0,0,22,48,10
S|5094|0,0,10,32,48,22;10,0,0,22,48,10
S|5095|8,0,8,24,48,24;10,0,0,22,48,8;10,0,24,22,48,32;24,0,10,32,48,22
S|5096|0,0,10,32,48,22;8,0,8,24,48,10;8,0,22,24,48,24;10,0,0,22,48,8;10,0,24,22,48,32
S|5097|0,0,10,32,48,22;8,0,8,24,48,10;8,0,22,24,48,24;10,0,0,22,48,8;10,0,24,22,48,32
S|5098|10,0,0,22,48,32;22,0,10,32,48,22
S|5099|0,0,10,32,48,22;10,0,0,22,48,10;10,0,22,22,48,32
S|5100|0,0,10,32,48,22;10,0,0,22,48,10;10,0,22,22,48,32
S|5101|8,0,8,24,48,24;10,0,0,22,48,8;10,0,24,22,48,32;24,0,10,32,48,22
S|5102|0,0,10,32,48,22;8,0,8,24,48,10;8,0,22,24,48,24;10,0,0,22,48,8;10,0,24,22,48,32
S|5103|0,0,10,32,48,22;8,0,8,24,48,10;8,0,22,24,48,24;10,0,0,22,48,8;10,0,24,22,48,32
S|5104|10,0,0,22,48,32;22,0,10,32,48,22
S|5105|0,0,10,32,48,22;10,0,0,22,48,10;10,0,22,22,48,32
S|5106|0,0,10,32,48,22;10,0,0,22,48,10;10,0,22,22,48,32
S|5107|8,0,8,24,48,24;10,0,0,22,48,8;24,0,10,32,48,22
S|5108|0,0,10,32,48,22;8,0,8,24,48,10;8,0,22,24,48,24;10,0,0,22,48,8
S|5109|0,0,10,32,48,22;8,0,8,24,48,10;8,0,22,24,48,24;10,0,0,22,48,8
S|5110|10,0,0,22,48,22;22,0,10,32,48,22
S|5111|0,0,10,32,48,22;10,0,0,22,48,10
S|5112|0,0,10,32,48,22;10,0,0,22,48,10
S|5113|8,0,8,24,48,24;10,0,0,22,48,8;10,0,24,22,48,32;24,0,10,32,48,22
S|5114|0,0,10,32,48,22;8,0,8,24,48,10;8,0,22,24,48,24;10,0,0,22,48,8;10,0,24,22,48,32
S|5115|0,0,10,32,48,22;8,0,8,24,48,10;8,0,22,24,48,24;10,0,0,22,48,8;10,0,24,22,48,32
S|5116|10,0,0,22,48,32;22,0,10,32,48,22
S|5117|0,0,10,32,48,22;10,0,0,22,48,10;10,0,22,22,48,32
S|5118|0,0,10,32,48,22;10,0,0,22,48,10;10,0,22,22,48,32
S|5119|8,0,8,24,48,24;10,0,0,22,48,8;10,0,24,22,48,32;24,0,10,32,48,22
S|5120|0,0,10,32,48,22;8,0,8,24,48,10;8,0,22,24,48,24;10,0,0,22,48,8;10,0,24,22,48,32
S|5121|0,0,10,32,48,22;8,0,8,24,48,10;8,0,22,24,48,24;10,0,0,22,48,8;10,0,24,22,48,32
S|5122|10,0,0,22,48,32;22,0,10,32,48,22
S|5123|0,0,10,32,48,22;10,0,0,22,48,10;10,0,22,22,48,32
S|5124|0,0,10,32,48,22;10,0,0,22,48,10;10,0,22,22,48,32
S|5125|2,0,2,30,32,30
S|5126|8,0,8,24,16,24
S|5127|0,0,0,32,2,32
